  0
SECTION
  2
HEADER
  9
$ACADVER
  1
AC1024
  9
$ACADMAINTVER
 70
6
  9
$DWGCODEPAGE
  3
ANSI_1252
  9
$LASTSAVEDBY
  1
ezdxf
  9
$INSBASE
 10
0.0
 20
0.0
 30
0.0
  9
$EXTMIN
 10
1e+20
 20
1e+20
 30
1e+20
  9
$EXTMAX
 10
-1e+20
 20
-1e+20
 30
-1e+20
  9
$LIMMIN
 10
0.0
 20
0.0
  9
$LIMMAX
 10
420.0
 20
297.0
  9
$ORTHOMODE
 70
0
  9
$REGENMODE
 70
1
  9
$FILLMODE
 70
1
  9
$QTEXTMODE
 70
0
  9
$MIRRTEXT
 70
1
  9
$LTSCALE
 40
1.0
  9
$ATTMODE
 70
1
  9
$TEXTSIZE
 40
2.5
  9
$TRACEWID
 40
1.0
  9
$TEXTSTYLE
  7
OpenSans
  9
$CLAYER
  8
0
  9
$CELTYPE
  6
ByLayer
  9
$CECOLOR
 62
256
  9
$CELTSCALE
 40
1.0
  9
$DISPSILH
 70
0
  9
$DIMSCALE
 40
1.0
  9
$DIMASZ
 40
0.175
  9
$DIMEXO
 40
0.125
  9
$DIMDLI
 40
3.75
  9
$DIMRND
 40
0.0
  9
$DIMDLE
 40
0.0
  9
$DIMEXE
 40
0.375
  9
$DIMTP
 40
0.0
  9
$DIMTM
 40
0.0
  9
$DIMTXT
 40
0.25
  9
$DIMCEN
 40
2.5
  9
$DIMTSZ
 40
0.0
  9
$DIMTOL
 70
0
  9
$DIMLIM
 70
0
  9
$DIMTIH
 70
0
  9
$DIMTOH
 70
0
  9
$DIMSE1
 70
0
  9
$DIMSE2
 70
0
  9
$DIMTAD
 70
1
  9
$DIMZIN
 70
12
  9
$DIMBLK
  1
ARCHTICK
  9
$DIMASO
 70
1
  9
$DIMSHO
 70
1
  9
$DIMPOST
  1

  9
$DIMAPOST
  1

  9
$DIMALT
 70
0
  9
$DIMALTD
 70
3
  9
$DIMALTF
 40
0.03937007874
  9
$DIMLFAC
 40
100.0
  9
$DIMTOFL
 70
1
  9
$DIMTVP
 40
0.0
  9
$DIMTIX
 70
0
  9
$DIMSOXD
 70
0
  9
$DIMSAH
 70
0
  9
$DIMBLK1
  1

  9
$DIMBLK2
  1

  9
$DIMSTYLE
  2
EZDXF
  9
$DIMCLRD
 70
0
  9
$DIMCLRE
 70
0
  9
$DIMCLRT
 70
0
  9
$DIMTFAC
 40
0.5
  9
$DIMGAP
 40
0.1
  9
$DIMJUST
 70
0
  9
$DIMSD1
 70
0
  9
$DIMSD2
 70
0
  9
$DIMTOLJ
 70
0
  9
$DIMTZIN
 70
8
  9
$DIMALTZ
 70
0
  9
$DIMALTTZ
 70
0
  9
$DIMUPT
 70
1
  9
$DIMDEC
 70
2
  9
$DIMTDEC
 70
2
  9
$DIMALTU
 70
2
  9
$DIMALTTD
 70
3
  9
$DIMTXSTY
  7
OpenSansCondensed-Light
  9
$DIMAUNIT
 70
0
  9
$DIMADEC
 70
2
  9
$DIMALTRND
 40
0.0
  9
$DIMAZIN
 70
3
  9
$DIMDSEP
 70
46
  9
$DIMATFIT
 70
3
  9
$DIMFRAC
 70
0
  9
$DIMLDRBLK
  1

  9
$DIMLUNIT
 70
2
  9
$DIMLWD
 70
-2
  9
$DIMLWE
 70
-2
  9
$DIMTMOVE
 70
2
  9
$DIMFXL
 40
1.0
  9
$DIMFXLON
 70
0
  9
$DIMJOGANG
 40
0.785398163397
  9
$DIMTFILL
 70
0
  9
$DIMTFILLCLR
 70
0
  9
$DIMARCSYM
 70
0
  9
$DIMLTYPE
  6

  9
$DIMLTEX1
  6

  9
$DIMLTEX2
  6

  9
$DIMTXTDIRECTION
 70
0
  9
$LUNITS
 70
2
  9
$LUPREC
 70
4
  9
$SKETCHINC
 40
1.0
  9
$FILLETRAD
 40
10.0
  9
$AUNITS
 70
0
  9
$AUPREC
 70
2
  9
$MENU
  1
.
  9
$ELEVATION
 40
0.0
  9
$PELEVATION
 40
0.0
  9
$THICKNESS
 40
0.0
  9
$LIMCHECK
 70
0
  9
$CHAMFERA
 40
0.0
  9
$CHAMFERB
 40
0.0
  9
$CHAMFERC
 40
0.0
  9
$CHAMFERD
 40
0.0
  9
$SKPOLY
 70
0
  9
$TDCREATE
 40
2461311.7895833333
  9
$TDUCREATE
 40
2458532.153996898
  9
$TDUPDATE
 40
2461311.7895833333
  9
$TDUUPDATE
 40
2458532.1544311
  9
$TDINDWG
 40
0.0
  9
$TDUSRTIMER
 40
0.0
  9
$USRTIMER
 70
1
  9
$ANGBASE
 50
0.0
  9
$ANGDIR
 70
0
  9
$PDMODE
 70
0
  9
$PDSIZE
 40
0.0
  9
$PLINEWID
 40
0.0
  9
$SPLFRAME
 70
0
  9
$SPLINETYPE
 70
6
  9
$SPLINESEGS
 70
8
  9
$HANDSEED
  5
3D8
  9
$SURFTAB1
 70
6
  9
$SURFTAB2
 70
6
  9
$SURFTYPE
 70
6
  9
$SURFU
 70
6
  9
$SURFV
 70
6
  9
$UCSBASE
  2

  9
$UCSNAME
  2

  9
$UCSORG
 10
0.0
 20
0.0
 30
0.0
  9
$UCSXDIR
 10
1.0
 20
0.0
 30
0.0
  9
$UCSYDIR
 10
0.0
 20
1.0
 30
0.0
  9
$UCSORTHOREF
  2

  9
$UCSORTHOVIEW
 70
0
  9
$UCSORGTOP
 10
0.0
 20
0.0
 30
0.0
  9
$UCSORGBOTTOM
 10
0.0
 20
0.0
 30
0.0
  9
$UCSORGLEFT
 10
0.0
 20
0.0
 30
0.0
  9
$UCSORGRIGHT
 10
0.0
 20
0.0
 30
0.0
  9
$UCSORGFRONT
 10
0.0
 20
0.0
 30
0.0
  9
$UCSORGBACK
 10
0.0
 20
0.0
 30
0.0
  9
$PUCSBASE
  2

  9
$PUCSNAME
  2

  9
$PUCSORG
 10
0.0
 20
0.0
 30
0.0
  9
$PUCSXDIR
 10
1.0
 20
0.0
 30
0.0
  9
$PUCSYDIR
 10
0.0
 20
1.0
 30
0.0
  9
$PUCSORTHOREF
  2

  9
$PUCSORTHOVIEW
 70
0
  9
$PUCSORGTOP
 10
0.0
 20
0.0
 30
0.0
  9
$PUCSORGBOTTOM
 10
0.0
 20
0.0
 30
0.0
  9
$PUCSORGLEFT
 10
0.0
 20
0.0
 30
0.0
  9
$PUCSORGRIGHT
 10
0.0
 20
0.0
 30
0.0
  9
$PUCSORGFRONT
 10
0.0
 20
0.0
 30
0.0
  9
$PUCSORGBACK
 10
0.0
 20
0.0
 30
0.0
  9
$USERI1
 70
0
  9
$USERI2
 70
0
  9
$USERI3
 70
0
  9
$USERI4
 70
0
  9
$USERI5
 70
0
  9
$USERR1
 40
0.0
  9
$USERR2
 40
0.0
  9
$USERR3
 40
0.0
  9
$USERR4
 40
0.0
  9
$USERR5
 40
0.0
  9
$WORLDVIEW
 70
1
  9
$SHADEDGE
 70
3
  9
$SHADEDIF
 70
70
  9
$TILEMODE
 70
1
  9
$MAXACTVP
 70
64
  9
$PINSBASE
 10
0.0
 20
0.0
 30
0.0
  9
$PLIMCHECK
 70
0
  9
$PEXTMIN
 10
1e+20
 20
1e+20
 30
1e+20
  9
$PEXTMAX
 10
-1e+20
 20
-1e+20
 30
-1e+20
  9
$PLIMMIN
 10
0.0
 20
0.0
  9
$PLIMMAX
 10
420.0
 20
297.0
  9
$UNITMODE
 70
0
  9
$VISRETAIN
 70
1
  9
$PLINEGEN
 70
0
  9
$PSLTSCALE
 70
1
  9
$TREEDEPTH
 70
3020
  9
$CMLSTYLE
  2
Standard
  9
$CMLJUST
 70
0
  9
$CMLSCALE
 40
20.0
  9
$PROXYGRAPHICS
 70
1
  9
$MEASUREMENT
 70
1
  9
$CELWEIGHT
370
-1
  9
$ENDCAPS
280
0
  9
$JOINSTYLE
280
0
  9
$LWDISPLAY
290
0
  9
$INSUNITS
 70
4
  9
$HYPERLINKBASE
  1

  9
$STYLESHEET
  1

  9
$XEDIT
290
1
  9
$CEPSNTYPE
380
0
  9
$PSTYLEMODE
290
1
  9
$FINGERPRINTGUID
  2
{D0A8806C-E921-4BCE-90AF-AAF68E276C81}
  9
$VERSIONGUID
  2
{2A42BFFA-4D89-4FB8-BC42-6B45A3EB08F9}
  9
$EXTNAMES
290
1
  9
$PSVPSCALE
 40
0.0
  9
$OLESTARTUP
290
0
  9
$SORTENTS
280
127
  9
$INDEXCTL
280
0
  9
$HIDETEXT
280
1
  9
$XCLIPFRAME
280
1
  9
$HALOGAP
280
0
  9
$OBSCOLOR
 70
257
  9
$OBSLTYPE
280
0
  9
$INTERSECTIONDISPLAY
280
0
  9
$INTERSECTIONCOLOR
 70
257
  9
$DIMASSOC
280
2
  9
$PROJECTNAME
  1

  9
$CAMERADISPLAY
290
0
  9
$LENSLENGTH
 40
50.0
  9
$CAMERAHEIGHT
 40
0.0
  9
$STEPSPERSEC
 40
24.0
  9
$STEPSIZE
 40
100.0
  9
$3DDWFPREC
 40
2.0
  9
$PSOLWIDTH
 40
0.005
  9
$PSOLHEIGHT
 40
0.08
  9
$LOFTANG1
 40
1.570796326795
  9
$LOFTANG2
 40
1.570796326795
  9
$LOFTMAG1
 40
0.0
  9
$LOFTMAG2
 40
0.0
  9
$LOFTPARAM
 70
7
  9
$LOFTNORMALS
280
1
  9
$LATITUDE
 40
37.795
  9
$LONGITUDE
 40
-122.394
  9
$NORTHDIRECTION
 40
0.0
  9
$TIMEZONE
 70
-8000
  9
$LIGHTGLYPHDISPLAY
280
1
  9
$TILEMODELIGHTSYNCH
280
1
  9
$CMATERIAL
347
20
  9
$SOLIDHIST
280
0
  9
$SHOWHIST
280
1
  9
$DWFFRAME
280
2
  9
$DGNFRAME
280
2
  9
$REALWORLDSCALE
290
1
  9
$INTERFERECOLOR
 62
256
  9
$CSHADOW
280
0
  9
$SHADOWPLANELOCATION
 40
0.0
  0
ENDSEC
  0
SECTION
  2
CLASSES
  0
CLASS
  1
ACDBDICTIONARYWDFLT
  2
AcDbDictionaryWithDefault
  3
ObjectDBX Classes
 90
0
 91
0
280
0
281
0
  0
CLASS
  1
SUN
  2
AcDbSun
  3
SCENEOE
 90
1153
 91
0
280
0
281
0
  0
CLASS
  1
VISUALSTYLE
  2
AcDbVisualStyle
  3
ObjectDBX Classes
 90
4095
 91
0
280
0
281
0
  0
CLASS
  1
MATERIAL
  2
AcDbMaterial
  3
ObjectDBX Classes
 90
1153
 91
0
280
0
281
0
  0
CLASS
  1
SCALE
  2
AcDbScale
  3
ObjectDBX Classes
 90
1153
 91
0
280
0
281
0
  0
CLASS
  1
TABLESTYLE
  2
AcDbTableStyle
  3
ObjectDBX Classes
 90
4095
 91
0
280
0
281
0
  0
CLASS
  1
MLEADERSTYLE
  2
AcDbMLeaderStyle
  3
ACDB_MLEADERSTYLE_CLASS
 90
4095
 91
0
280
0
281
0
  0
CLASS
  1
DICTIONARYVAR
  2
AcDbDictionaryVar
  3
ObjectDBX Classes
 90
0
 91
0
280
0
281
0
  0
CLASS
  1
CELLSTYLEMAP
  2
AcDbCellStyleMap
  3
ObjectDBX Classes
 90
1152
 91
0
280
0
281
0
  0
CLASS
  1
MENTALRAYRENDERSETTINGS
  2
AcDbMentalRayRenderSettings
  3
SCENEOE
 90
1024
 91
0
280
0
281
0
  0
CLASS
  1
ACDBDETAILVIEWSTYLE
  2
AcDbDetailViewStyle
  3
ObjectDBX Classes
 90
1025
 91
0
280
0
281
0
  0
CLASS
  1
ACDBSECTIONVIEWSTYLE
  2
AcDbSectionViewStyle
  3
ObjectDBX Classes
 90
1025
 91
0
280
0
281
0
  0
CLASS
  1
RASTERVARIABLES
  2
AcDbRasterVariables
  3
ISM
 90
0
 91
0
280
0
281
0
  0
CLASS
  1
LAYOUT
  2
AcDbLayout
  3
ObjectDBX Classes
 90
0
 91
0
280
0
281
0
  0
CLASS
  1
ACDBPLACEHOLDER
  2
AcDbPlaceHolder
  3
ObjectDBX Classes
 90
0
 91
0
280
0
281
0
  0
ENDSEC
  0
SECTION
  2
TABLES
  0
TABLE
  2
VPORT
  5
8
330
0
100
AcDbSymbolTable
 70
1
  0
VPORT
  5
23
330
8
100
AcDbSymbolTableRecord
100
AcDbViewportTableRecord
  2
*Active
 70
0
 10
0.0
 20
0.0
 11
1.0
 21
1.0
 12
0.0
 22
0.0
 13
0.0
 23
0.0
 14
0.5
 24
0.5
 15
0.5
 25
0.5
 16
0.0
 26
0.0
 36
1.0
 17
0.0
 27
0.0
 37
0.0
 40
1000.0
 41
1.34
 42
50.0
 43
0.0
 44
0.0
 50
0.0
 51
0.0
 71
0
 72
1000
 73
1
 74
3
 75
0
 76
0
 77
0
 78
0
281
0
 65
0
146
0.0
  0
ENDTAB
  0
TABLE
  2
LTYPE
  5
2
330
0
100
AcDbSymbolTable
 70
21
  0
LTYPE
  5
24
330
2
100
AcDbSymbolTableRecord
100
AcDbLinetypeTableRecord
  2
ByBlock
 70
0
  3

 72
65
 73
0
 40
0.0
  0
LTYPE
  5
25
330
2
100
AcDbSymbolTableRecord
100
AcDbLinetypeTableRecord
  2
ByLayer
 70
0
  3

 72
65
 73
0
 40
0.0
  0
LTYPE
  5
26
330
2
100
AcDbSymbolTableRecord
100
AcDbLinetypeTableRecord
  2
Continuous
 70
0
  3

 72
65
 73
0
 40
0.0
  0
LTYPE
  5
2F
330
2
100
AcDbSymbolTableRecord
100
AcDbLinetypeTableRecord
  2
CENTER
 70
0
  3
Center ____ _ ____ _ ____ _ ____ _ ____ _ ____
 72
65
 73
4
 40
5.08
 49
3.175
 74
0
 49
-0.635
 74
0
 49
0.635
 74
0
 49
-0.635
 74
0
  0
LTYPE
  5
30
330
2
100
AcDbSymbolTableRecord
100
AcDbLinetypeTableRecord
  2
CENTERX2
 70
0
  3
Center (2x) ________  __  ________  __  ________
 72
65
 73
4
 40
8.89
 49
6.35
 74
0
 49
-0.635
 74
0
 49
1.27
 74
0
 49
-0.635
 74
0
  0
LTYPE
  5
31
330
2
100
AcDbSymbolTableRecord
100
AcDbLinetypeTableRecord
  2
CENTER2
 70
0
  3
Center (.5x) ____ _ ____ _ ____ _ ____ _ ____
 72
65
 73
4
 40
2.54
 49
1.587
 74
0
 49
-0.318
 74
0
 49
0.318
 74
0
 49
-0.318
 74
0
  0
LTYPE
  5
32
330
2
100
AcDbSymbolTableRecord
100
AcDbLinetypeTableRecord
  2
DASHED
 70
0
  3
Dashed __ __ __ __ __ __ __ __ __ __ __ __ __ _
 72
65
 73
2
 40
1.524
 49
1.27
 74
0
 49
-0.254
 74
0
  0
LTYPE
  5
33
330
2
100
AcDbSymbolTableRecord
100
AcDbLinetypeTableRecord
  2
DASHEDX2
 70
0
  3
Dashed (2x) ____  ____  ____  ____  ____  ____
 72
65
 73
2
 40
3.048
 49
2.54
 74
0
 49
-0.508
 74
0
  0
LTYPE
  5
34
330
2
100
AcDbSymbolTableRecord
100
AcDbLinetypeTableRecord
  2
DASHED2
 70
0
  3
Dashed (.5x) _ _ _ _ _ _ _ _ _ _ _ _ _ _
 72
65
 73
2
 40
0.762
 49
0.635
 74
0
 49
-0.127
 74
0
  0
LTYPE
  5
35
330
2
100
AcDbSymbolTableRecord
100
AcDbLinetypeTableRecord
  2
PHANTOM
 70
0
  3
Phantom ______  __  __  ______  __  __  ______
 72
65
 73
6
 40
6.35
 49
3.175
 74
0
 49
-0.635
 74
0
 49
0.635
 74
0
 49
-0.635
 74
0
 49
0.635
 74
0
 49
-0.635
 74
0
  0
LTYPE
  5
36
330
2
100
AcDbSymbolTableRecord
100
AcDbLinetypeTableRecord
  2
PHANTOMX2
 70
0
  3
Phantom (2x)____________    ____    ____    ____________
 72
65
 73
6
 40
10.795
 49
6.35
 74
0
 49
-0.635
 74
0
 49
1.27
 74
0
 49
-0.635
 74
0
 49
1.27
 74
0
 49
-0.635
 74
0
  0
LTYPE
  5
37
330
2
100
AcDbSymbolTableRecord
100
AcDbLinetypeTableRecord
  2
PHANTOM2
 70
0
  3
Phantom (.5x) ___ _ _ ___ _ _ ___ _ _ ___ _ _ ___
 72
65
 73
6
 40
3.175
 49
1.587
 74
0
 49
-0.318
 74
0
 49
0.318
 74
0
 49
-0.318
 74
0
 49
0.318
 74
0
 49
-0.318
 74
0
  0
LTYPE
  5
38
330
2
100
AcDbSymbolTableRecord
100
AcDbLinetypeTableRecord
  2
DASHDOT
 70
0
  3
Dash dot __ . __ . __ . __ . __ . __ . __ . __
 72
65
 73
4
 40
3.556
 49
2.54
 74
0
 49
-0.508
 74
0
 49
0.0
 74
0
 49
-0.508
 74
0
  0
LTYPE
  5
39
330
2
100
AcDbSymbolTableRecord
100
AcDbLinetypeTableRecord
  2
DASHDOTX2
 70
0
  3
Dash dot (2x) ____  .  ____  .  ____  .  ____
 72
65
 73
4
 40
6.096
 49
5.08
 74
0
 49
-0.508
 74
0
 49
0.0
 74
0
 49
-0.508
 74
0
  0
LTYPE
  5
3A
330
2
100
AcDbSymbolTableRecord
100
AcDbLinetypeTableRecord
  2
DASHDOT2
 70
0
  3
Dash dot (.5x) _ . _ . _ . _ . _ . _ . _ . _
 72
65
 73
4
 40
1.778
 49
1.27
 74
0
 49
-0.254
 74
0
 49
0.0
 74
0
 49
-0.254
 74
0
  0
LTYPE
  5
3B
330
2
100
AcDbSymbolTableRecord
100
AcDbLinetypeTableRecord
  2
DOT
 70
0
  3
Dot .  .  .  .  .  .  .  .  .  .  .  .  .  .  .  .
 72
65
 73
2
 40
0.508
 49
0.0
 74
0
 49
-0.508
 74
0
  0
LTYPE
  5
3C
330
2
100
AcDbSymbolTableRecord
100
AcDbLinetypeTableRecord
  2
DOTX2
 70
0
  3
Dot (2x) .    .    .    .    .    .    .    . 
 72
65
 73
2
 40
1.016
 49
0.0
 74
0
 49
-1.016
 74
0
  0
LTYPE
  5
3D
330
2
100
AcDbSymbolTableRecord
100
AcDbLinetypeTableRecord
  2
DOT2
 70
0
  3
Dot (.5) . . . . . . . . . . . . . . . . . . . 
 72
65
 73
2
 40
0.254
 49
0.0
 74
0
 49
-0.254
 74
0
  0
LTYPE
  5
3E
330
2
100
AcDbSymbolTableRecord
100
AcDbLinetypeTableRecord
  2
DIVIDE
 70
0
  3
Divide __ . . __ . . __ . . __ . . __ . . __
 72
65
 73
6
 40
4.064
 49
2.54
 74
0
 49
-0.508
 74
0
 49
0.0
 74
0
 49
-0.508
 74
0
 49
0.0
 74
0
 49
-0.508
 74
0
  0
LTYPE
  5
3F
330
2
100
AcDbSymbolTableRecord
100
AcDbLinetypeTableRecord
  2
DIVIDEX2
 70
0
  3
Divide (2x) ____  . .  ____  . .  ____  . .  ____
 72
65
 73
6
 40
6.604
 49
5.08
 74
0
 49
-0.508
 74
0
 49
0.0
 74
0
 49
-0.508
 74
0
 49
0.0
 74
0
 49
-0.508
 74
0
  0
LTYPE
  5
40
330
2
100
AcDbSymbolTableRecord
100
AcDbLinetypeTableRecord
  2
DIVIDE2
 70
0
  3
Divide(.5x) _ . _ . _ . _ . _ . _ . _ . _
 72
65
 73
6
 40
2.032
 49
1.27
 74
0
 49
-0.254
 74
0
 49
0.0
 74
0
 49
-0.254
 74
0
 49
0.0
 74
0
 49
-0.254
 74
0
  0
ENDTAB
  0
TABLE
  2
LAYER
  5
1
330
0
100
AcDbSymbolTable
 70
4
  0
LAYER
  5
27
330
1
100
AcDbSymbolTableRecord
100
AcDbLayerTableRecord
  2
0
 70
0
 62
7
  6
Continuous
370
-3
390
13
347
21
  0
LAYER
  5
28
330
1
100
AcDbSymbolTableRecord
100
AcDbLayerTableRecord
  2
Defpoints
 70
0
 62
7
  6
Continuous
290
0
370
-3
390
13
347
21
  0
LAYER
  5
8A
330
1
100
AcDbSymbolTableRecord
100
AcDbLayerTableRecord
  2
CUT
 70
0
 62
7
  6
Continuous
370
-3
390
13
347
21
  0
LAYER
  5
8B
330
1
100
AcDbSymbolTableRecord
100
AcDbLayerTableRecord
  2
ENGRAVE
 70
0
 62
7
  6
Continuous
370
-3
390
13
347
21
  0
ENDTAB
  0
TABLE
  2
STYLE
  5
5
330
0
100
AcDbSymbolTable
 70
26
  0
STYLE
  5
29
330
5
100
AcDbSymbolTableRecord
100
AcDbTextStyleTableRecord
  2
Standard
 70
0
 40
0.0
 41
1.0
 50
0.0
 71
0
 42
2.5
  3
txt
  4

  0
STYLE
  5
41
330
5
100
AcDbSymbolTableRecord
100
AcDbTextStyleTableRecord
  2
OpenSans-Light
 70
0
 40
0.0
 41
1.0
 50
0.0
 71
0
 42
2.5
  3
OpenSans-Light.ttf
  4

  0
STYLE
  5
42
330
5
100
AcDbSymbolTableRecord
100
AcDbTextStyleTableRecord
  2
OpenSans-Light-Italic
 70
0
 40
0.0
 41
1.0
 50
0.0
 71
0
 42
2.5
  3
OpenSans-LightItalic.ttf
  4

  0
STYLE
  5
43
330
5
100
AcDbSymbolTableRecord
100
AcDbTextStyleTableRecord
  2
OpenSans
 70
0
 40
0.0
 41
1.0
 50
0.0
 71
0
 42
2.5
  3
OpenSans-Regular.ttf
  4

  0
STYLE
  5
44
330
5
100
AcDbSymbolTableRecord
100
AcDbTextStyleTableRecord
  2
OpenSans-Italic
 70
0
 40
0.0
 41
1.0
 50
0.0
 71
0
 42
2.5
  3
OpenSans-Italic.ttf
  4

  0
STYLE
  5
45
330
5
100
AcDbSymbolTableRecord
100
AcDbTextStyleTableRecord
  2
OpenSans-SemiBold
 70
0
 40
0.0
 41
1.0
 50
0.0
 71
0
 42
2.5
  3
OpenSans-SemiBold.ttf
  4

  0
STYLE
  5
46
330
5
100
AcDbSymbolTableRecord
100
AcDbTextStyleTableRecord
  2
OpenSans-SemiBoldItalic
 70
0
 40
0.0
 41
1.0
 50
0.0
 71
0
 42
2.5
  3
OpenSans-SemiBoldItalic.ttf
  4

  0
STYLE
  5
47
330
5
100
AcDbSymbolTableRecord
100
AcDbTextStyleTableRecord
  2
OpenSans-Bold
 70
0
 40
0.0
 41
1.0
 50
0.0
 71
0
 42
2.5
  3
OpenSans-Bold.ttf
  4

  0
STYLE
  5
48
330
5
100
AcDbSymbolTableRecord
100
AcDbTextStyleTableRecord
  2
OpenSans-BoldItalic
 70
0
 40
0.0
 41
1.0
 50
0.0
 71
0
 42
2.5
  3
OpenSans-BoldItalic.ttf
  4

  0
STYLE
  5
49
330
5
100
AcDbSymbolTableRecord
100
AcDbTextStyleTableRecord
  2
OpenSans-ExtraBold
 70
0
 40
0.0
 41
1.0
 50
0.0
 71
0
 42
2.5
  3
OpenSans-ExtraBold.ttf
  4

  0
STYLE
  5
4A
330
5
100
AcDbSymbolTableRecord
100
AcDbTextStyleTableRecord
  2
OpenSans-ExtraBoldItalic
 70
0
 40
0.0
 41
1.0
 50
0.0
 71
0
 42
2.5
  3
OpenSans-ExtraBoldItalic.ttf
  4

  0
STYLE
  5
4B
330
5
100
AcDbSymbolTableRecord
100
AcDbTextStyleTableRecord
  2
OpenSansCondensed-Bold
 70
0
 40
0.0
 41
1.0
 50
0.0
 71
0
 42
2.5
  3
OpenSansCondensed-Bold.ttf
  4

  0
STYLE
  5
4C
330
5
100
AcDbSymbolTableRecord
100
AcDbTextStyleTableRecord
  2
OpenSansCondensed-Light
 70
0
 40
0.0
 41
1.0
 50
0.0
 71
0
 42
2.5
  3
OpenSansCondensed-Light.ttf
  4

  0
STYLE
  5
4D
330
5
100
AcDbSymbolTableRecord
100
AcDbTextStyleTableRecord
  2
OpenSansCondensed-Italic
 70
0
 40
0.0
 41
1.0
 50
0.0
 71
0
 42
2.5
  3
OpenSansCondensed-LightItalic.ttf
  4

  0
STYLE
  5
4E
330
5
100
AcDbSymbolTableRecord
100
AcDbTextStyleTableRecord
  2
LiberationSans
 70
0
 40
0.0
 41
1.0
 50
0.0
 71
0
 42
2.5
  3
LiberationSans-Regular.ttf
  4

  0
STYLE
  5
4F
330
5
100
AcDbSymbolTableRecord
100
AcDbTextStyleTableRecord
  2
LiberationSans-Bold
 70
0
 40
0.0
 41
1.0
 50
0.0
 71
0
 42
2.5
  3
LiberationSans-Bold.ttf
  4

  0
STYLE
  5
50
330
5
100
AcDbSymbolTableRecord
100
AcDbTextStyleTableRecord
  2
LiberationSans-BoldItalic
 70
0
 40
0.0
 41
1.0
 50
0.0
 71
0
 42
2.5
  3
LiberationSans-BoldItalic.ttf
  4

  0
STYLE
  5
51
330
5
100
AcDbSymbolTableRecord
100
AcDbTextStyleTableRecord
  2
LiberationSans-Italic
 70
0
 40
0.0
 41
1.0
 50
0.0
 71
0
 42
2.5
  3
LiberationSans-Italic.ttf
  4

  0
STYLE
  5
52
330
5
100
AcDbSymbolTableRecord
100
AcDbTextStyleTableRecord
  2
LiberationSerif
 70
0
 40
0.0
 41
1.0
 50
0.0
 71
0
 42
2.5
  3
LiberationSerif-Regular.ttf
  4

  0
STYLE
  5
53
330
5
100
AcDbSymbolTableRecord
100
AcDbTextStyleTableRecord
  2
LiberationSerif-Bold
 70
0
 40
0.0
 41
1.0
 50
0.0
 71
0
 42
2.5
  3
LiberationSerif-Bold.ttf
  4

  0
STYLE
  5
54
330
5
100
AcDbSymbolTableRecord
100
AcDbTextStyleTableRecord
  2
LiberationSerif-BoldItalic
 70
0
 40
0.0
 41
1.0
 50
0.0
 71
0
 42
2.5
  3
LiberationSerif-BoldItalic.ttf
  4

  0
STYLE
  5
55
330
5
100
AcDbSymbolTableRecord
100
AcDbTextStyleTableRecord
  2
LiberationSerif-Italic
 70
0
 40
0.0
 41
1.0
 50
0.0
 71
0
 42
2.5
  3
LiberationSerif-Italic.ttf
  4

  0
STYLE
  5
56
330
5
100
AcDbSymbolTableRecord
100
AcDbTextStyleTableRecord
  2
LiberationMono
 70
0
 40
0.0
 41
1.0
 50
0.0
 71
0
 42
2.5
  3
LiberationMono-Regular.ttf
  4

  0
STYLE
  5
57
330
5
100
AcDbSymbolTableRecord
100
AcDbTextStyleTableRecord
  2
LiberationMono-Bold
 70
0
 40
0.0
 41
1.0
 50
0.0
 71
0
 42
2.5
  3
LiberationMono-Bold.ttf
  4

  0
STYLE
  5
58
330
5
100
AcDbSymbolTableRecord
100
AcDbTextStyleTableRecord
  2
LiberationMono-BoldItalic
 70
0
 40
0.0
 41
1.0
 50
0.0
 71
0
 42
2.5
  3
LiberationMono-BoldItalic.ttf
  4

  0
STYLE
  5
59
330
5
100
AcDbSymbolTableRecord
100
AcDbTextStyleTableRecord
  2
LiberationMono-Italic
 70
0
 40
0.0
 41
1.0
 50
0.0
 71
0
 42
2.5
  3
LiberationMono-Italic.ttf
  4

  0
ENDTAB
  0
TABLE
  2
VIEW
  5
7
330
0
100
AcDbSymbolTable
 70
0
  0
ENDTAB
  0
TABLE
  2
UCS
  5
6
330
0
100
AcDbSymbolTable
 70
0
  0
ENDTAB
  0
TABLE
  2
APPID
  5
3
330
0
100
AcDbSymbolTable
 70
3
  0
APPID
  5
2A
330
3
100
AcDbSymbolTableRecord
100
AcDbRegAppTableRecord
  2
ACAD
 70
0
  0
APPID
  5
3D5
330
3
100
AcDbSymbolTableRecord
100
AcDbRegAppTableRecord
  2
HATCHBACKGROUNDCOLOR
 70
0
  0
APPID
  5
3D6
330
3
100
AcDbSymbolTableRecord
100
AcDbRegAppTableRecord
  2
EZDXF
 70
0
  0
ENDTAB
  0
TABLE
  2
DIMSTYLE
  5
4
330
0
100
AcDbSymbolTable
 70
12
100
AcDbDimStyleTable
  0
DIMSTYLE
105
2B
330
4
100
AcDbSymbolTableRecord
100
AcDbDimStyleTableRecord
  2
Standard
 70
0
 40
1.0
 41
2.5
 42
0.625
 43
3.75
 44
1.25
 45
0.0
 46
0.0
 47
0.0
 48
0.0
 49
2.5
140
2.5
141
2.5
142
0.0
143
0.03937007874
144
1.0
145
0.0
146
1.0
147
0.625
148
0.0
 69
0
 70
0
 71
0
 72
0
 73
0
 74
0
 75
0
 76
0
 77
1
 78
8
 79
3
170
0
171
3
172
1
173
0
174
0
175
0
176
0
177
0
178
0
179
2
271
2
272
2
273
2
274
3
275
0
276
0
277
2
278
44
279
0
280
0
281
0
282
0
283
0
284
8
285
0
286
0
288
0
289
3
290
0
371
-2
372
-2
  0
DIMSTYLE
105
73
330
4
100
AcDbSymbolTableRecord
100
AcDbDimStyleTableRecord
  2
EZDXF
 70
0
 40
1.0
 41
0.175
 42
0.125
 43
3.75
 44
0.375
 45
0.0
 46
0.0
 47
0.0
 48
0.0
 49
2.5
140
0.25
141
2.5
142
0.0
143
0.03937007874
144
100.0
145
0.0
146
0.5
147
0.1
148
0.0
 69
0
 70
0
 71
0
 72
0
 73
0
 74
0
 75
0
 76
0
 77
1
 78
12
 79
3
170
0
171
3
172
1
173
0
174
0
175
0
176
0
177
0
178
0
179
2
271
2
272
2
273
2
274
3
275
0
276
0
277
2
278
46
279
2
280
0
281
0
282
0
283
0
284
8
285
0
286
0
288
1
289
3
290
0
340
4C
342
74
371
-2
372
-2
  0
DIMSTYLE
105
7C
330
4
100
AcDbSymbolTableRecord
100
AcDbDimStyleTableRecord
  2
EZ_M_100_H25_CM
 70
0
 40
1.0
 41
0.25
 42
0.125
 43
3.75
 44
0.375
 45
0.0
 46
0.0
 47
0.0
 48
0.0
 49
2.5
140
0.25
141
2.5
142
0.125
143
0.03937007874
144
100.0
145
0.0
146
0.5
147
0.1
148
0.0
 69
0
 70
0
 71
0
 72
0
 73
0
 74
0
 75
0
 76
0
 77
1
 78
12
 79
3
170
0
171
3
172
1
173
0
174
0
175
0
176
0
177
0
178
0
179
2
271
2
272
2
273
2
274
3
275
0
276
0
277
2
278
46
279
2
280
0
281
0
282
0
283
0
284
8
285
0
286
0
288
1
289
3
290
0
340
4C
371
-2
372
-2
  0
DIMSTYLE
105
7D
330
4
100
AcDbSymbolTableRecord
100
AcDbDimStyleTableRecord
  2
EZ_M_50_H25_CM
 70
0
 40
1.0
 41
0.125
 42
0.0625
 43
3.75
 44
0.1875
 45
0.0
 46
0.0
 47
0.0
 48
0.0
 49
2.5
140
0.125
141
2.5
142
0.0625
143
0.03937007874
144
100.0
145
0.0
146
0.5
147
0.05
148
0.0
 69
0
 70
0
 71
0
 72
0
 73
0
 74
0
 75
0
 76
0
 77
1
 78
12
 79
3
170
0
171
3
172
1
173
0
174
0
175
0
176
0
177
0
178
0
179
2
271
2
272
2
273
2
274
3
275
0
276
0
277
2
278
46
279
2
280
0
281
0
282
0
283
0
284
8
285
0
286
0
288
1
289
3
290
0
340
4C
371
-2
372
-2
  0
DIMSTYLE
105
7E
330
4
100
AcDbSymbolTableRecord
100
AcDbDimStyleTableRecord
  2
EZ_M_25_H25_CM
 70
0
 40
1.0
 41
0.0625
 42
0.03125
 43
3.75
 44
0.09375
 45
0.0
 46
0.0
 47
0.0
 48
0.0
 49
2.5
140
0.0625
141
2.5
142
0.03125
143
0.03937007874
144
100.0
145
0.0
146
0.5
147
0.025
148
0.0
 69
0
 70
0
 71
0
 72
0
 73
0
 74
0
 75
0
 76
0
 77
1
 78
12
 79
3
170
0
171
3
172
1
173
0
174
0
175
0
176
0
177
0
178
0
179
2
271
2
272
2
273
2
274
3
275
0
276
0
277
2
278
46
279
2
280
0
281
0
282
0
283
0
284
8
285
0
286
0
288
1
289
3
290
0
340
4C
371
-2
372
-2
  0
DIMSTYLE
105
7F
330
4
100
AcDbSymbolTableRecord
100
AcDbDimStyleTableRecord
  2
EZ_M_20_H25_CM
 70
0
 40
1.0
 41
0.05
 42
0.025
 43
3.75
 44
0.07500000000000001
 45
0.0
 46
0.0
 47
0.0
 48
0.0
 49
2.5
140
0.05
141
2.5
142
0.025
143
0.03937007874
144
100.0
145
0.0
146
0.5
147
0.020000000000000004
148
0.0
 69
0
 70
0
 71
0
 72
0
 73
0
 74
0
 75
0
 76
0
 77
1
 78
12
 79
3
170
0
171
3
172
1
173
0
174
0
175
0
176
0
177
0
178
0
179
2
271
2
272
2
273
2
274
3
275
0
276
0
277
2
278
46
279
2
280
0
281
0
282
0
283
0
284
8
285
0
286
0
288
1
289
3
290
0
340
4C
371
-2
372
-2
  0
DIMSTYLE
105
80
330
4
100
AcDbSymbolTableRecord
100
AcDbDimStyleTableRecord
  2
EZ_M_10_H25_CM
 70
0
 40
1.0
 41
0.025
 42
0.0125
 43
3.75
 44
0.037500000000000006
 45
0.0
 46
0.0
 47
0.0
 48
0.0
 49
2.5
140
0.025
141
2.5
142
0.0125
143
0.03937007874
144
100.0
145
0.0
146
0.5
147
0.010000000000000002
148
0.0
 69
0
 70
0
 71
0
 72
0
 73
0
 74
0
 75
0
 76
0
 77
1
 78
12
 79
3
170
0
171
3
172
1
173
0
174
0
175
0
176
0
177
0
178
0
179
2
271
2
272
2
273
2
274
3
275
0
276
0
277
2
278
46
279
2
280
0
281
0
282
0
283
0
284
8
285
0
286
0
288
1
289
3
290
0
340
4C
371
-2
372
-2
  0
DIMSTYLE
105
81
330
4
100
AcDbSymbolTableRecord
100
AcDbDimStyleTableRecord
  2
EZ_M_5_H25_CM
 70
0
 40
1.0
 41
0.0125
 42
0.00625
 43
3.75
 44
0.018750000000000003
 45
0.0
 46
0.0
 47
0.0
 48
0.0
 49
2.5
140
0.0125
141
2.5
142
0.00625
143
0.03937007874
144
100.0
145
0.0
146
0.5
147
0.005000000000000001
148
0.0
 69
0
 70
0
 71
0
 72
0
 73
0
 74
0
 75
0
 76
0
 77
1
 78
12
 79
3
170
0
171
3
172
1
173
0
174
0
175
0
176
0
177
0
178
0
179
2
271
2
272
2
273
2
274
3
275
0
276
0
277
2
278
46
279
2
280
0
281
0
282
0
283
0
284
8
285
0
286
0
288
1
289
3
290
0
340
4C
371
-2
372
-2
  0
DIMSTYLE
105
82
330
4
100
AcDbSymbolTableRecord
100
AcDbDimStyleTableRecord
  2
EZ_M_1_H25_CM
 70
0
 40
1.0
 41
0.0025
 42
0.00125
 43
3.75
 44
0.00375
 45
0.0
 46
0.0
 47
0.0
 48
0.0
 49
2.5
140
0.0025
141
2.5
142
0.00125
143
0.03937007874
144
100.0
145
0.0
146
0.5
147
0.001
148
0.0
 69
0
 70
0
 71
0
 72
0
 73
0
 74
0
 75
0
 76
0
 77
1
 78
12
 79
3
170
0
171
3
172
1
173
0
174
0
175
0
176
0
177
0
178
0
179
2
271
2
272
2
273
2
274
3
275
0
276
0
277
2
278
46
279
2
280
0
281
0
282
0
283
0
284
8
285
0
286
0
288
1
289
3
290
0
340
4C
371
-2
372
-2
  0
DIMSTYLE
105
83
330
4
100
AcDbSymbolTableRecord
100
AcDbDimStyleTableRecord
  2
EZ_RADIUS
 70
0
 40
1.0
 41
0.25
 42
0.125
 43
3.75
 44
0.375
 45
0.0
 46
0.0
 47
0.0
 48
0.0
 49
2.5
140
0.25
141
0.0
142
0.0
143
0.03937007874
144
100.0
145
0.0
146
0.5
147
0.1
148
0.0
 69
0
 70
0
 71
0
 72
0
 73
0
 74
0
 75
0
 76
0
 77
1
 78
12
 79
3
170
0
171
3
172
0
173
0
174
0
175
0
176
0
177
0
178
0
179
2
271
2
272
2
273
2
274
3
275
0
276
0
277
2
278
46
279
1
280
0
281
0
282
0
283
0
284
8
285
0
286
0
288
1
289
3
290
0
340
4C
342
84
371
-2
372
-2
  0
DIMSTYLE
105
88
330
4
100
AcDbSymbolTableRecord
100
AcDbDimStyleTableRecord
  2
EZ_RADIUS_INSIDE
 70
0
 40
1.0
 41
0.25
 42
0.125
 43
3.75
 44
0.375
 45
0.0
 46
0.0
 47
0.0
 48
0.0
 49
2.5
140
0.25
141
0.0
142
0.0
143
0.03937007874
144
100.0
145
0.0
146
0.5
147
0.1
148
0.0
 69
0
 70
0
 71
0
 72
0
 73
0
 74
0
 75
0
 76
0
 77
0
 78
12
 79
3
170
0
171
3
172
0
173
0
174
1
175
0
176
0
177
0
178
0
179
2
271
2
272
2
273
2
274
3
275
0
276
0
277
2
278
46
279
0
280
0
281
0
282
0
283
0
284
8
285
0
286
0
288
1
289
0
290
0
340
4C
342
84
371
-2
372
-2
  0
DIMSTYLE
105
89
330
4
100
AcDbSymbolTableRecord
100
AcDbDimStyleTableRecord
  2
EZ_CURVED
 70
0
 40
1.0
 41
0.25
 42
0.125
 43
3.75
 44
0.375
 45
0.0
 46
0.0
 47
0.0
 48
0.0
 49
2.5
140
0.25
141
2.5
142
0.0
143
0.03937007874
144
100.0
145
0.0
146
0.5
147
0.1
148
0.0
 69
0
 70
0
 71
0
 72
0
 73
0
 74
0
 75
0
 76
0
 77
1
 78
12
 79
2
 90
2
170
0
171
3
172
1
173
0
174
0
175
0
176
0
177
0
178
0
179
2
271
2
272
2
273
2
274
3
275
0
276
0
277
2
278
46
279
2
280
0
281
0
282
0
283
0
284
8
285
0
286
0
288
1
289
3
290
0
340
4C
371
-2
372
-2
  0
ENDTAB
  0
TABLE
  2
BLOCK_RECORD
  5
9
330
0
100
AcDbSymbolTable
 70
5
  0
BLOCK_RECORD
  5
17
330
9
100
AcDbSymbolTableRecord
100
AcDbBlockTableRecord
  2
*Model_Space
340
1A
 70
0
280
1
281
0
  0
BLOCK_RECORD
  5
1B
330
9
100
AcDbSymbolTableRecord
100
AcDbBlockTableRecord
  2
*Paper_Space
340
1E
 70
0
280
1
281
0
  0
BLOCK_RECORD
  5
74
330
9
100
AcDbSymbolTableRecord
100
AcDbBlockTableRecord
  2
_ARCHTICK
340
0
 70
0
280
1
281
0
  0
BLOCK_RECORD
  5
78
330
9
100
AcDbSymbolTableRecord
100
AcDbBlockTableRecord
  2
_CLOSEDFILLED
340
0
 70
0
280
1
281
0
  0
BLOCK_RECORD
  5
84
330
9
100
AcDbSymbolTableRecord
100
AcDbBlockTableRecord
  2
_CLOSEDBLANK
340
0
 70
0
280
1
281
0
  0
ENDTAB
  0
ENDSEC
  0
SECTION
  2
BLOCKS
  0
BLOCK
  5
18
330
17
100
AcDbEntity
  8
0
100
AcDbBlockBegin
  2
*Model_Space
 70
0
 10
0.0
 20
0.0
 30
0.0
  3
*Model_Space
  1

  0
ENDBLK
  5
19
330
17
100
AcDbEntity
  8
0
100
AcDbBlockEnd
  0
BLOCK
  5
1C
330
1B
100
AcDbEntity
  8
0
100
AcDbBlockBegin
  2
*Paper_Space
 70
0
 10
0.0
 20
0.0
 30
0.0
  3
*Paper_Space
  1

  0
ENDBLK
  5
1D
330
1B
100
AcDbEntity
  8
0
100
AcDbBlockEnd
  0
BLOCK
  5
75
330
74
100
AcDbEntity
  8
0
100
AcDbBlockBegin
  2
_ARCHTICK
 70
0
 10
0.0
 20
0.0
 30
0.0
  3
_ARCHTICK
  1

  0
LWPOLYLINE
  5
77
330
74
100
AcDbEntity
  8
0
  6
BYBLOCK
 62
0
100
AcDbPolyline
 90
2
 70
0
 43
0.15
 10
-0.5
 20
-0.5
 10
0.5
 20
0.5
  0
ENDBLK
  5
76
330
74
100
AcDbEntity
  8
0
100
AcDbBlockEnd
  0
BLOCK
  5
79
330
78
100
AcDbEntity
  8
0
100
AcDbBlockBegin
  2
_CLOSEDFILLED
 70
0
 10
0.0
 20
0.0
 30
0.0
  3
_CLOSEDFILLED
  1

  0
SOLID
  5
7B
330
78
100
AcDbEntity
  8
0
  6
BYBLOCK
 62
0
100
AcDbTrace
 10
-1.0
 20
0.16439898372402537
 30
0.0
 11
0.0
 21
0.0
 31
0.0
 12
-1.0
 22
-0.16439898372402537
 32
0.0
 13
-1.0
 23
-0.16439898372402537
 33
0.0
  0
ENDBLK
  5
7A
330
78
100
AcDbEntity
  8
0
100
AcDbBlockEnd
  0
BLOCK
  5
85
330
84
100
AcDbEntity
  8
0
100
AcDbBlockBegin
  2
_CLOSEDBLANK
 70
0
 10
0.0
 20
0.0
 30
0.0
  3
_CLOSEDBLANK
  1

  0
LWPOLYLINE
  5
87
330
84
100
AcDbEntity
  8
0
  6
BYBLOCK
 62
0
100
AcDbPolyline
 90
3
 70
1
 10
-1.0
 20
0.16439898372402537
 10
0.0
 20
0.0
 10
-1.0
 20
-0.16439898372402537
  0
ENDBLK
  5
86
330
84
100
AcDbEntity
  8
0
100
AcDbBlockEnd
  0
ENDSEC
  0
SECTION
  2
ENTITIES
  0
LINE
  5
8C
330
17
100
AcDbEntity
  8
CUT
100
AcDbLine
 10
6.0
 20
0.0
 30
0.0
 11
40.0
 21
0.0
 31
0.0
  0
LINE
  5
8D
330
17
100
AcDbEntity
  8
CUT
100
AcDbLine
 10
40.0
 20
0.0
 30
0.0
 11
40.0
 21
-1.5
 31
0.0
  0
ARC
  5
8E
330
17
100
AcDbEntity
  8
CUT
100
AcDbCircle
 10
41.5
 20
-1.5
 30
0.0
 40
1.5
100
AcDbArc
 50
180.0
 51
270.0
  0
LINE
  5
8F
330
17
100
AcDbEntity
  8
CUT
100
AcDbLine
 10
41.5
 20
-3.0
 30
0.0
 11
68.5
 21
-3.0
 31
0.0
  0
ARC
  5
90
330
17
100
AcDbEntity
  8
CUT
100
AcDbCircle
 10
68.5
 20
-1.5
 30
0.0
 40
1.5
100
AcDbArc
 50
270.0
 51
360.0
  0
LINE
  5
91
330
17
100
AcDbEntity
  8
CUT
100
AcDbLine
 10
70.0
 20
-1.5
 30
0.0
 11
70.0
 21
0.0
 31
0.0
  0
LINE
  5
92
330
17
100
AcDbEntity
  8
CUT
100
AcDbLine
 10
70.0
 20
0.0
 30
0.0
 11
264.6
 21
0.0
 31
0.0
  0
LINE
  5
93
330
17
100
AcDbEntity
  8
CUT
100
AcDbLine
 10
264.6
 20
0.0
 30
0.0
 11
264.6
 21
-1.5
 31
0.0
  0
ARC
  5
94
330
17
100
AcDbEntity
  8
CUT
100
AcDbCircle
 10
266.1
 20
-1.5
 30
0.0
 40
1.5
100
AcDbArc
 50
180.0
 51
270.0
  0
LINE
  5
95
330
17
100
AcDbEntity
  8
CUT
100
AcDbLine
 10
266.1
 20
-3.0
 30
0.0
 11
293.1
 21
-3.0
 31
0.0
  0
ARC
  5
96
330
17
100
AcDbEntity
  8
CUT
100
AcDbCircle
 10
293.1
 20
-1.5
 30
0.0
 40
1.5
100
AcDbArc
 50
270.0
 51
360.0
  0
LINE
  5
97
330
17
100
AcDbEntity
  8
CUT
100
AcDbLine
 10
294.6
 20
-1.5
 30
0.0
 11
294.6
 21
0.0
 31
0.0
  0
LINE
  5
98
330
17
100
AcDbEntity
  8
CUT
100
AcDbLine
 10
294.6
 20
0.0
 30
0.0
 11
328.6
 21
0.0
 31
0.0
  0
ARC
  5
99
330
17
100
AcDbEntity
  8
CUT
100
AcDbCircle
 10
328.6
 20
6.0
 30
0.0
 40
6.0
100
AcDbArc
 50
-90.0
 51
0.0
  0
LINE
  5
9A
330
17
100
AcDbEntity
  8
CUT
100
AcDbLine
 10
334.6
 20
6.0
 30
0.0
 11
334.6
 21
168.8
 31
0.0
  0
ARC
  5
9B
330
17
100
AcDbEntity
  8
CUT
100
AcDbCircle
 10
328.6
 20
168.8
 30
0.0
 40
6.0
100
AcDbArc
 50
0.0
 51
90.0
  0
LINE
  5
9C
330
17
100
AcDbEntity
  8
CUT
100
AcDbLine
 10
328.6
 20
174.8
 30
0.0
 11
6.0
 21
174.8
 31
0.0
  0
ARC
  5
9D
330
17
100
AcDbEntity
  8
CUT
100
AcDbCircle
 10
6.0
 20
168.8
 30
0.0
 40
6.0
100
AcDbArc
 50
90.0
 51
180.0
  0
LINE
  5
9E
330
17
100
AcDbEntity
  8
CUT
100
AcDbLine
 10
0.0
 20
168.8
 30
0.0
 11
0.0
 21
6.0
 31
0.0
  0
ARC
  5
9F
330
17
100
AcDbEntity
  8
CUT
100
AcDbCircle
 10
6.0
 20
6.0
 30
0.0
 40
6.0
100
AcDbArc
 50
180.0
 51
270.0
  0
LINE
  5
A0
330
17
100
AcDbEntity
  8
CUT
100
AcDbLine
 10
34.25
 20
4.15
 30
0.0
 11
43.75
 21
4.15
 31
0.0
  0
LINE
  5
A1
330
17
100
AcDbEntity
  8
CUT
100
AcDbLine
 10
43.75
 20
4.15
 30
0.0
 11
43.75
 21
7.8500000000000005
 31
0.0
  0
LINE
  5
A2
330
17
100
AcDbEntity
  8
CUT
100
AcDbLine
 10
43.75
 20
7.8500000000000005
 30
0.0
 11
34.25
 21
7.8500000000000005
 31
0.0
  0
LINE
  5
A3
330
17
100
AcDbEntity
  8
CUT
100
AcDbLine
 10
34.25
 20
7.8500000000000005
 30
0.0
 11
34.25
 21
4.15
 31
0.0
  0
LINE
  5
A4
330
17
100
AcDbEntity
  8
CUT
100
AcDbLine
 10
119.78333333333335
 20
4.15
 30
0.0
 11
129.28333333333336
 21
4.15
 31
0.0
  0
LINE
  5
A5
330
17
100
AcDbEntity
  8
CUT
100
AcDbLine
 10
129.28333333333336
 20
4.15
 30
0.0
 11
129.28333333333336
 21
7.8500000000000005
 31
0.0
  0
LINE
  5
A6
330
17
100
AcDbEntity
  8
CUT
100
AcDbLine
 10
129.28333333333336
 20
7.8500000000000005
 30
0.0
 11
119.78333333333335
 21
7.8500000000000005
 31
0.0
  0
LINE
  5
A7
330
17
100
AcDbEntity
  8
CUT
100
AcDbLine
 10
119.78333333333335
 20
7.8500000000000005
 30
0.0
 11
119.78333333333335
 21
4.15
 31
0.0
  0
LINE
  5
A8
330
17
100
AcDbEntity
  8
CUT
100
AcDbLine
 10
205.3166666666667
 20
4.15
 30
0.0
 11
214.8166666666667
 21
4.15
 31
0.0
  0
LINE
  5
A9
330
17
100
AcDbEntity
  8
CUT
100
AcDbLine
 10
214.8166666666667
 20
4.15
 30
0.0
 11
214.8166666666667
 21
7.8500000000000005
 31
0.0
  0
LINE
  5
AA
330
17
100
AcDbEntity
  8
CUT
100
AcDbLine
 10
214.8166666666667
 20
7.8500000000000005
 30
0.0
 11
205.3166666666667
 21
7.8500000000000005
 31
0.0
  0
LINE
  5
AB
330
17
100
AcDbEntity
  8
CUT
100
AcDbLine
 10
205.3166666666667
 20
7.8500000000000005
 30
0.0
 11
205.3166666666667
 21
4.15
 31
0.0
  0
LINE
  5
AC
330
17
100
AcDbEntity
  8
CUT
100
AcDbLine
 10
290.85
 20
4.15
 30
0.0
 11
300.35
 21
4.15
 31
0.0
  0
LINE
  5
AD
330
17
100
AcDbEntity
  8
CUT
100
AcDbLine
 10
300.35
 20
4.15
 30
0.0
 11
300.35
 21
7.8500000000000005
 31
0.0
  0
LINE
  5
AE
330
17
100
AcDbEntity
  8
CUT
100
AcDbLine
 10
300.35
 20
7.8500000000000005
 30
0.0
 11
290.85
 21
7.8500000000000005
 31
0.0
  0
LINE
  5
AF
330
17
100
AcDbEntity
  8
CUT
100
AcDbLine
 10
290.85
 20
7.8500000000000005
 30
0.0
 11
290.85
 21
4.15
 31
0.0
  0
LINE
  5
B0
330
17
100
AcDbEntity
  8
CUT
100
AcDbLine
 10
34.25
 20
166.95000000000002
 30
0.0
 11
43.75
 21
166.95000000000002
 31
0.0
  0
LINE
  5
B1
330
17
100
AcDbEntity
  8
CUT
100
AcDbLine
 10
43.75
 20
166.95000000000002
 30
0.0
 11
43.75
 21
170.65
 31
0.0
  0
LINE
  5
B2
330
17
100
AcDbEntity
  8
CUT
100
AcDbLine
 10
43.75
 20
170.65
 30
0.0
 11
34.25
 21
170.65
 31
0.0
  0
LINE
  5
B3
330
17
100
AcDbEntity
  8
CUT
100
AcDbLine
 10
34.25
 20
170.65
 30
0.0
 11
34.25
 21
166.95000000000002
 31
0.0
  0
LINE
  5
B4
330
17
100
AcDbEntity
  8
CUT
100
AcDbLine
 10
119.78333333333335
 20
166.95000000000002
 30
0.0
 11
129.28333333333336
 21
166.95000000000002
 31
0.0
  0
LINE
  5
B5
330
17
100
AcDbEntity
  8
CUT
100
AcDbLine
 10
129.28333333333336
 20
166.95000000000002
 30
0.0
 11
129.28333333333336
 21
170.65
 31
0.0
  0
LINE
  5
B6
330
17
100
AcDbEntity
  8
CUT
100
AcDbLine
 10
129.28333333333336
 20
170.65
 30
0.0
 11
119.78333333333335
 21
170.65
 31
0.0
  0
LINE
  5
B7
330
17
100
AcDbEntity
  8
CUT
100
AcDbLine
 10
119.78333333333335
 20
170.65
 30
0.0
 11
119.78333333333335
 21
166.95000000000002
 31
0.0
  0
LINE
  5
B8
330
17
100
AcDbEntity
  8
CUT
100
AcDbLine
 10
205.3166666666667
 20
166.95000000000002
 30
0.0
 11
214.8166666666667
 21
166.95000000000002
 31
0.0
  0
LINE
  5
B9
330
17
100
AcDbEntity
  8
CUT
100
AcDbLine
 10
214.8166666666667
 20
166.95000000000002
 30
0.0
 11
214.8166666666667
 21
170.65
 31
0.0
  0
LINE
  5
BA
330
17
100
AcDbEntity
  8
CUT
100
AcDbLine
 10
214.8166666666667
 20
170.65
 30
0.0
 11
205.3166666666667
 21
170.65
 31
0.0
  0
LINE
  5
BB
330
17
100
AcDbEntity
  8
CUT
100
AcDbLine
 10
205.3166666666667
 20
170.65
 30
0.0
 11
205.3166666666667
 21
166.95000000000002
 31
0.0
  0
LINE
  5
BC
330
17
100
AcDbEntity
  8
CUT
100
AcDbLine
 10
290.85
 20
166.95000000000002
 30
0.0
 11
300.35
 21
166.95000000000002
 31
0.0
  0
LINE
  5
BD
330
17
100
AcDbEntity
  8
CUT
100
AcDbLine
 10
300.35
 20
166.95000000000002
 30
0.0
 11
300.35
 21
170.65
 31
0.0
  0
LINE
  5
BE
330
17
100
AcDbEntity
  8
CUT
100
AcDbLine
 10
300.35
 20
170.65
 30
0.0
 11
290.85
 21
170.65
 31
0.0
  0
LINE
  5
BF
330
17
100
AcDbEntity
  8
CUT
100
AcDbLine
 10
290.85
 20
170.65
 30
0.0
 11
290.85
 21
166.95000000000002
 31
0.0
  0
LINE
  5
C0
330
17
100
AcDbEntity
  8
CUT
100
AcDbLine
 10
4.15
 20
38.25
 30
0.0
 11
7.8500000000000005
 21
38.25
 31
0.0
  0
LINE
  5
C1
330
17
100
AcDbEntity
  8
CUT
100
AcDbLine
 10
7.8500000000000005
 20
38.25
 30
0.0
 11
7.8500000000000005
 21
47.75
 31
0.0
  0
LINE
  5
C2
330
17
100
AcDbEntity
  8
CUT
100
AcDbLine
 10
7.8500000000000005
 20
47.75
 30
0.0
 11
4.15
 21
47.75
 31
0.0
  0
LINE
  5
C3
330
17
100
AcDbEntity
  8
CUT
100
AcDbLine
 10
4.15
 20
47.75
 30
0.0
 11
4.15
 21
38.25
 31
0.0
  0
LINE
  5
C4
330
17
100
AcDbEntity
  8
CUT
100
AcDbLine
 10
4.15
 20
127.05000000000001
 30
0.0
 11
7.8500000000000005
 21
127.05000000000001
 31
0.0
  0
LINE
  5
C5
330
17
100
AcDbEntity
  8
CUT
100
AcDbLine
 10
7.8500000000000005
 20
127.05000000000001
 30
0.0
 11
7.8500000000000005
 21
136.55
 31
0.0
  0
LINE
  5
C6
330
17
100
AcDbEntity
  8
CUT
100
AcDbLine
 10
7.8500000000000005
 20
136.55
 30
0.0
 11
4.15
 21
136.55
 31
0.0
  0
LINE
  5
C7
330
17
100
AcDbEntity
  8
CUT
100
AcDbLine
 10
4.15
 20
136.55
 30
0.0
 11
4.15
 21
127.05000000000001
 31
0.0
  0
LINE
  5
C8
330
17
100
AcDbEntity
  8
CUT
100
AcDbLine
 10
326.75
 20
38.25
 30
0.0
 11
330.45
 21
38.25
 31
0.0
  0
LINE
  5
C9
330
17
100
AcDbEntity
  8
CUT
100
AcDbLine
 10
330.45
 20
38.25
 30
0.0
 11
330.45
 21
47.75
 31
0.0
  0
LINE
  5
CA
330
17
100
AcDbEntity
  8
CUT
100
AcDbLine
 10
330.45
 20
47.75
 30
0.0
 11
326.75
 21
47.75
 31
0.0
  0
LINE
  5
CB
330
17
100
AcDbEntity
  8
CUT
100
AcDbLine
 10
326.75
 20
47.75
 30
0.0
 11
326.75
 21
38.25
 31
0.0
  0
LINE
  5
CC
330
17
100
AcDbEntity
  8
CUT
100
AcDbLine
 10
326.75
 20
127.05000000000001
 30
0.0
 11
330.45
 21
127.05000000000001
 31
0.0
  0
LINE
  5
CD
330
17
100
AcDbEntity
  8
CUT
100
AcDbLine
 10
330.45
 20
127.05000000000001
 30
0.0
 11
330.45
 21
136.55
 31
0.0
  0
LINE
  5
CE
330
17
100
AcDbEntity
  8
CUT
100
AcDbLine
 10
330.45
 20
136.55
 30
0.0
 11
326.75
 21
136.55
 31
0.0
  0
LINE
  5
CF
330
17
100
AcDbEntity
  8
CUT
100
AcDbLine
 10
326.75
 20
136.55
 30
0.0
 11
326.75
 21
127.05000000000001
 31
0.0
  0
LINE
  5
D0
330
17
100
AcDbEntity
  8
CUT
100
AcDbLine
 10
11.0
 20
35.2
 30
0.0
 11
267.6
 21
35.2
 31
0.0
  0
LINE
  5
D1
330
17
100
AcDbEntity
  8
CUT
100
AcDbLine
 10
267.6
 20
35.2
 30
0.0
 11
267.6
 21
163.8
 31
0.0
  0
LINE
  5
D2
330
17
100
AcDbEntity
  8
CUT
100
AcDbLine
 10
267.6
 20
163.8
 30
0.0
 11
11.0
 21
163.8
 31
0.0
  0
LINE
  5
D3
330
17
100
AcDbEntity
  8
CUT
100
AcDbLine
 10
11.0
 20
163.8
 30
0.0
 11
11.0
 21
35.2
 31
0.0
  0
CIRCLE
  5
D4
330
17
100
AcDbEntity
  8
CUT
100
AcDbCircle
 10
276.6
 20
77.5
 30
0.0
 40
1.75
  0
CIRCLE
  5
D5
330
17
100
AcDbEntity
  8
CUT
100
AcDbCircle
 10
276.6
 20
121.5
 30
0.0
 40
1.75
  0
CIRCLE
  5
D6
330
17
100
AcDbEntity
  8
CUT
100
AcDbCircle
 10
320.6
 20
77.5
 30
0.0
 40
1.75
  0
CIRCLE
  5
D7
330
17
100
AcDbEntity
  8
CUT
100
AcDbCircle
 10
320.6
 20
121.5
 30
0.0
 40
1.75
  0
CIRCLE
  5
D8
330
17
100
AcDbEntity
  8
CUT
100
AcDbCircle
 10
298.6
 20
20.6
 30
0.0
 40
3.7
  0
CIRCLE
  5
D9
330
17
100
AcDbEntity
  8
CUT
100
AcDbCircle
 10
279.40000000000003
 20
89.9
 30
0.0
 40
1.0
  0
CIRCLE
  5
DA
330
17
100
AcDbEntity
  8
CUT
100
AcDbCircle
 10
279.40000000000003
 20
93.1
 30
0.0
 40
1.0
  0
CIRCLE
  5
DB
330
17
100
AcDbEntity
  8
CUT
100
AcDbCircle
 10
279.40000000000003
 20
96.3
 30
0.0
 40
1.0
  0
CIRCLE
  5
DC
330
17
100
AcDbEntity
  8
CUT
100
AcDbCircle
 10
279.40000000000003
 20
99.5
 30
0.0
 40
1.0
  0
CIRCLE
  5
DD
330
17
100
AcDbEntity
  8
CUT
100
AcDbCircle
 10
279.40000000000003
 20
102.7
 30
0.0
 40
1.0
  0
CIRCLE
  5
DE
330
17
100
AcDbEntity
  8
CUT
100
AcDbCircle
 10
279.40000000000003
 20
105.9
 30
0.0
 40
1.0
  0
CIRCLE
  5
DF
330
17
100
AcDbEntity
  8
CUT
100
AcDbCircle
 10
279.40000000000003
 20
109.1
 30
0.0
 40
1.0
  0
CIRCLE
  5
E0
330
17
100
AcDbEntity
  8
CUT
100
AcDbCircle
 10
282.6
 20
86.7
 30
0.0
 40
1.0
  0
CIRCLE
  5
E1
330
17
100
AcDbEntity
  8
CUT
100
AcDbCircle
 10
282.6
 20
89.9
 30
0.0
 40
1.0
  0
CIRCLE
  5
E2
330
17
100
AcDbEntity
  8
CUT
100
AcDbCircle
 10
282.6
 20
93.1
 30
0.0
 40
1.0
  0
CIRCLE
  5
E3
330
17
100
AcDbEntity
  8
CUT
100
AcDbCircle
 10
282.6
 20
96.3
 30
0.0
 40
1.0
  0
CIRCLE
  5
E4
330
17
100
AcDbEntity
  8
CUT
100
AcDbCircle
 10
282.6
 20
99.5
 30
0.0
 40
1.0
  0
CIRCLE
  5
E5
330
17
100
AcDbEntity
  8
CUT
100
AcDbCircle
 10
282.6
 20
102.7
 30
0.0
 40
1.0
  0
CIRCLE
  5
E6
330
17
100
AcDbEntity
  8
CUT
100
AcDbCircle
 10
282.6
 20
105.9
 30
0.0
 40
1.0
  0
CIRCLE
  5
E7
330
17
100
AcDbEntity
  8
CUT
100
AcDbCircle
 10
282.6
 20
109.1
 30
0.0
 40
1.0
  0
CIRCLE
  5
E8
330
17
100
AcDbEntity
  8
CUT
100
AcDbCircle
 10
282.6
 20
112.3
 30
0.0
 40
1.0
  0
CIRCLE
  5
E9
330
17
100
AcDbEntity
  8
CUT
100
AcDbCircle
 10
285.8
 20
83.5
 30
0.0
 40
1.0
  0
CIRCLE
  5
EA
330
17
100
AcDbEntity
  8
CUT
100
AcDbCircle
 10
285.8
 20
86.7
 30
0.0
 40
1.0
  0
CIRCLE
  5
EB
330
17
100
AcDbEntity
  8
CUT
100
AcDbCircle
 10
285.8
 20
89.9
 30
0.0
 40
1.0
  0
CIRCLE
  5
EC
330
17
100
AcDbEntity
  8
CUT
100
AcDbCircle
 10
285.8
 20
93.1
 30
0.0
 40
1.0
  0
CIRCLE
  5
ED
330
17
100
AcDbEntity
  8
CUT
100
AcDbCircle
 10
285.8
 20
96.3
 30
0.0
 40
1.0
  0
CIRCLE
  5
EE
330
17
100
AcDbEntity
  8
CUT
100
AcDbCircle
 10
285.8
 20
99.5
 30
0.0
 40
1.0
  0
CIRCLE
  5
EF
330
17
100
AcDbEntity
  8
CUT
100
AcDbCircle
 10
285.8
 20
102.7
 30
0.0
 40
1.0
  0
CIRCLE
  5
F0
330
17
100
AcDbEntity
  8
CUT
100
AcDbCircle
 10
285.8
 20
105.9
 30
0.0
 40
1.0
  0
CIRCLE
  5
F1
330
17
100
AcDbEntity
  8
CUT
100
AcDbCircle
 10
285.8
 20
109.1
 30
0.0
 40
1.0
  0
CIRCLE
  5
F2
330
17
100
AcDbEntity
  8
CUT
100
AcDbCircle
 10
285.8
 20
112.3
 30
0.0
 40
1.0
  0
CIRCLE
  5
F3
330
17
100
AcDbEntity
  8
CUT
100
AcDbCircle
 10
285.8
 20
115.5
 30
0.0
 40
1.0
  0
CIRCLE
  5
F4
330
17
100
AcDbEntity
  8
CUT
100
AcDbCircle
 10
289.0
 20
80.3
 30
0.0
 40
1.0
  0
CIRCLE
  5
F5
330
17
100
AcDbEntity
  8
CUT
100
AcDbCircle
 10
289.0
 20
83.5
 30
0.0
 40
1.0
  0
CIRCLE
  5
F6
330
17
100
AcDbEntity
  8
CUT
100
AcDbCircle
 10
289.0
 20
86.7
 30
0.0
 40
1.0
  0
CIRCLE
  5
F7
330
17
100
AcDbEntity
  8
CUT
100
AcDbCircle
 10
289.0
 20
89.9
 30
0.0
 40
1.0
  0
CIRCLE
  5
F8
330
17
100
AcDbEntity
  8
CUT
100
AcDbCircle
 10
289.0
 20
93.1
 30
0.0
 40
1.0
  0
CIRCLE
  5
F9
330
17
100
AcDbEntity
  8
CUT
100
AcDbCircle
 10
289.0
 20
96.3
 30
0.0
 40
1.0
  0
CIRCLE
  5
FA
330
17
100
AcDbEntity
  8
CUT
100
AcDbCircle
 10
289.0
 20
99.5
 30
0.0
 40
1.0
  0
CIRCLE
  5
FB
330
17
100
AcDbEntity
  8
CUT
100
AcDbCircle
 10
289.0
 20
102.7
 30
0.0
 40
1.0
  0
CIRCLE
  5
FC
330
17
100
AcDbEntity
  8
CUT
100
AcDbCircle
 10
289.0
 20
105.9
 30
0.0
 40
1.0
  0
CIRCLE
  5
FD
330
17
100
AcDbEntity
  8
CUT
100
AcDbCircle
 10
289.0
 20
109.1
 30
0.0
 40
1.0
  0
CIRCLE
  5
FE
330
17
100
AcDbEntity
  8
CUT
100
AcDbCircle
 10
289.0
 20
112.3
 30
0.0
 40
1.0
  0
CIRCLE
  5
FF
330
17
100
AcDbEntity
  8
CUT
100
AcDbCircle
 10
289.0
 20
115.5
 30
0.0
 40
1.0
  0
CIRCLE
  5
100
330
17
100
AcDbEntity
  8
CUT
100
AcDbCircle
 10
289.0
 20
118.7
 30
0.0
 40
1.0
  0
CIRCLE
  5
101
330
17
100
AcDbEntity
  8
CUT
100
AcDbCircle
 10
292.20000000000005
 20
80.3
 30
0.0
 40
1.0
  0
CIRCLE
  5
102
330
17
100
AcDbEntity
  8
CUT
100
AcDbCircle
 10
292.20000000000005
 20
83.5
 30
0.0
 40
1.0
  0
CIRCLE
  5
103
330
17
100
AcDbEntity
  8
CUT
100
AcDbCircle
 10
292.20000000000005
 20
86.7
 30
0.0
 40
1.0
  0
CIRCLE
  5
104
330
17
100
AcDbEntity
  8
CUT
100
AcDbCircle
 10
292.20000000000005
 20
89.9
 30
0.0
 40
1.0
  0
CIRCLE
  5
105
330
17
100
AcDbEntity
  8
CUT
100
AcDbCircle
 10
292.20000000000005
 20
93.1
 30
0.0
 40
1.0
  0
CIRCLE
  5
106
330
17
100
AcDbEntity
  8
CUT
100
AcDbCircle
 10
292.20000000000005
 20
96.3
 30
0.0
 40
1.0
  0
CIRCLE
  5
107
330
17
100
AcDbEntity
  8
CUT
100
AcDbCircle
 10
292.20000000000005
 20
99.5
 30
0.0
 40
1.0
  0
CIRCLE
  5
108
330
17
100
AcDbEntity
  8
CUT
100
AcDbCircle
 10
292.20000000000005
 20
102.7
 30
0.0
 40
1.0
  0
CIRCLE
  5
109
330
17
100
AcDbEntity
  8
CUT
100
AcDbCircle
 10
292.20000000000005
 20
105.9
 30
0.0
 40
1.0
  0
CIRCLE
  5
10A
330
17
100
AcDbEntity
  8
CUT
100
AcDbCircle
 10
292.20000000000005
 20
109.1
 30
0.0
 40
1.0
  0
CIRCLE
  5
10B
330
17
100
AcDbEntity
  8
CUT
100
AcDbCircle
 10
292.20000000000005
 20
112.3
 30
0.0
 40
1.0
  0
CIRCLE
  5
10C
330
17
100
AcDbEntity
  8
CUT
100
AcDbCircle
 10
292.20000000000005
 20
115.5
 30
0.0
 40
1.0
  0
CIRCLE
  5
10D
330
17
100
AcDbEntity
  8
CUT
100
AcDbCircle
 10
292.20000000000005
 20
118.7
 30
0.0
 40
1.0
  0
CIRCLE
  5
10E
330
17
100
AcDbEntity
  8
CUT
100
AcDbCircle
 10
295.40000000000003
 20
80.3
 30
0.0
 40
1.0
  0
CIRCLE
  5
10F
330
17
100
AcDbEntity
  8
CUT
100
AcDbCircle
 10
295.40000000000003
 20
83.5
 30
0.0
 40
1.0
  0
CIRCLE
  5
110
330
17
100
AcDbEntity
  8
CUT
100
AcDbCircle
 10
295.40000000000003
 20
86.7
 30
0.0
 40
1.0
  0
CIRCLE
  5
111
330
17
100
AcDbEntity
  8
CUT
100
AcDbCircle
 10
295.40000000000003
 20
89.9
 30
0.0
 40
1.0
  0
CIRCLE
  5
112
330
17
100
AcDbEntity
  8
CUT
100
AcDbCircle
 10
295.40000000000003
 20
93.1
 30
0.0
 40
1.0
  0
CIRCLE
  5
113
330
17
100
AcDbEntity
  8
CUT
100
AcDbCircle
 10
295.40000000000003
 20
96.3
 30
0.0
 40
1.0
  0
CIRCLE
  5
114
330
17
100
AcDbEntity
  8
CUT
100
AcDbCircle
 10
295.40000000000003
 20
99.5
 30
0.0
 40
1.0
  0
CIRCLE
  5
115
330
17
100
AcDbEntity
  8
CUT
100
AcDbCircle
 10
295.40000000000003
 20
102.7
 30
0.0
 40
1.0
  0
CIRCLE
  5
116
330
17
100
AcDbEntity
  8
CUT
100
AcDbCircle
 10
295.40000000000003
 20
105.9
 30
0.0
 40
1.0
  0
CIRCLE
  5
117
330
17
100
AcDbEntity
  8
CUT
100
AcDbCircle
 10
295.40000000000003
 20
109.1
 30
0.0
 40
1.0
  0
CIRCLE
  5
118
330
17
100
AcDbEntity
  8
CUT
100
AcDbCircle
 10
295.40000000000003
 20
112.3
 30
0.0
 40
1.0
  0
CIRCLE
  5
119
330
17
100
AcDbEntity
  8
CUT
100
AcDbCircle
 10
295.40000000000003
 20
115.5
 30
0.0
 40
1.0
  0
CIRCLE
  5
11A
330
17
100
AcDbEntity
  8
CUT
100
AcDbCircle
 10
295.40000000000003
 20
118.7
 30
0.0
 40
1.0
  0
CIRCLE
  5
11B
330
17
100
AcDbEntity
  8
CUT
100
AcDbCircle
 10
298.6
 20
80.3
 30
0.0
 40
1.0
  0
CIRCLE
  5
11C
330
17
100
AcDbEntity
  8
CUT
100
AcDbCircle
 10
298.6
 20
83.5
 30
0.0
 40
1.0
  0
CIRCLE
  5
11D
330
17
100
AcDbEntity
  8
CUT
100
AcDbCircle
 10
298.6
 20
86.7
 30
0.0
 40
1.0
  0
CIRCLE
  5
11E
330
17
100
AcDbEntity
  8
CUT
100
AcDbCircle
 10
298.6
 20
89.9
 30
0.0
 40
1.0
  0
CIRCLE
  5
11F
330
17
100
AcDbEntity
  8
CUT
100
AcDbCircle
 10
298.6
 20
93.1
 30
0.0
 40
1.0
  0
CIRCLE
  5
120
330
17
100
AcDbEntity
  8
CUT
100
AcDbCircle
 10
298.6
 20
96.3
 30
0.0
 40
1.0
  0
CIRCLE
  5
121
330
17
100
AcDbEntity
  8
CUT
100
AcDbCircle
 10
298.6
 20
99.5
 30
0.0
 40
1.0
  0
CIRCLE
  5
122
330
17
100
AcDbEntity
  8
CUT
100
AcDbCircle
 10
298.6
 20
102.7
 30
0.0
 40
1.0
  0
CIRCLE
  5
123
330
17
100
AcDbEntity
  8
CUT
100
AcDbCircle
 10
298.6
 20
105.9
 30
0.0
 40
1.0
  0
CIRCLE
  5
124
330
17
100
AcDbEntity
  8
CUT
100
AcDbCircle
 10
298.6
 20
109.1
 30
0.0
 40
1.0
  0
CIRCLE
  5
125
330
17
100
AcDbEntity
  8
CUT
100
AcDbCircle
 10
298.6
 20
112.3
 30
0.0
 40
1.0
  0
CIRCLE
  5
126
330
17
100
AcDbEntity
  8
CUT
100
AcDbCircle
 10
298.6
 20
115.5
 30
0.0
 40
1.0
  0
CIRCLE
  5
127
330
17
100
AcDbEntity
  8
CUT
100
AcDbCircle
 10
298.6
 20
118.7
 30
0.0
 40
1.0
  0
CIRCLE
  5
128
330
17
100
AcDbEntity
  8
CUT
100
AcDbCircle
 10
301.8
 20
80.3
 30
0.0
 40
1.0
  0
CIRCLE
  5
129
330
17
100
AcDbEntity
  8
CUT
100
AcDbCircle
 10
301.8
 20
83.5
 30
0.0
 40
1.0
  0
CIRCLE
  5
12A
330
17
100
AcDbEntity
  8
CUT
100
AcDbCircle
 10
301.8
 20
86.7
 30
0.0
 40
1.0
  0
CIRCLE
  5
12B
330
17
100
AcDbEntity
  8
CUT
100
AcDbCircle
 10
301.8
 20
89.9
 30
0.0
 40
1.0
  0
CIRCLE
  5
12C
330
17
100
AcDbEntity
  8
CUT
100
AcDbCircle
 10
301.8
 20
93.1
 30
0.0
 40
1.0
  0
CIRCLE
  5
12D
330
17
100
AcDbEntity
  8
CUT
100
AcDbCircle
 10
301.8
 20
96.3
 30
0.0
 40
1.0
  0
CIRCLE
  5
12E
330
17
100
AcDbEntity
  8
CUT
100
AcDbCircle
 10
301.8
 20
99.5
 30
0.0
 40
1.0
  0
CIRCLE
  5
12F
330
17
100
AcDbEntity
  8
CUT
100
AcDbCircle
 10
301.8
 20
102.7
 30
0.0
 40
1.0
  0
CIRCLE
  5
130
330
17
100
AcDbEntity
  8
CUT
100
AcDbCircle
 10
301.8
 20
105.9
 30
0.0
 40
1.0
  0
CIRCLE
  5
131
330
17
100
AcDbEntity
  8
CUT
100
AcDbCircle
 10
301.8
 20
109.1
 30
0.0
 40
1.0
  0
CIRCLE
  5
132
330
17
100
AcDbEntity
  8
CUT
100
AcDbCircle
 10
301.8
 20
112.3
 30
0.0
 40
1.0
  0
CIRCLE
  5
133
330
17
100
AcDbEntity
  8
CUT
100
AcDbCircle
 10
301.8
 20
115.5
 30
0.0
 40
1.0
  0
CIRCLE
  5
134
330
17
100
AcDbEntity
  8
CUT
100
AcDbCircle
 10
301.8
 20
118.7
 30
0.0
 40
1.0
  0
CIRCLE
  5
135
330
17
100
AcDbEntity
  8
CUT
100
AcDbCircle
 10
305.0
 20
80.3
 30
0.0
 40
1.0
  0
CIRCLE
  5
136
330
17
100
AcDbEntity
  8
CUT
100
AcDbCircle
 10
305.0
 20
83.5
 30
0.0
 40
1.0
  0
CIRCLE
  5
137
330
17
100
AcDbEntity
  8
CUT
100
AcDbCircle
 10
305.0
 20
86.7
 30
0.0
 40
1.0
  0
CIRCLE
  5
138
330
17
100
AcDbEntity
  8
CUT
100
AcDbCircle
 10
305.0
 20
89.9
 30
0.0
 40
1.0
  0
CIRCLE
  5
139
330
17
100
AcDbEntity
  8
CUT
100
AcDbCircle
 10
305.0
 20
93.1
 30
0.0
 40
1.0
  0
CIRCLE
  5
13A
330
17
100
AcDbEntity
  8
CUT
100
AcDbCircle
 10
305.0
 20
96.3
 30
0.0
 40
1.0
  0
CIRCLE
  5
13B
330
17
100
AcDbEntity
  8
CUT
100
AcDbCircle
 10
305.0
 20
99.5
 30
0.0
 40
1.0
  0
CIRCLE
  5
13C
330
17
100
AcDbEntity
  8
CUT
100
AcDbCircle
 10
305.0
 20
102.7
 30
0.0
 40
1.0
  0
CIRCLE
  5
13D
330
17
100
AcDbEntity
  8
CUT
100
AcDbCircle
 10
305.0
 20
105.9
 30
0.0
 40
1.0
  0
CIRCLE
  5
13E
330
17
100
AcDbEntity
  8
CUT
100
AcDbCircle
 10
305.0
 20
109.1
 30
0.0
 40
1.0
  0
CIRCLE
  5
13F
330
17
100
AcDbEntity
  8
CUT
100
AcDbCircle
 10
305.0
 20
112.3
 30
0.0
 40
1.0
  0
CIRCLE
  5
140
330
17
100
AcDbEntity
  8
CUT
100
AcDbCircle
 10
305.0
 20
115.5
 30
0.0
 40
1.0
  0
CIRCLE
  5
141
330
17
100
AcDbEntity
  8
CUT
100
AcDbCircle
 10
305.0
 20
118.7
 30
0.0
 40
1.0
  0
CIRCLE
  5
142
330
17
100
AcDbEntity
  8
CUT
100
AcDbCircle
 10
308.20000000000005
 20
80.3
 30
0.0
 40
1.0
  0
CIRCLE
  5
143
330
17
100
AcDbEntity
  8
CUT
100
AcDbCircle
 10
308.20000000000005
 20
83.5
 30
0.0
 40
1.0
  0
CIRCLE
  5
144
330
17
100
AcDbEntity
  8
CUT
100
AcDbCircle
 10
308.20000000000005
 20
86.7
 30
0.0
 40
1.0
  0
CIRCLE
  5
145
330
17
100
AcDbEntity
  8
CUT
100
AcDbCircle
 10
308.20000000000005
 20
89.9
 30
0.0
 40
1.0
  0
CIRCLE
  5
146
330
17
100
AcDbEntity
  8
CUT
100
AcDbCircle
 10
308.20000000000005
 20
93.1
 30
0.0
 40
1.0
  0
CIRCLE
  5
147
330
17
100
AcDbEntity
  8
CUT
100
AcDbCircle
 10
308.20000000000005
 20
96.3
 30
0.0
 40
1.0
  0
CIRCLE
  5
148
330
17
100
AcDbEntity
  8
CUT
100
AcDbCircle
 10
308.20000000000005
 20
99.5
 30
0.0
 40
1.0
  0
CIRCLE
  5
149
330
17
100
AcDbEntity
  8
CUT
100
AcDbCircle
 10
308.20000000000005
 20
102.7
 30
0.0
 40
1.0
  0
CIRCLE
  5
14A
330
17
100
AcDbEntity
  8
CUT
100
AcDbCircle
 10
308.20000000000005
 20
105.9
 30
0.0
 40
1.0
  0
CIRCLE
  5
14B
330
17
100
AcDbEntity
  8
CUT
100
AcDbCircle
 10
308.20000000000005
 20
109.1
 30
0.0
 40
1.0
  0
CIRCLE
  5
14C
330
17
100
AcDbEntity
  8
CUT
100
AcDbCircle
 10
308.20000000000005
 20
112.3
 30
0.0
 40
1.0
  0
CIRCLE
  5
14D
330
17
100
AcDbEntity
  8
CUT
100
AcDbCircle
 10
308.20000000000005
 20
115.5
 30
0.0
 40
1.0
  0
CIRCLE
  5
14E
330
17
100
AcDbEntity
  8
CUT
100
AcDbCircle
 10
308.20000000000005
 20
118.7
 30
0.0
 40
1.0
  0
CIRCLE
  5
14F
330
17
100
AcDbEntity
  8
CUT
100
AcDbCircle
 10
311.40000000000003
 20
83.5
 30
0.0
 40
1.0
  0
CIRCLE
  5
150
330
17
100
AcDbEntity
  8
CUT
100
AcDbCircle
 10
311.40000000000003
 20
86.7
 30
0.0
 40
1.0
  0
CIRCLE
  5
151
330
17
100
AcDbEntity
  8
CUT
100
AcDbCircle
 10
311.40000000000003
 20
89.9
 30
0.0
 40
1.0
  0
CIRCLE
  5
152
330
17
100
AcDbEntity
  8
CUT
100
AcDbCircle
 10
311.40000000000003
 20
93.1
 30
0.0
 40
1.0
  0
CIRCLE
  5
153
330
17
100
AcDbEntity
  8
CUT
100
AcDbCircle
 10
311.40000000000003
 20
96.3
 30
0.0
 40
1.0
  0
CIRCLE
  5
154
330
17
100
AcDbEntity
  8
CUT
100
AcDbCircle
 10
311.40000000000003
 20
99.5
 30
0.0
 40
1.0
  0
CIRCLE
  5
155
330
17
100
AcDbEntity
  8
CUT
100
AcDbCircle
 10
311.40000000000003
 20
102.7
 30
0.0
 40
1.0
  0
CIRCLE
  5
156
330
17
100
AcDbEntity
  8
CUT
100
AcDbCircle
 10
311.40000000000003
 20
105.9
 30
0.0
 40
1.0
  0
CIRCLE
  5
157
330
17
100
AcDbEntity
  8
CUT
100
AcDbCircle
 10
311.40000000000003
 20
109.1
 30
0.0
 40
1.0
  0
CIRCLE
  5
158
330
17
100
AcDbEntity
  8
CUT
100
AcDbCircle
 10
311.40000000000003
 20
112.3
 30
0.0
 40
1.0
  0
CIRCLE
  5
159
330
17
100
AcDbEntity
  8
CUT
100
AcDbCircle
 10
311.40000000000003
 20
115.5
 30
0.0
 40
1.0
  0
CIRCLE
  5
15A
330
17
100
AcDbEntity
  8
CUT
100
AcDbCircle
 10
314.6
 20
86.7
 30
0.0
 40
1.0
  0
CIRCLE
  5
15B
330
17
100
AcDbEntity
  8
CUT
100
AcDbCircle
 10
314.6
 20
89.9
 30
0.0
 40
1.0
  0
CIRCLE
  5
15C
330
17
100
AcDbEntity
  8
CUT
100
AcDbCircle
 10
314.6
 20
93.1
 30
0.0
 40
1.0
  0
CIRCLE
  5
15D
330
17
100
AcDbEntity
  8
CUT
100
AcDbCircle
 10
314.6
 20
96.3
 30
0.0
 40
1.0
  0
CIRCLE
  5
15E
330
17
100
AcDbEntity
  8
CUT
100
AcDbCircle
 10
314.6
 20
99.5
 30
0.0
 40
1.0
  0
CIRCLE
  5
15F
330
17
100
AcDbEntity
  8
CUT
100
AcDbCircle
 10
314.6
 20
102.7
 30
0.0
 40
1.0
  0
CIRCLE
  5
160
330
17
100
AcDbEntity
  8
CUT
100
AcDbCircle
 10
314.6
 20
105.9
 30
0.0
 40
1.0
  0
CIRCLE
  5
161
330
17
100
AcDbEntity
  8
CUT
100
AcDbCircle
 10
314.6
 20
109.1
 30
0.0
 40
1.0
  0
CIRCLE
  5
162
330
17
100
AcDbEntity
  8
CUT
100
AcDbCircle
 10
314.6
 20
112.3
 30
0.0
 40
1.0
  0
CIRCLE
  5
163
330
17
100
AcDbEntity
  8
CUT
100
AcDbCircle
 10
317.8
 20
89.9
 30
0.0
 40
1.0
  0
CIRCLE
  5
164
330
17
100
AcDbEntity
  8
CUT
100
AcDbCircle
 10
317.8
 20
93.1
 30
0.0
 40
1.0
  0
CIRCLE
  5
165
330
17
100
AcDbEntity
  8
CUT
100
AcDbCircle
 10
317.8
 20
96.3
 30
0.0
 40
1.0
  0
CIRCLE
  5
166
330
17
100
AcDbEntity
  8
CUT
100
AcDbCircle
 10
317.8
 20
99.5
 30
0.0
 40
1.0
  0
CIRCLE
  5
167
330
17
100
AcDbEntity
  8
CUT
100
AcDbCircle
 10
317.8
 20
102.7
 30
0.0
 40
1.0
  0
CIRCLE
  5
168
330
17
100
AcDbEntity
  8
CUT
100
AcDbCircle
 10
317.8
 20
105.9
 30
0.0
 40
1.0
  0
CIRCLE
  5
169
330
17
100
AcDbEntity
  8
CUT
100
AcDbCircle
 10
317.8
 20
109.1
 30
0.0
 40
1.0
  0
CIRCLE
  5
16A
330
17
100
AcDbEntity
  8
CUT
100
AcDbCircle
 10
11.300000000000011
 20
28.6
 30
0.0
 40
1.0
  0
CIRCLE
  5
16B
330
17
100
AcDbEntity
  8
CUT
100
AcDbCircle
 10
20.900000000000013
 20
28.6
 30
0.0
 40
1.0
  0
CIRCLE
  5
16C
330
17
100
AcDbEntity
  8
CUT
100
AcDbCircle
 10
11.300000000000011
 20
25.400000000000002
 30
0.0
 40
1.0
  0
CIRCLE
  5
16D
330
17
100
AcDbEntity
  8
CUT
100
AcDbCircle
 10
14.50000000000001
 20
25.400000000000002
 30
0.0
 40
1.0
  0
CIRCLE
  5
16E
330
17
100
AcDbEntity
  8
CUT
100
AcDbCircle
 10
20.900000000000013
 20
25.400000000000002
 30
0.0
 40
1.0
  0
CIRCLE
  5
16F
330
17
100
AcDbEntity
  8
CUT
100
AcDbCircle
 10
11.300000000000011
 20
22.200000000000003
 30
0.0
 40
1.0
  0
CIRCLE
  5
170
330
17
100
AcDbEntity
  8
CUT
100
AcDbCircle
 10
14.50000000000001
 20
22.200000000000003
 30
0.0
 40
1.0
  0
CIRCLE
  5
171
330
17
100
AcDbEntity
  8
CUT
100
AcDbCircle
 10
20.900000000000013
 20
22.200000000000003
 30
0.0
 40
1.0
  0
CIRCLE
  5
172
330
17
100
AcDbEntity
  8
CUT
100
AcDbCircle
 10
11.300000000000011
 20
19.0
 30
0.0
 40
1.0
  0
CIRCLE
  5
173
330
17
100
AcDbEntity
  8
CUT
100
AcDbCircle
 10
17.70000000000001
 20
19.0
 30
0.0
 40
1.0
  0
CIRCLE
  5
174
330
17
100
AcDbEntity
  8
CUT
100
AcDbCircle
 10
20.900000000000013
 20
19.0
 30
0.0
 40
1.0
  0
CIRCLE
  5
175
330
17
100
AcDbEntity
  8
CUT
100
AcDbCircle
 10
11.300000000000011
 20
15.8
 30
0.0
 40
1.0
  0
CIRCLE
  5
176
330
17
100
AcDbEntity
  8
CUT
100
AcDbCircle
 10
17.70000000000001
 20
15.8
 30
0.0
 40
1.0
  0
CIRCLE
  5
177
330
17
100
AcDbEntity
  8
CUT
100
AcDbCircle
 10
20.900000000000013
 20
15.8
 30
0.0
 40
1.0
  0
CIRCLE
  5
178
330
17
100
AcDbEntity
  8
CUT
100
AcDbCircle
 10
11.300000000000011
 20
12.600000000000001
 30
0.0
 40
1.0
  0
CIRCLE
  5
179
330
17
100
AcDbEntity
  8
CUT
100
AcDbCircle
 10
20.900000000000013
 20
12.600000000000001
 30
0.0
 40
1.0
  0
CIRCLE
  5
17A
330
17
100
AcDbEntity
  8
CUT
100
AcDbCircle
 10
30.500000000000014
 20
28.6
 30
0.0
 40
1.0
  0
CIRCLE
  5
17B
330
17
100
AcDbEntity
  8
CUT
100
AcDbCircle
 10
27.30000000000001
 20
22.200000000000003
 30
0.0
 40
1.0
  0
CIRCLE
  5
17C
330
17
100
AcDbEntity
  8
CUT
100
AcDbCircle
 10
30.500000000000014
 20
22.200000000000003
 30
0.0
 40
1.0
  0
CIRCLE
  5
17D
330
17
100
AcDbEntity
  8
CUT
100
AcDbCircle
 10
30.500000000000014
 20
19.0
 30
0.0
 40
1.0
  0
CIRCLE
  5
17E
330
17
100
AcDbEntity
  8
CUT
100
AcDbCircle
 10
30.500000000000014
 20
15.8
 30
0.0
 40
1.0
  0
CIRCLE
  5
17F
330
17
100
AcDbEntity
  8
CUT
100
AcDbCircle
 10
27.30000000000001
 20
12.600000000000001
 30
0.0
 40
1.0
  0
CIRCLE
  5
180
330
17
100
AcDbEntity
  8
CUT
100
AcDbCircle
 10
30.500000000000014
 20
12.600000000000001
 30
0.0
 40
1.0
  0
CIRCLE
  5
181
330
17
100
AcDbEntity
  8
CUT
100
AcDbCircle
 10
33.70000000000002
 20
12.600000000000001
 30
0.0
 40
1.0
  0
CIRCLE
  5
182
330
17
100
AcDbEntity
  8
CUT
100
AcDbCircle
 10
46.500000000000014
 20
22.200000000000003
 30
0.0
 40
1.0
  0
CIRCLE
  5
183
330
17
100
AcDbEntity
  8
CUT
100
AcDbCircle
 10
49.70000000000002
 20
22.200000000000003
 30
0.0
 40
1.0
  0
CIRCLE
  5
184
330
17
100
AcDbEntity
  8
CUT
100
AcDbCircle
 10
52.90000000000001
 20
22.200000000000003
 30
0.0
 40
1.0
  0
CIRCLE
  5
185
330
17
100
AcDbEntity
  8
CUT
100
AcDbCircle
 10
43.30000000000001
 20
19.0
 30
0.0
 40
1.0
  0
CIRCLE
  5
186
330
17
100
AcDbEntity
  8
CUT
100
AcDbCircle
 10
43.30000000000001
 20
15.8
 30
0.0
 40
1.0
  0
CIRCLE
  5
187
330
17
100
AcDbEntity
  8
CUT
100
AcDbCircle
 10
46.500000000000014
 20
12.600000000000001
 30
0.0
 40
1.0
  0
CIRCLE
  5
188
330
17
100
AcDbEntity
  8
CUT
100
AcDbCircle
 10
49.70000000000002
 20
12.600000000000001
 30
0.0
 40
1.0
  0
CIRCLE
  5
189
330
17
100
AcDbEntity
  8
CUT
100
AcDbCircle
 10
52.90000000000001
 20
12.600000000000001
 30
0.0
 40
1.0
  0
CIRCLE
  5
18A
330
17
100
AcDbEntity
  8
CUT
100
AcDbCircle
 10
59.30000000000001
 20
28.6
 30
0.0
 40
1.0
  0
CIRCLE
  5
18B
330
17
100
AcDbEntity
  8
CUT
100
AcDbCircle
 10
59.30000000000001
 20
25.400000000000002
 30
0.0
 40
1.0
  0
CIRCLE
  5
18C
330
17
100
AcDbEntity
  8
CUT
100
AcDbCircle
 10
68.9
 20
25.400000000000002
 30
0.0
 40
1.0
  0
CIRCLE
  5
18D
330
17
100
AcDbEntity
  8
CUT
100
AcDbCircle
 10
59.30000000000001
 20
22.200000000000003
 30
0.0
 40
1.0
  0
CIRCLE
  5
18E
330
17
100
AcDbEntity
  8
CUT
100
AcDbCircle
 10
65.70000000000002
 20
22.200000000000003
 30
0.0
 40
1.0
  0
CIRCLE
  5
18F
330
17
100
AcDbEntity
  8
CUT
100
AcDbCircle
 10
59.30000000000001
 20
19.0
 30
0.0
 40
1.0
  0
CIRCLE
  5
190
330
17
100
AcDbEntity
  8
CUT
100
AcDbCircle
 10
62.500000000000014
 20
19.0
 30
0.0
 40
1.0
  0
CIRCLE
  5
191
330
17
100
AcDbEntity
  8
CUT
100
AcDbCircle
 10
59.30000000000001
 20
15.8
 30
0.0
 40
1.0
  0
CIRCLE
  5
192
330
17
100
AcDbEntity
  8
CUT
100
AcDbCircle
 10
65.70000000000002
 20
15.8
 30
0.0
 40
1.0
  0
CIRCLE
  5
193
330
17
100
AcDbEntity
  8
CUT
100
AcDbCircle
 10
59.30000000000001
 20
12.600000000000001
 30
0.0
 40
1.0
  0
CIRCLE
  5
194
330
17
100
AcDbEntity
  8
CUT
100
AcDbCircle
 10
68.9
 20
12.600000000000001
 30
0.0
 40
1.0
  0
CIRCLE
  5
195
330
17
100
AcDbEntity
  8
CUT
100
AcDbCircle
 10
78.50000000000001
 20
22.200000000000003
 30
0.0
 40
1.0
  0
CIRCLE
  5
196
330
17
100
AcDbEntity
  8
CUT
100
AcDbCircle
 10
81.70000000000002
 20
22.200000000000003
 30
0.0
 40
1.0
  0
CIRCLE
  5
197
330
17
100
AcDbEntity
  8
CUT
100
AcDbCircle
 10
75.30000000000001
 20
19.0
 30
0.0
 40
1.0
  0
CIRCLE
  5
198
330
17
100
AcDbEntity
  8
CUT
100
AcDbCircle
 10
84.90000000000002
 20
19.0
 30
0.0
 40
1.0
  0
CIRCLE
  5
199
330
17
100
AcDbEntity
  8
CUT
100
AcDbCircle
 10
75.30000000000001
 20
15.8
 30
0.0
 40
1.0
  0
CIRCLE
  5
19A
330
17
100
AcDbEntity
  8
CUT
100
AcDbCircle
 10
84.90000000000002
 20
15.8
 30
0.0
 40
1.0
  0
CIRCLE
  5
19B
330
17
100
AcDbEntity
  8
CUT
100
AcDbCircle
 10
78.50000000000001
 20
12.600000000000001
 30
0.0
 40
1.0
  0
CIRCLE
  5
19C
330
17
100
AcDbEntity
  8
CUT
100
AcDbCircle
 10
81.70000000000002
 20
12.600000000000001
 30
0.0
 40
1.0
  0
CIRCLE
  5
19D
330
17
100
AcDbEntity
  8
CUT
100
AcDbCircle
 10
94.50000000000001
 20
28.6
 30
0.0
 40
1.0
  0
CIRCLE
  5
19E
330
17
100
AcDbEntity
  8
CUT
100
AcDbCircle
 10
97.70000000000002
 20
28.6
 30
0.0
 40
1.0
  0
CIRCLE
  5
19F
330
17
100
AcDbEntity
  8
CUT
100
AcDbCircle
 10
100.90000000000002
 20
28.6
 30
0.0
 40
1.0
  0
CIRCLE
  5
1A0
330
17
100
AcDbEntity
  8
CUT
100
AcDbCircle
 10
91.30000000000001
 20
25.400000000000002
 30
0.0
 40
1.0
  0
CIRCLE
  5
1A1
330
17
100
AcDbEntity
  8
CUT
100
AcDbCircle
 10
94.50000000000001
 20
22.200000000000003
 30
0.0
 40
1.0
  0
CIRCLE
  5
1A2
330
17
100
AcDbEntity
  8
CUT
100
AcDbCircle
 10
97.70000000000002
 20
22.200000000000003
 30
0.0
 40
1.0
  0
CIRCLE
  5
1A3
330
17
100
AcDbEntity
  8
CUT
100
AcDbCircle
 10
100.90000000000002
 20
19.0
 30
0.0
 40
1.0
  0
CIRCLE
  5
1A4
330
17
100
AcDbEntity
  8
CUT
100
AcDbCircle
 10
100.90000000000002
 20
15.8
 30
0.0
 40
1.0
  0
CIRCLE
  5
1A5
330
17
100
AcDbEntity
  8
CUT
100
AcDbCircle
 10
91.30000000000001
 20
12.600000000000001
 30
0.0
 40
1.0
  0
CIRCLE
  5
1A6
330
17
100
AcDbEntity
  8
CUT
100
AcDbCircle
 10
94.50000000000001
 20
12.600000000000001
 30
0.0
 40
1.0
  0
CIRCLE
  5
1A7
330
17
100
AcDbEntity
  8
CUT
100
AcDbCircle
 10
97.70000000000002
 20
12.600000000000001
 30
0.0
 40
1.0
  0
CIRCLE
  5
1A8
330
17
100
AcDbEntity
  8
CUT
100
AcDbCircle
 10
110.50000000000001
 20
22.200000000000003
 30
0.0
 40
1.0
  0
CIRCLE
  5
1A9
330
17
100
AcDbEntity
  8
CUT
100
AcDbCircle
 10
113.70000000000002
 20
22.200000000000003
 30
0.0
 40
1.0
  0
CIRCLE
  5
1AA
330
17
100
AcDbEntity
  8
CUT
100
AcDbCircle
 10
116.90000000000002
 20
22.200000000000003
 30
0.0
 40
1.0
  0
CIRCLE
  5
1AB
330
17
100
AcDbEntity
  8
CUT
100
AcDbCircle
 10
107.30000000000001
 20
19.0
 30
0.0
 40
1.0
  0
CIRCLE
  5
1AC
330
17
100
AcDbEntity
  8
CUT
100
AcDbCircle
 10
107.30000000000001
 20
15.8
 30
0.0
 40
1.0
  0
CIRCLE
  5
1AD
330
17
100
AcDbEntity
  8
CUT
100
AcDbCircle
 10
110.50000000000001
 20
12.600000000000001
 30
0.0
 40
1.0
  0
CIRCLE
  5
1AE
330
17
100
AcDbEntity
  8
CUT
100
AcDbCircle
 10
113.70000000000002
 20
12.600000000000001
 30
0.0
 40
1.0
  0
CIRCLE
  5
1AF
330
17
100
AcDbEntity
  8
CUT
100
AcDbCircle
 10
116.90000000000002
 20
12.600000000000001
 30
0.0
 40
1.0
  0
CIRCLE
  5
1B0
330
17
100
AcDbEntity
  8
CUT
100
AcDbCircle
 10
126.50000000000001
 20
22.200000000000003
 30
0.0
 40
1.0
  0
CIRCLE
  5
1B1
330
17
100
AcDbEntity
  8
CUT
100
AcDbCircle
 10
129.70000000000002
 20
22.200000000000003
 30
0.0
 40
1.0
  0
CIRCLE
  5
1B2
330
17
100
AcDbEntity
  8
CUT
100
AcDbCircle
 10
123.30000000000001
 20
19.0
 30
0.0
 40
1.0
  0
CIRCLE
  5
1B3
330
17
100
AcDbEntity
  8
CUT
100
AcDbCircle
 10
132.90000000000003
 20
19.0
 30
0.0
 40
1.0
  0
CIRCLE
  5
1B4
330
17
100
AcDbEntity
  8
CUT
100
AcDbCircle
 10
123.30000000000001
 20
15.8
 30
0.0
 40
1.0
  0
CIRCLE
  5
1B5
330
17
100
AcDbEntity
  8
CUT
100
AcDbCircle
 10
132.90000000000003
 20
15.8
 30
0.0
 40
1.0
  0
CIRCLE
  5
1B6
330
17
100
AcDbEntity
  8
CUT
100
AcDbCircle
 10
126.50000000000001
 20
12.600000000000001
 30
0.0
 40
1.0
  0
CIRCLE
  5
1B7
330
17
100
AcDbEntity
  8
CUT
100
AcDbCircle
 10
129.70000000000002
 20
12.600000000000001
 30
0.0
 40
1.0
  0
CIRCLE
  5
1B8
330
17
100
AcDbEntity
  8
CUT
100
AcDbCircle
 10
139.3
 20
22.200000000000003
 30
0.0
 40
1.0
  0
CIRCLE
  5
1B9
330
17
100
AcDbEntity
  8
CUT
100
AcDbCircle
 10
142.50000000000003
 20
22.200000000000003
 30
0.0
 40
1.0
  0
CIRCLE
  5
1BA
330
17
100
AcDbEntity
  8
CUT
100
AcDbCircle
 10
145.70000000000002
 20
22.200000000000003
 30
0.0
 40
1.0
  0
CIRCLE
  5
1BB
330
17
100
AcDbEntity
  8
CUT
100
AcDbCircle
 10
139.3
 20
19.0
 30
0.0
 40
1.0
  0
CIRCLE
  5
1BC
330
17
100
AcDbEntity
  8
CUT
100
AcDbCircle
 10
148.9
 20
19.0
 30
0.0
 40
1.0
  0
CIRCLE
  5
1BD
330
17
100
AcDbEntity
  8
CUT
100
AcDbCircle
 10
139.3
 20
15.8
 30
0.0
 40
1.0
  0
CIRCLE
  5
1BE
330
17
100
AcDbEntity
  8
CUT
100
AcDbCircle
 10
142.50000000000003
 20
15.8
 30
0.0
 40
1.0
  0
CIRCLE
  5
1BF
330
17
100
AcDbEntity
  8
CUT
100
AcDbCircle
 10
145.70000000000002
 20
15.8
 30
0.0
 40
1.0
  0
CIRCLE
  5
1C0
330
17
100
AcDbEntity
  8
CUT
100
AcDbCircle
 10
139.3
 20
12.600000000000001
 30
0.0
 40
1.0
  0
CIRCLE
  5
1C1
330
17
100
AcDbEntity
  8
CUT
100
AcDbCircle
 10
158.50000000000003
 20
22.200000000000003
 30
0.0
 40
1.0
  0
CIRCLE
  5
1C2
330
17
100
AcDbEntity
  8
CUT
100
AcDbCircle
 10
161.70000000000002
 20
22.200000000000003
 30
0.0
 40
1.0
  0
CIRCLE
  5
1C3
330
17
100
AcDbEntity
  8
CUT
100
AcDbCircle
 10
155.3
 20
19.0
 30
0.0
 40
1.0
  0
CIRCLE
  5
1C4
330
17
100
AcDbEntity
  8
CUT
100
AcDbCircle
 10
161.70000000000002
 20
19.0
 30
0.0
 40
1.0
  0
CIRCLE
  5
1C5
330
17
100
AcDbEntity
  8
CUT
100
AcDbCircle
 10
164.90000000000003
 20
19.0
 30
0.0
 40
1.0
  0
CIRCLE
  5
1C6
330
17
100
AcDbEntity
  8
CUT
100
AcDbCircle
 10
155.3
 20
15.8
 30
0.0
 40
1.0
  0
CIRCLE
  5
1C7
330
17
100
AcDbEntity
  8
CUT
100
AcDbCircle
 10
158.50000000000003
 20
12.600000000000001
 30
0.0
 40
1.0
  0
CIRCLE
  5
1C8
330
17
100
AcDbEntity
  8
CUT
100
AcDbCircle
 10
161.70000000000002
 20
12.600000000000001
 30
0.0
 40
1.0
  0
CIRCLE
  5
1C9
330
17
100
AcDbEntity
  8
CUT
100
AcDbCircle
 10
164.90000000000003
 20
12.600000000000001
 30
0.0
 40
1.0
  0
CIRCLE
  5
1CA
330
17
100
AcDbEntity
  8
CUT
100
AcDbCircle
 10
174.50000000000003
 20
28.6
 30
0.0
 40
1.0
  0
CIRCLE
  5
1CB
330
17
100
AcDbEntity
  8
CUT
100
AcDbCircle
 10
184.10000000000002
 20
28.6
 30
0.0
 40
1.0
  0
CIRCLE
  5
1CC
330
17
100
AcDbEntity
  8
CUT
100
AcDbCircle
 10
174.50000000000003
 20
25.400000000000002
 30
0.0
 40
1.0
  0
CIRCLE
  5
1CD
330
17
100
AcDbEntity
  8
CUT
100
AcDbCircle
 10
177.70000000000002
 20
25.400000000000002
 30
0.0
 40
1.0
  0
CIRCLE
  5
1CE
330
17
100
AcDbEntity
  8
CUT
100
AcDbCircle
 10
180.90000000000003
 20
25.400000000000002
 30
0.0
 40
1.0
  0
CIRCLE
  5
1CF
330
17
100
AcDbEntity
  8
CUT
100
AcDbCircle
 10
184.10000000000002
 20
25.400000000000002
 30
0.0
 40
1.0
  0
CIRCLE
  5
1D0
330
17
100
AcDbEntity
  8
CUT
100
AcDbCircle
 10
174.50000000000003
 20
22.200000000000003
 30
0.0
 40
1.0
  0
CIRCLE
  5
1D1
330
17
100
AcDbEntity
  8
CUT
100
AcDbCircle
 10
177.70000000000002
 20
22.200000000000003
 30
0.0
 40
1.0
  0
CIRCLE
  5
1D2
330
17
100
AcDbEntity
  8
CUT
100
AcDbCircle
 10
180.90000000000003
 20
22.200000000000003
 30
0.0
 40
1.0
  0
CIRCLE
  5
1D3
330
17
100
AcDbEntity
  8
CUT
100
AcDbCircle
 10
184.10000000000002
 20
22.200000000000003
 30
0.0
 40
1.0
  0
CIRCLE
  5
1D4
330
17
100
AcDbEntity
  8
CUT
100
AcDbCircle
 10
174.50000000000003
 20
19.0
 30
0.0
 40
1.0
  0
CIRCLE
  5
1D5
330
17
100
AcDbEntity
  8
CUT
100
AcDbCircle
 10
184.10000000000002
 20
19.0
 30
0.0
 40
1.0
  0
CIRCLE
  5
1D6
330
17
100
AcDbEntity
  8
CUT
100
AcDbCircle
 10
174.50000000000003
 20
15.8
 30
0.0
 40
1.0
  0
CIRCLE
  5
1D7
330
17
100
AcDbEntity
  8
CUT
100
AcDbCircle
 10
184.10000000000002
 20
15.8
 30
0.0
 40
1.0
  0
CIRCLE
  5
1D8
330
17
100
AcDbEntity
  8
CUT
100
AcDbCircle
 10
174.50000000000003
 20
12.600000000000001
 30
0.0
 40
1.0
  0
CIRCLE
  5
1D9
330
17
100
AcDbEntity
  8
CUT
100
AcDbCircle
 10
184.10000000000002
 20
12.600000000000001
 30
0.0
 40
1.0
  0
CIRCLE
  5
1DA
330
17
100
AcDbEntity
  8
CUT
100
AcDbCircle
 10
193.70000000000002
 20
22.200000000000003
 30
0.0
 40
1.0
  0
CIRCLE
  5
1DB
330
17
100
AcDbEntity
  8
CUT
100
AcDbCircle
 10
196.90000000000003
 20
22.200000000000003
 30
0.0
 40
1.0
  0
CIRCLE
  5
1DC
330
17
100
AcDbEntity
  8
CUT
100
AcDbCircle
 10
200.10000000000002
 20
19.0
 30
0.0
 40
1.0
  0
CIRCLE
  5
1DD
330
17
100
AcDbEntity
  8
CUT
100
AcDbCircle
 10
193.70000000000002
 20
15.8
 30
0.0
 40
1.0
  0
CIRCLE
  5
1DE
330
17
100
AcDbEntity
  8
CUT
100
AcDbCircle
 10
196.90000000000003
 20
15.8
 30
0.0
 40
1.0
  0
CIRCLE
  5
1DF
330
17
100
AcDbEntity
  8
CUT
100
AcDbCircle
 10
200.10000000000002
 20
15.8
 30
0.0
 40
1.0
  0
CIRCLE
  5
1E0
330
17
100
AcDbEntity
  8
CUT
100
AcDbCircle
 10
193.70000000000002
 20
12.600000000000001
 30
0.0
 40
1.0
  0
CIRCLE
  5
1E1
330
17
100
AcDbEntity
  8
CUT
100
AcDbCircle
 10
196.90000000000003
 20
12.600000000000001
 30
0.0
 40
1.0
  0
CIRCLE
  5
1E2
330
17
100
AcDbEntity
  8
CUT
100
AcDbCircle
 10
200.10000000000002
 20
12.600000000000001
 30
0.0
 40
1.0
  0
CIRCLE
  5
1E3
330
17
100
AcDbEntity
  8
CUT
100
AcDbCircle
 10
209.70000000000002
 20
28.6
 30
0.0
 40
1.0
  0
CIRCLE
  5
1E4
330
17
100
AcDbEntity
  8
CUT
100
AcDbCircle
 10
209.70000000000002
 20
25.400000000000002
 30
0.0
 40
1.0
  0
CIRCLE
  5
1E5
330
17
100
AcDbEntity
  8
CUT
100
AcDbCircle
 10
206.50000000000003
 20
22.200000000000003
 30
0.0
 40
1.0
  0
CIRCLE
  5
1E6
330
17
100
AcDbEntity
  8
CUT
100
AcDbCircle
 10
209.70000000000002
 20
22.200000000000003
 30
0.0
 40
1.0
  0
CIRCLE
  5
1E7
330
17
100
AcDbEntity
  8
CUT
100
AcDbCircle
 10
212.90000000000003
 20
22.200000000000003
 30
0.0
 40
1.0
  0
CIRCLE
  5
1E8
330
17
100
AcDbEntity
  8
CUT
100
AcDbCircle
 10
209.70000000000002
 20
19.0
 30
0.0
 40
1.0
  0
CIRCLE
  5
1E9
330
17
100
AcDbEntity
  8
CUT
100
AcDbCircle
 10
209.70000000000002
 20
15.8
 30
0.0
 40
1.0
  0
CIRCLE
  5
1EA
330
17
100
AcDbEntity
  8
CUT
100
AcDbCircle
 10
212.90000000000003
 20
12.600000000000001
 30
0.0
 40
1.0
  0
CIRCLE
  5
1EB
330
17
100
AcDbEntity
  8
CUT
100
AcDbCircle
 10
216.10000000000002
 20
12.600000000000001
 30
0.0
 40
1.0
  0
CIRCLE
  5
1EC
330
17
100
AcDbEntity
  8
CUT
100
AcDbCircle
 10
222.50000000000003
 20
22.200000000000003
 30
0.0
 40
1.0
  0
CIRCLE
  5
1ED
330
17
100
AcDbEntity
  8
CUT
100
AcDbCircle
 10
228.90000000000003
 20
22.200000000000003
 30
0.0
 40
1.0
  0
CIRCLE
  5
1EE
330
17
100
AcDbEntity
  8
CUT
100
AcDbCircle
 10
232.10000000000002
 20
22.200000000000003
 30
0.0
 40
1.0
  0
CIRCLE
  5
1EF
330
17
100
AcDbEntity
  8
CUT
100
AcDbCircle
 10
222.50000000000003
 20
19.0
 30
0.0
 40
1.0
  0
CIRCLE
  5
1F0
330
17
100
AcDbEntity
  8
CUT
100
AcDbCircle
 10
225.70000000000002
 20
19.0
 30
0.0
 40
1.0
  0
CIRCLE
  5
1F1
330
17
100
AcDbEntity
  8
CUT
100
AcDbCircle
 10
222.50000000000003
 20
15.8
 30
0.0
 40
1.0
  0
CIRCLE
  5
1F2
330
17
100
AcDbEntity
  8
CUT
100
AcDbCircle
 10
222.50000000000003
 20
12.600000000000001
 30
0.0
 40
1.0
  0
CIRCLE
  5
1F3
330
17
100
AcDbEntity
  8
CUT
100
AcDbCircle
 10
241.70000000000002
 20
28.6
 30
0.0
 40
1.0
  0
CIRCLE
  5
1F4
330
17
100
AcDbEntity
  8
CUT
100
AcDbCircle
 10
238.50000000000003
 20
22.200000000000003
 30
0.0
 40
1.0
  0
CIRCLE
  5
1F5
330
17
100
AcDbEntity
  8
CUT
100
AcDbCircle
 10
241.70000000000002
 20
22.200000000000003
 30
0.0
 40
1.0
  0
CIRCLE
  5
1F6
330
17
100
AcDbEntity
  8
CUT
100
AcDbCircle
 10
241.70000000000002
 20
19.0
 30
0.0
 40
1.0
  0
CIRCLE
  5
1F7
330
17
100
AcDbEntity
  8
CUT
100
AcDbCircle
 10
241.70000000000002
 20
15.8
 30
0.0
 40
1.0
  0
CIRCLE
  5
1F8
330
17
100
AcDbEntity
  8
CUT
100
AcDbCircle
 10
238.50000000000003
 20
12.600000000000001
 30
0.0
 40
1.0
  0
CIRCLE
  5
1F9
330
17
100
AcDbEntity
  8
CUT
100
AcDbCircle
 10
241.70000000000002
 20
12.600000000000001
 30
0.0
 40
1.0
  0
CIRCLE
  5
1FA
330
17
100
AcDbEntity
  8
CUT
100
AcDbCircle
 10
244.90000000000003
 20
12.600000000000001
 30
0.0
 40
1.0
  0
CIRCLE
  5
1FB
330
17
100
AcDbEntity
  8
CUT
100
AcDbCircle
 10
254.50000000000003
 20
22.200000000000003
 30
0.0
 40
1.0
  0
CIRCLE
  5
1FC
330
17
100
AcDbEntity
  8
CUT
100
AcDbCircle
 10
264.1
 20
22.200000000000003
 30
0.0
 40
1.0
  0
CIRCLE
  5
1FD
330
17
100
AcDbEntity
  8
CUT
100
AcDbCircle
 10
257.70000000000005
 20
19.0
 30
0.0
 40
1.0
  0
CIRCLE
  5
1FE
330
17
100
AcDbEntity
  8
CUT
100
AcDbCircle
 10
260.90000000000003
 20
19.0
 30
0.0
 40
1.0
  0
CIRCLE
  5
1FF
330
17
100
AcDbEntity
  8
CUT
100
AcDbCircle
 10
257.70000000000005
 20
15.8
 30
0.0
 40
1.0
  0
CIRCLE
  5
200
330
17
100
AcDbEntity
  8
CUT
100
AcDbCircle
 10
260.90000000000003
 20
15.8
 30
0.0
 40
1.0
  0
CIRCLE
  5
201
330
17
100
AcDbEntity
  8
CUT
100
AcDbCircle
 10
254.50000000000003
 20
12.600000000000001
 30
0.0
 40
1.0
  0
CIRCLE
  5
202
330
17
100
AcDbEntity
  8
CUT
100
AcDbCircle
 10
264.1
 20
12.600000000000001
 30
0.0
 40
1.0
  0
LINE
  5
203
330
17
100
AcDbEntity
  8
CUT
100
AcDbLine
 10
328.6
 20
190.0
 30
0.0
 11
294.6
 21
190.0
 31
0.0
  0
LINE
  5
204
330
17
100
AcDbEntity
  8
CUT
100
AcDbLine
 10
294.6
 20
190.0
 30
0.0
 11
294.6
 21
188.5
 31
0.0
  0
ARC
  5
205
330
17
100
AcDbEntity
  8
CUT
100
AcDbCircle
 10
293.1
 20
188.5
 30
0.0
 40
1.5
100
AcDbArc
 50
-90.0
 51
0.0
  0
LINE
  5
206
330
17
100
AcDbEntity
  8
CUT
100
AcDbLine
 10
293.1
 20
187.0
 30
0.0
 11
266.1
 21
187.0
 31
0.0
  0
ARC
  5
207
330
17
100
AcDbEntity
  8
CUT
100
AcDbCircle
 10
266.1
 20
188.5
 30
0.0
 40
1.5
100
AcDbArc
 50
-180.0
 51
-90.0
  0
LINE
  5
208
330
17
100
AcDbEntity
  8
CUT
100
AcDbLine
 10
264.6
 20
188.5
 30
0.0
 11
264.6
 21
190.0
 31
0.0
  0
LINE
  5
209
330
17
100
AcDbEntity
  8
CUT
100
AcDbLine
 10
264.6
 20
190.0
 30
0.0
 11
70.0
 21
190.0
 31
0.0
  0
LINE
  5
20A
330
17
100
AcDbEntity
  8
CUT
100
AcDbLine
 10
70.0
 20
190.0
 30
0.0
 11
70.0
 21
188.5
 31
0.0
  0
ARC
  5
20B
330
17
100
AcDbEntity
  8
CUT
100
AcDbCircle
 10
68.5
 20
188.5
 30
0.0
 40
1.5
100
AcDbArc
 50
-90.0
 51
0.0
  0
LINE
  5
20C
330
17
100
AcDbEntity
  8
CUT
100
AcDbLine
 10
68.5
 20
187.0
 30
0.0
 11
41.5
 21
187.0
 31
0.0
  0
ARC
  5
20D
330
17
100
AcDbEntity
  8
CUT
100
AcDbCircle
 10
41.5
 20
188.5
 30
0.0
 40
1.5
100
AcDbArc
 50
-180.0
 51
-90.0
  0
LINE
  5
20E
330
17
100
AcDbEntity
  8
CUT
100
AcDbLine
 10
40.0
 20
188.5
 30
0.0
 11
40.0
 21
190.0
 31
0.0
  0
LINE
  5
20F
330
17
100
AcDbEntity
  8
CUT
100
AcDbLine
 10
40.0
 20
190.0
 30
0.0
 11
6.0
 21
190.0
 31
0.0
  0
ARC
  5
210
330
17
100
AcDbEntity
  8
CUT
100
AcDbCircle
 10
6.0
 20
196.0
 30
0.0
 40
6.0
100
AcDbArc
 50
180.0
 51
270.0
  0
LINE
  5
211
330
17
100
AcDbEntity
  8
CUT
100
AcDbLine
 10
0.0
 20
196.0
 30
0.0
 11
0.0
 21
358.8
 31
0.0
  0
ARC
  5
212
330
17
100
AcDbEntity
  8
CUT
100
AcDbCircle
 10
6.0
 20
358.8
 30
0.0
 40
6.0
100
AcDbArc
 50
90.0
 51
180.0
  0
LINE
  5
213
330
17
100
AcDbEntity
  8
CUT
100
AcDbLine
 10
6.0
 20
364.8
 30
0.0
 11
328.6
 21
364.8
 31
0.0
  0
ARC
  5
214
330
17
100
AcDbEntity
  8
CUT
100
AcDbCircle
 10
328.6
 20
358.8
 30
0.0
 40
6.0
100
AcDbArc
 50
0.0
 51
90.0
  0
LINE
  5
215
330
17
100
AcDbEntity
  8
CUT
100
AcDbLine
 10
334.6
 20
358.8
 30
0.0
 11
334.6
 21
196.0
 31
0.0
  0
ARC
  5
216
330
17
100
AcDbEntity
  8
CUT
100
AcDbCircle
 10
328.6
 20
196.0
 30
0.0
 40
6.0
100
AcDbArc
 50
-90.0
 51
0.0
  0
LINE
  5
217
330
17
100
AcDbEntity
  8
CUT
100
AcDbLine
 10
300.35
 20
194.15
 30
0.0
 11
290.85
 21
194.15
 31
0.0
  0
LINE
  5
218
330
17
100
AcDbEntity
  8
CUT
100
AcDbLine
 10
290.85
 20
194.15
 30
0.0
 11
290.85
 21
197.85
 31
0.0
  0
LINE
  5
219
330
17
100
AcDbEntity
  8
CUT
100
AcDbLine
 10
290.85
 20
197.85
 30
0.0
 11
300.35
 21
197.85
 31
0.0
  0
LINE
  5
21A
330
17
100
AcDbEntity
  8
CUT
100
AcDbLine
 10
300.35
 20
197.85
 30
0.0
 11
300.35
 21
194.15
 31
0.0
  0
LINE
  5
21B
330
17
100
AcDbEntity
  8
CUT
100
AcDbLine
 10
214.81666666666666
 20
194.15
 30
0.0
 11
205.31666666666666
 21
194.15
 31
0.0
  0
LINE
  5
21C
330
17
100
AcDbEntity
  8
CUT
100
AcDbLine
 10
205.31666666666666
 20
194.15
 30
0.0
 11
205.31666666666666
 21
197.85
 31
0.0
  0
LINE
  5
21D
330
17
100
AcDbEntity
  8
CUT
100
AcDbLine
 10
205.31666666666666
 20
197.85
 30
0.0
 11
214.81666666666666
 21
197.85
 31
0.0
  0
LINE
  5
21E
330
17
100
AcDbEntity
  8
CUT
100
AcDbLine
 10
214.81666666666666
 20
197.85
 30
0.0
 11
214.81666666666666
 21
194.15
 31
0.0
  0
LINE
  5
21F
330
17
100
AcDbEntity
  8
CUT
100
AcDbLine
 10
129.28333333333333
 20
194.15
 30
0.0
 11
119.78333333333333
 21
194.15
 31
0.0
  0
LINE
  5
220
330
17
100
AcDbEntity
  8
CUT
100
AcDbLine
 10
119.78333333333333
 20
194.15
 30
0.0
 11
119.78333333333333
 21
197.85
 31
0.0
  0
LINE
  5
221
330
17
100
AcDbEntity
  8
CUT
100
AcDbLine
 10
119.78333333333333
 20
197.85
 30
0.0
 11
129.28333333333333
 21
197.85
 31
0.0
  0
LINE
  5
222
330
17
100
AcDbEntity
  8
CUT
100
AcDbLine
 10
129.28333333333333
 20
197.85
 30
0.0
 11
129.28333333333333
 21
194.15
 31
0.0
  0
LINE
  5
223
330
17
100
AcDbEntity
  8
CUT
100
AcDbLine
 10
43.75
 20
194.15
 30
0.0
 11
34.25
 21
194.15
 31
0.0
  0
LINE
  5
224
330
17
100
AcDbEntity
  8
CUT
100
AcDbLine
 10
34.25
 20
194.15
 30
0.0
 11
34.25
 21
197.85
 31
0.0
  0
LINE
  5
225
330
17
100
AcDbEntity
  8
CUT
100
AcDbLine
 10
34.25
 20
197.85
 30
0.0
 11
43.75
 21
197.85
 31
0.0
  0
LINE
  5
226
330
17
100
AcDbEntity
  8
CUT
100
AcDbLine
 10
43.75
 20
197.85
 30
0.0
 11
43.75
 21
194.15
 31
0.0
  0
LINE
  5
227
330
17
100
AcDbEntity
  8
CUT
100
AcDbLine
 10
300.35
 20
356.95000000000005
 30
0.0
 11
290.85
 21
356.95000000000005
 31
0.0
  0
LINE
  5
228
330
17
100
AcDbEntity
  8
CUT
100
AcDbLine
 10
290.85
 20
356.95000000000005
 30
0.0
 11
290.85
 21
360.65
 31
0.0
  0
LINE
  5
229
330
17
100
AcDbEntity
  8
CUT
100
AcDbLine
 10
290.85
 20
360.65
 30
0.0
 11
300.35
 21
360.65
 31
0.0
  0
LINE
  5
22A
330
17
100
AcDbEntity
  8
CUT
100
AcDbLine
 10
300.35
 20
360.65
 30
0.0
 11
300.35
 21
356.95000000000005
 31
0.0
  0
LINE
  5
22B
330
17
100
AcDbEntity
  8
CUT
100
AcDbLine
 10
214.81666666666666
 20
356.95000000000005
 30
0.0
 11
205.31666666666666
 21
356.95000000000005
 31
0.0
  0
LINE
  5
22C
330
17
100
AcDbEntity
  8
CUT
100
AcDbLine
 10
205.31666666666666
 20
356.95000000000005
 30
0.0
 11
205.31666666666666
 21
360.65
 31
0.0
  0
LINE
  5
22D
330
17
100
AcDbEntity
  8
CUT
100
AcDbLine
 10
205.31666666666666
 20
360.65
 30
0.0
 11
214.81666666666666
 21
360.65
 31
0.0
  0
LINE
  5
22E
330
17
100
AcDbEntity
  8
CUT
100
AcDbLine
 10
214.81666666666666
 20
360.65
 30
0.0
 11
214.81666666666666
 21
356.95000000000005
 31
0.0
  0
LINE
  5
22F
330
17
100
AcDbEntity
  8
CUT
100
AcDbLine
 10
129.28333333333333
 20
356.95000000000005
 30
0.0
 11
119.78333333333333
 21
356.95000000000005
 31
0.0
  0
LINE
  5
230
330
17
100
AcDbEntity
  8
CUT
100
AcDbLine
 10
119.78333333333333
 20
356.95000000000005
 30
0.0
 11
119.78333333333333
 21
360.65
 31
0.0
  0
LINE
  5
231
330
17
100
AcDbEntity
  8
CUT
100
AcDbLine
 10
119.78333333333333
 20
360.65
 30
0.0
 11
129.28333333333333
 21
360.65
 31
0.0
  0
LINE
  5
232
330
17
100
AcDbEntity
  8
CUT
100
AcDbLine
 10
129.28333333333333
 20
360.65
 30
0.0
 11
129.28333333333333
 21
356.95000000000005
 31
0.0
  0
LINE
  5
233
330
17
100
AcDbEntity
  8
CUT
100
AcDbLine
 10
43.75
 20
356.95000000000005
 30
0.0
 11
34.25
 21
356.95000000000005
 31
0.0
  0
LINE
  5
234
330
17
100
AcDbEntity
  8
CUT
100
AcDbLine
 10
34.25
 20
356.95000000000005
 30
0.0
 11
34.25
 21
360.65
 31
0.0
  0
LINE
  5
235
330
17
100
AcDbEntity
  8
CUT
100
AcDbLine
 10
34.25
 20
360.65
 30
0.0
 11
43.75
 21
360.65
 31
0.0
  0
LINE
  5
236
330
17
100
AcDbEntity
  8
CUT
100
AcDbLine
 10
43.75
 20
360.65
 30
0.0
 11
43.75
 21
356.95000000000005
 31
0.0
  0
LINE
  5
237
330
17
100
AcDbEntity
  8
CUT
100
AcDbLine
 10
330.45000000000005
 20
228.25
 30
0.0
 11
326.75
 21
228.25
 31
0.0
  0
LINE
  5
238
330
17
100
AcDbEntity
  8
CUT
100
AcDbLine
 10
326.75
 20
228.25
 30
0.0
 11
326.75
 21
237.75
 31
0.0
  0
LINE
  5
239
330
17
100
AcDbEntity
  8
CUT
100
AcDbLine
 10
326.75
 20
237.75
 30
0.0
 11
330.45000000000005
 21
237.75
 31
0.0
  0
LINE
  5
23A
330
17
100
AcDbEntity
  8
CUT
100
AcDbLine
 10
330.45000000000005
 20
237.75
 30
0.0
 11
330.45000000000005
 21
228.25
 31
0.0
  0
LINE
  5
23B
330
17
100
AcDbEntity
  8
CUT
100
AcDbLine
 10
330.45000000000005
 20
317.05
 30
0.0
 11
326.75
 21
317.05
 31
0.0
  0
LINE
  5
23C
330
17
100
AcDbEntity
  8
CUT
100
AcDbLine
 10
326.75
 20
317.05
 30
0.0
 11
326.75
 21
326.55
 31
0.0
  0
LINE
  5
23D
330
17
100
AcDbEntity
  8
CUT
100
AcDbLine
 10
326.75
 20
326.55
 30
0.0
 11
330.45000000000005
 21
326.55
 31
0.0
  0
LINE
  5
23E
330
17
100
AcDbEntity
  8
CUT
100
AcDbLine
 10
330.45000000000005
 20
326.55
 30
0.0
 11
330.45000000000005
 21
317.05
 31
0.0
  0
LINE
  5
23F
330
17
100
AcDbEntity
  8
CUT
100
AcDbLine
 10
7.850000000000023
 20
228.25
 30
0.0
 11
4.150000000000034
 21
228.25
 31
0.0
  0
LINE
  5
240
330
17
100
AcDbEntity
  8
CUT
100
AcDbLine
 10
4.150000000000034
 20
228.25
 30
0.0
 11
4.150000000000034
 21
237.75
 31
0.0
  0
LINE
  5
241
330
17
100
AcDbEntity
  8
CUT
100
AcDbLine
 10
4.150000000000034
 20
237.75
 30
0.0
 11
7.850000000000023
 21
237.75
 31
0.0
  0
LINE
  5
242
330
17
100
AcDbEntity
  8
CUT
100
AcDbLine
 10
7.850000000000023
 20
237.75
 30
0.0
 11
7.850000000000023
 21
228.25
 31
0.0
  0
LINE
  5
243
330
17
100
AcDbEntity
  8
CUT
100
AcDbLine
 10
7.850000000000023
 20
317.05
 30
0.0
 11
4.150000000000034
 21
317.05
 31
0.0
  0
LINE
  5
244
330
17
100
AcDbEntity
  8
CUT
100
AcDbLine
 10
4.150000000000034
 20
317.05
 30
0.0
 11
4.150000000000034
 21
326.55
 31
0.0
  0
LINE
  5
245
330
17
100
AcDbEntity
  8
CUT
100
AcDbLine
 10
4.150000000000034
 20
326.55
 30
0.0
 11
7.850000000000023
 21
326.55
 31
0.0
  0
LINE
  5
246
330
17
100
AcDbEntity
  8
CUT
100
AcDbLine
 10
7.850000000000023
 20
326.55
 30
0.0
 11
7.850000000000023
 21
317.05
 31
0.0
  0
CIRCLE
  5
247
330
17
100
AcDbEntity
  8
CUT
100
AcDbCircle
 10
259.3
 20
346.35
 30
0.0
 40
1.6
  0
CIRCLE
  5
248
330
17
100
AcDbEntity
  8
CUT
100
AcDbCircle
 10
259.3
 20
232.65
 30
0.0
 40
1.6
  0
CIRCLE
  5
249
330
17
100
AcDbEntity
  8
CUT
100
AcDbCircle
 10
316.15000000000003
 20
333.5
 30
0.0
 40
1.6
  0
CIRCLE
  5
24A
330
17
100
AcDbEntity
  8
CUT
100
AcDbCircle
 10
202.45000000000002
 20
333.5
 30
0.0
 40
1.6
  0
CIRCLE
  5
24B
330
17
100
AcDbEntity
  8
CUT
100
AcDbCircle
 10
316.15000000000003
 20
245.5
 30
0.0
 40
1.6
  0
CIRCLE
  5
24C
330
17
100
AcDbEntity
  8
CUT
100
AcDbCircle
 10
202.45000000000002
 20
245.5
 30
0.0
 40
1.6
  0
CIRCLE
  5
24D
330
17
100
AcDbEntity
  8
CUT
100
AcDbCircle
 10
131.3
 20
346.35
 30
0.0
 40
1.6
  0
CIRCLE
  5
24E
330
17
100
AcDbEntity
  8
CUT
100
AcDbCircle
 10
131.3
 20
232.65
 30
0.0
 40
1.6
  0
CIRCLE
  5
24F
330
17
100
AcDbEntity
  8
CUT
100
AcDbCircle
 10
188.15
 20
333.5
 30
0.0
 40
1.6
  0
CIRCLE
  5
250
330
17
100
AcDbEntity
  8
CUT
100
AcDbCircle
 10
74.44999999999999
 20
333.5
 30
0.0
 40
1.6
  0
CIRCLE
  5
251
330
17
100
AcDbEntity
  8
CUT
100
AcDbCircle
 10
188.15
 20
245.5
 30
0.0
 40
1.6
  0
CIRCLE
  5
252
330
17
100
AcDbEntity
  8
CUT
100
AcDbCircle
 10
74.44999999999999
 20
245.5
 30
0.0
 40
1.6
  0
CIRCLE
  5
253
330
17
100
AcDbEntity
  8
CUT
100
AcDbCircle
 10
217.3
 20
232.2
 30
0.0
 40
1.3
  0
CIRCLE
  5
254
330
17
100
AcDbEntity
  8
CUT
100
AcDbCircle
 10
173.3
 20
232.2
 30
0.0
 40
1.3
  0
CIRCLE
  5
255
330
17
100
AcDbEntity
  8
CUT
100
AcDbCircle
 10
217.3
 20
268.2
 30
0.0
 40
1.3
  0
CIRCLE
  5
256
330
17
100
AcDbEntity
  8
CUT
100
AcDbCircle
 10
173.3
 20
268.2
 30
0.0
 40
1.3
  0
LINE
  5
257
330
17
100
AcDbEntity
  8
CUT
100
AcDbLine
 10
200.05
 20
226.95
 30
0.0
 11
190.55
 21
226.95
 31
0.0
  0
LINE
  5
258
330
17
100
AcDbEntity
  8
CUT
100
AcDbLine
 10
190.55
 20
226.95
 30
0.0
 11
190.55
 21
231.45
 31
0.0
  0
LINE
  5
259
330
17
100
AcDbEntity
  8
CUT
100
AcDbLine
 10
190.55
 20
231.45
 30
0.0
 11
200.05
 21
231.45
 31
0.0
  0
LINE
  5
25A
330
17
100
AcDbEntity
  8
CUT
100
AcDbLine
 10
200.05
 20
231.45
 30
0.0
 11
200.05
 21
226.95
 31
0.0
  0
CIRCLE
  5
25B
330
17
100
AcDbEntity
  8
CUT
100
AcDbCircle
 10
36.0
 20
289.5
 30
0.0
 40
13.0
  0
LINE
  5
25C
330
17
100
AcDbEntity
  8
CUT
100
AcDbLine
 10
323.1
 20
352.3
 30
0.0
 11
299.1
 21
352.3
 31
0.0
  0
ARC
  5
25D
330
17
100
AcDbEntity
  8
CUT
100
AcDbCircle
 10
299.1
 20
353.3
 30
0.0
 40
1.0
100
AcDbArc
 50
90.0
 51
270.0
  0
LINE
  5
25E
330
17
100
AcDbEntity
  8
CUT
100
AcDbLine
 10
299.1
 20
354.3
 30
0.0
 11
323.1
 21
354.3
 31
0.0
  0
ARC
  5
25F
330
17
100
AcDbEntity
  8
CUT
100
AcDbCircle
 10
323.1
 20
353.3
 30
0.0
 40
1.0
100
AcDbArc
 50
-90.0
 51
90.0
  0
LINE
  5
260
330
17
100
AcDbEntity
  8
CUT
100
AcDbLine
 10
295.1
 20
352.3
 30
0.0
 11
271.1
 21
352.3
 31
0.0
  0
ARC
  5
261
330
17
100
AcDbEntity
  8
CUT
100
AcDbCircle
 10
271.1
 20
353.3
 30
0.0
 40
1.0
100
AcDbArc
 50
90.0
 51
270.0
  0
LINE
  5
262
330
17
100
AcDbEntity
  8
CUT
100
AcDbLine
 10
271.1
 20
354.3
 30
0.0
 11
295.1
 21
354.3
 31
0.0
  0
ARC
  5
263
330
17
100
AcDbEntity
  8
CUT
100
AcDbCircle
 10
295.1
 20
353.3
 30
0.0
 40
1.0
100
AcDbArc
 50
-90.0
 51
90.0
  0
LINE
  5
264
330
17
100
AcDbEntity
  8
CUT
100
AcDbLine
 10
267.1
 20
352.3
 30
0.0
 11
243.10000000000002
 21
352.3
 31
0.0
  0
ARC
  5
265
330
17
100
AcDbEntity
  8
CUT
100
AcDbCircle
 10
243.10000000000002
 20
353.3
 30
0.0
 40
1.0
100
AcDbArc
 50
90.0
 51
270.0
  0
LINE
  5
266
330
17
100
AcDbEntity
  8
CUT
100
AcDbLine
 10
243.10000000000002
 20
354.3
 30
0.0
 11
267.1
 21
354.3
 31
0.0
  0
ARC
  5
267
330
17
100
AcDbEntity
  8
CUT
100
AcDbCircle
 10
267.1
 20
353.3
 30
0.0
 40
1.0
100
AcDbArc
 50
-90.0
 51
90.0
  0
LINE
  5
268
330
17
100
AcDbEntity
  8
CUT
100
AcDbLine
 10
239.10000000000002
 20
352.3
 30
0.0
 11
215.10000000000002
 21
352.3
 31
0.0
  0
ARC
  5
269
330
17
100
AcDbEntity
  8
CUT
100
AcDbCircle
 10
215.10000000000002
 20
353.3
 30
0.0
 40
1.0
100
AcDbArc
 50
90.0
 51
270.0
  0
LINE
  5
26A
330
17
100
AcDbEntity
  8
CUT
100
AcDbLine
 10
215.10000000000002
 20
354.3
 30
0.0
 11
239.10000000000002
 21
354.3
 31
0.0
  0
ARC
  5
26B
330
17
100
AcDbEntity
  8
CUT
100
AcDbCircle
 10
239.10000000000002
 20
353.3
 30
0.0
 40
1.0
100
AcDbArc
 50
-90.0
 51
90.0
  0
LINE
  5
26C
330
17
100
AcDbEntity
  8
CUT
100
AcDbLine
 10
211.10000000000002
 20
352.3
 30
0.0
 11
187.10000000000002
 21
352.3
 31
0.0
  0
ARC
  5
26D
330
17
100
AcDbEntity
  8
CUT
100
AcDbCircle
 10
187.10000000000002
 20
353.3
 30
0.0
 40
1.0
100
AcDbArc
 50
90.0
 51
270.0
  0
LINE
  5
26E
330
17
100
AcDbEntity
  8
CUT
100
AcDbLine
 10
187.10000000000002
 20
354.3
 30
0.0
 11
211.10000000000002
 21
354.3
 31
0.0
  0
ARC
  5
26F
330
17
100
AcDbEntity
  8
CUT
100
AcDbCircle
 10
211.10000000000002
 20
353.3
 30
0.0
 40
1.0
100
AcDbArc
 50
-90.0
 51
90.0
  0
LINE
  5
270
330
17
100
AcDbEntity
  8
CUT
100
AcDbLine
 10
183.10000000000002
 20
352.3
 30
0.0
 11
159.10000000000002
 21
352.3
 31
0.0
  0
ARC
  5
271
330
17
100
AcDbEntity
  8
CUT
100
AcDbCircle
 10
159.10000000000002
 20
353.3
 30
0.0
 40
1.0
100
AcDbArc
 50
90.0
 51
270.0
  0
LINE
  5
272
330
17
100
AcDbEntity
  8
CUT
100
AcDbLine
 10
159.10000000000002
 20
354.3
 30
0.0
 11
183.10000000000002
 21
354.3
 31
0.0
  0
ARC
  5
273
330
17
100
AcDbEntity
  8
CUT
100
AcDbCircle
 10
183.10000000000002
 20
353.3
 30
0.0
 40
1.0
100
AcDbArc
 50
-90.0
 51
90.0
  0
LINE
  5
274
330
17
100
AcDbEntity
  8
CUT
100
AcDbLine
 10
155.10000000000002
 20
352.3
 30
0.0
 11
131.10000000000002
 21
352.3
 31
0.0
  0
ARC
  5
275
330
17
100
AcDbEntity
  8
CUT
100
AcDbCircle
 10
131.10000000000002
 20
353.3
 30
0.0
 40
1.0
100
AcDbArc
 50
90.0
 51
270.0
  0
LINE
  5
276
330
17
100
AcDbEntity
  8
CUT
100
AcDbLine
 10
131.10000000000002
 20
354.3
 30
0.0
 11
155.10000000000002
 21
354.3
 31
0.0
  0
ARC
  5
277
330
17
100
AcDbEntity
  8
CUT
100
AcDbCircle
 10
155.10000000000002
 20
353.3
 30
0.0
 40
1.0
100
AcDbArc
 50
-90.0
 51
90.0
  0
LINE
  5
278
330
17
100
AcDbEntity
  8
CUT
100
AcDbLine
 10
127.10000000000002
 20
352.3
 30
0.0
 11
103.10000000000002
 21
352.3
 31
0.0
  0
ARC
  5
279
330
17
100
AcDbEntity
  8
CUT
100
AcDbCircle
 10
103.10000000000002
 20
353.3
 30
0.0
 40
1.0
100
AcDbArc
 50
90.0
 51
270.0
  0
LINE
  5
27A
330
17
100
AcDbEntity
  8
CUT
100
AcDbLine
 10
103.10000000000002
 20
354.3
 30
0.0
 11
127.10000000000002
 21
354.3
 31
0.0
  0
ARC
  5
27B
330
17
100
AcDbEntity
  8
CUT
100
AcDbCircle
 10
127.10000000000002
 20
353.3
 30
0.0
 40
1.0
100
AcDbArc
 50
-90.0
 51
90.0
  0
LINE
  5
27C
330
17
100
AcDbEntity
  8
CUT
100
AcDbLine
 10
99.10000000000002
 20
352.3
 30
0.0
 11
75.10000000000002
 21
352.3
 31
0.0
  0
ARC
  5
27D
330
17
100
AcDbEntity
  8
CUT
100
AcDbCircle
 10
75.10000000000002
 20
353.3
 30
0.0
 40
1.0
100
AcDbArc
 50
90.0
 51
270.0
  0
LINE
  5
27E
330
17
100
AcDbEntity
  8
CUT
100
AcDbLine
 10
75.10000000000002
 20
354.3
 30
0.0
 11
99.10000000000002
 21
354.3
 31
0.0
  0
ARC
  5
27F
330
17
100
AcDbEntity
  8
CUT
100
AcDbCircle
 10
99.10000000000002
 20
353.3
 30
0.0
 40
1.0
100
AcDbArc
 50
-90.0
 51
90.0
  0
LINE
  5
280
330
17
100
AcDbEntity
  8
CUT
100
AcDbLine
 10
71.10000000000002
 20
352.3
 30
0.0
 11
47.10000000000002
 21
352.3
 31
0.0
  0
ARC
  5
281
330
17
100
AcDbEntity
  8
CUT
100
AcDbCircle
 10
47.10000000000002
 20
353.3
 30
0.0
 40
1.0
100
AcDbArc
 50
90.0
 51
270.0
  0
LINE
  5
282
330
17
100
AcDbEntity
  8
CUT
100
AcDbLine
 10
47.10000000000002
 20
354.3
 30
0.0
 11
71.10000000000002
 21
354.3
 31
0.0
  0
ARC
  5
283
330
17
100
AcDbEntity
  8
CUT
100
AcDbCircle
 10
71.10000000000002
 20
353.3
 30
0.0
 40
1.0
100
AcDbArc
 50
-90.0
 51
90.0
  0
LINE
  5
284
330
17
100
AcDbEntity
  8
CUT
100
AcDbLine
 10
43.10000000000002
 20
352.3
 30
0.0
 11
19.100000000000023
 21
352.3
 31
0.0
  0
ARC
  5
285
330
17
100
AcDbEntity
  8
CUT
100
AcDbCircle
 10
19.100000000000023
 20
353.3
 30
0.0
 40
1.0
100
AcDbArc
 50
90.0
 51
270.0
  0
LINE
  5
286
330
17
100
AcDbEntity
  8
CUT
100
AcDbLine
 10
19.100000000000023
 20
354.3
 30
0.0
 11
43.10000000000002
 21
354.3
 31
0.0
  0
ARC
  5
287
330
17
100
AcDbEntity
  8
CUT
100
AcDbCircle
 10
43.10000000000002
 20
353.3
 30
0.0
 40
1.0
100
AcDbArc
 50
-90.0
 51
90.0
  0
LINE
  5
288
330
17
100
AcDbEntity
  8
CUT
100
AcDbLine
 10
323.1
 20
348.3
 30
0.0
 11
313.1
 21
348.3
 31
0.0
  0
ARC
  5
289
330
17
100
AcDbEntity
  8
CUT
100
AcDbCircle
 10
313.1
 20
349.3
 30
0.0
 40
1.0
100
AcDbArc
 50
90.0
 51
270.0
  0
LINE
  5
28A
330
17
100
AcDbEntity
  8
CUT
100
AcDbLine
 10
313.1
 20
350.3
 30
0.0
 11
323.1
 21
350.3
 31
0.0
  0
ARC
  5
28B
330
17
100
AcDbEntity
  8
CUT
100
AcDbCircle
 10
323.1
 20
349.3
 30
0.0
 40
1.0
100
AcDbArc
 50
-90.0
 51
90.0
  0
LINE
  5
28C
330
17
100
AcDbEntity
  8
CUT
100
AcDbLine
 10
309.1
 20
348.3
 30
0.0
 11
285.1
 21
348.3
 31
0.0
  0
ARC
  5
28D
330
17
100
AcDbEntity
  8
CUT
100
AcDbCircle
 10
285.1
 20
349.3
 30
0.0
 40
1.0
100
AcDbArc
 50
90.0
 51
270.0
  0
LINE
  5
28E
330
17
100
AcDbEntity
  8
CUT
100
AcDbLine
 10
285.1
 20
350.3
 30
0.0
 11
309.1
 21
350.3
 31
0.0
  0
ARC
  5
28F
330
17
100
AcDbEntity
  8
CUT
100
AcDbCircle
 10
309.1
 20
349.3
 30
0.0
 40
1.0
100
AcDbArc
 50
-90.0
 51
90.0
  0
LINE
  5
290
330
17
100
AcDbEntity
  8
CUT
100
AcDbLine
 10
253.10000000000002
 20
348.3
 30
0.0
 11
229.10000000000002
 21
348.3
 31
0.0
  0
ARC
  5
291
330
17
100
AcDbEntity
  8
CUT
100
AcDbCircle
 10
229.10000000000002
 20
349.3
 30
0.0
 40
1.0
100
AcDbArc
 50
90.0
 51
270.0
  0
LINE
  5
292
330
17
100
AcDbEntity
  8
CUT
100
AcDbLine
 10
229.10000000000002
 20
350.3
 30
0.0
 11
253.10000000000002
 21
350.3
 31
0.0
  0
ARC
  5
293
330
17
100
AcDbEntity
  8
CUT
100
AcDbCircle
 10
253.10000000000002
 20
349.3
 30
0.0
 40
1.0
100
AcDbArc
 50
-90.0
 51
90.0
  0
LINE
  5
294
330
17
100
AcDbEntity
  8
CUT
100
AcDbLine
 10
225.10000000000002
 20
348.3
 30
0.0
 11
201.10000000000002
 21
348.3
 31
0.0
  0
ARC
  5
295
330
17
100
AcDbEntity
  8
CUT
100
AcDbCircle
 10
201.10000000000002
 20
349.3
 30
0.0
 40
1.0
100
AcDbArc
 50
90.0
 51
270.0
  0
LINE
  5
296
330
17
100
AcDbEntity
  8
CUT
100
AcDbLine
 10
201.10000000000002
 20
350.3
 30
0.0
 11
225.10000000000002
 21
350.3
 31
0.0
  0
ARC
  5
297
330
17
100
AcDbEntity
  8
CUT
100
AcDbCircle
 10
225.10000000000002
 20
349.3
 30
0.0
 40
1.0
100
AcDbArc
 50
-90.0
 51
90.0
  0
LINE
  5
298
330
17
100
AcDbEntity
  8
CUT
100
AcDbLine
 10
197.10000000000002
 20
348.3
 30
0.0
 11
173.10000000000002
 21
348.3
 31
0.0
  0
ARC
  5
299
330
17
100
AcDbEntity
  8
CUT
100
AcDbCircle
 10
173.10000000000002
 20
349.3
 30
0.0
 40
1.0
100
AcDbArc
 50
90.0
 51
270.0
  0
LINE
  5
29A
330
17
100
AcDbEntity
  8
CUT
100
AcDbLine
 10
173.10000000000002
 20
350.3
 30
0.0
 11
197.10000000000002
 21
350.3
 31
0.0
  0
ARC
  5
29B
330
17
100
AcDbEntity
  8
CUT
100
AcDbCircle
 10
197.10000000000002
 20
349.3
 30
0.0
 40
1.0
100
AcDbArc
 50
-90.0
 51
90.0
  0
LINE
  5
29C
330
17
100
AcDbEntity
  8
CUT
100
AcDbLine
 10
169.10000000000002
 20
348.3
 30
0.0
 11
145.10000000000002
 21
348.3
 31
0.0
  0
ARC
  5
29D
330
17
100
AcDbEntity
  8
CUT
100
AcDbCircle
 10
145.10000000000002
 20
349.3
 30
0.0
 40
1.0
100
AcDbArc
 50
90.0
 51
270.0
  0
LINE
  5
29E
330
17
100
AcDbEntity
  8
CUT
100
AcDbLine
 10
145.10000000000002
 20
350.3
 30
0.0
 11
169.10000000000002
 21
350.3
 31
0.0
  0
ARC
  5
29F
330
17
100
AcDbEntity
  8
CUT
100
AcDbCircle
 10
169.10000000000002
 20
349.3
 30
0.0
 40
1.0
100
AcDbArc
 50
-90.0
 51
90.0
  0
LINE
  5
2A0
330
17
100
AcDbEntity
  8
CUT
100
AcDbLine
 10
113.10000000000002
 20
348.3
 30
0.0
 11
89.10000000000002
 21
348.3
 31
0.0
  0
ARC
  5
2A1
330
17
100
AcDbEntity
  8
CUT
100
AcDbCircle
 10
89.10000000000002
 20
349.3
 30
0.0
 40
1.0
100
AcDbArc
 50
90.0
 51
270.0
  0
LINE
  5
2A2
330
17
100
AcDbEntity
  8
CUT
100
AcDbLine
 10
89.10000000000002
 20
350.3
 30
0.0
 11
113.10000000000002
 21
350.3
 31
0.0
  0
ARC
  5
2A3
330
17
100
AcDbEntity
  8
CUT
100
AcDbCircle
 10
113.10000000000002
 20
349.3
 30
0.0
 40
1.0
100
AcDbArc
 50
-90.0
 51
90.0
  0
LINE
  5
2A4
330
17
100
AcDbEntity
  8
CUT
100
AcDbLine
 10
85.10000000000002
 20
348.3
 30
0.0
 11
61.10000000000002
 21
348.3
 31
0.0
  0
ARC
  5
2A5
330
17
100
AcDbEntity
  8
CUT
100
AcDbCircle
 10
61.10000000000002
 20
349.3
 30
0.0
 40
1.0
100
AcDbArc
 50
90.0
 51
270.0
  0
LINE
  5
2A6
330
17
100
AcDbEntity
  8
CUT
100
AcDbLine
 10
61.10000000000002
 20
350.3
 30
0.0
 11
85.10000000000002
 21
350.3
 31
0.0
  0
ARC
  5
2A7
330
17
100
AcDbEntity
  8
CUT
100
AcDbCircle
 10
85.10000000000002
 20
349.3
 30
0.0
 40
1.0
100
AcDbArc
 50
-90.0
 51
90.0
  0
LINE
  5
2A8
330
17
100
AcDbEntity
  8
CUT
100
AcDbLine
 10
57.10000000000002
 20
348.3
 30
0.0
 11
33.10000000000002
 21
348.3
 31
0.0
  0
ARC
  5
2A9
330
17
100
AcDbEntity
  8
CUT
100
AcDbCircle
 10
33.10000000000002
 20
349.3
 30
0.0
 40
1.0
100
AcDbArc
 50
90.0
 51
270.0
  0
LINE
  5
2AA
330
17
100
AcDbEntity
  8
CUT
100
AcDbLine
 10
33.10000000000002
 20
350.3
 30
0.0
 11
57.10000000000002
 21
350.3
 31
0.0
  0
ARC
  5
2AB
330
17
100
AcDbEntity
  8
CUT
100
AcDbCircle
 10
57.10000000000002
 20
349.3
 30
0.0
 40
1.0
100
AcDbArc
 50
-90.0
 51
90.0
  0
LINE
  5
2AC
330
17
100
AcDbEntity
  8
CUT
100
AcDbLine
 10
29.100000000000023
 20
348.3
 30
0.0
 11
11.5
 21
348.3
 31
0.0
  0
ARC
  5
2AD
330
17
100
AcDbEntity
  8
CUT
100
AcDbCircle
 10
11.5
 20
349.3
 30
0.0
 40
1.0
100
AcDbArc
 50
90.0
 51
270.0
  0
LINE
  5
2AE
330
17
100
AcDbEntity
  8
CUT
100
AcDbLine
 10
11.5
 20
350.3
 30
0.0
 11
29.100000000000023
 21
350.3
 31
0.0
  0
ARC
  5
2AF
330
17
100
AcDbEntity
  8
CUT
100
AcDbCircle
 10
29.100000000000023
 20
349.3
 30
0.0
 40
1.0
100
AcDbArc
 50
-90.0
 51
90.0
  0
LINE
  5
2B1
330
17
100
AcDbEntity
  8
CUT
100
AcDbLine
 10
0.0
 20
385.0
 30
0.0
 11
30.0
 21
385.0
 31
0.0
  0
LINE
  5
2B2
330
17
100
AcDbEntity
  8
CUT
100
AcDbLine
 10
30.0
 20
385.0
 30
0.0
 11
30.0
 21
381.0
 31
0.0
  0
LINE
  5
2B3
330
17
100
AcDbEntity
  8
CUT
100
AcDbLine
 10
30.0
 20
381.0
 30
0.0
 11
40.0
 21
381.0
 31
0.0
  0
LINE
  5
2B4
330
17
100
AcDbEntity
  8
CUT
100
AcDbLine
 10
40.0
 20
381.0
 30
0.0
 11
40.0
 21
385.0
 31
0.0
  0
LINE
  5
2B5
330
17
100
AcDbEntity
  8
CUT
100
AcDbLine
 10
40.0
 20
385.0
 30
0.0
 11
115.53333333333335
 21
385.0
 31
0.0
  0
LINE
  5
2B6
330
17
100
AcDbEntity
  8
CUT
100
AcDbLine
 10
115.53333333333335
 20
385.0
 30
0.0
 11
115.53333333333335
 21
381.0
 31
0.0
  0
LINE
  5
2B7
330
17
100
AcDbEntity
  8
CUT
100
AcDbLine
 10
115.53333333333335
 20
381.0
 30
0.0
 11
125.53333333333335
 21
381.0
 31
0.0
  0
LINE
  5
2B8
330
17
100
AcDbEntity
  8
CUT
100
AcDbLine
 10
125.53333333333335
 20
381.0
 30
0.0
 11
125.53333333333335
 21
385.0
 31
0.0
  0
LINE
  5
2B9
330
17
100
AcDbEntity
  8
CUT
100
AcDbLine
 10
125.53333333333335
 20
385.0
 30
0.0
 11
201.0666666666667
 21
385.0
 31
0.0
  0
LINE
  5
2BA
330
17
100
AcDbEntity
  8
CUT
100
AcDbLine
 10
201.0666666666667
 20
385.0
 30
0.0
 11
201.0666666666667
 21
381.0
 31
0.0
  0
LINE
  5
2BB
330
17
100
AcDbEntity
  8
CUT
100
AcDbLine
 10
201.0666666666667
 20
381.0
 30
0.0
 11
211.0666666666667
 21
381.0
 31
0.0
  0
LINE
  5
2BC
330
17
100
AcDbEntity
  8
CUT
100
AcDbLine
 10
211.0666666666667
 20
381.0
 30
0.0
 11
211.0666666666667
 21
385.0
 31
0.0
  0
LINE
  5
2BD
330
17
100
AcDbEntity
  8
CUT
100
AcDbLine
 10
211.0666666666667
 20
385.0
 30
0.0
 11
286.6
 21
385.0
 31
0.0
  0
LINE
  5
2BE
330
17
100
AcDbEntity
  8
CUT
100
AcDbLine
 10
286.6
 20
385.0
 30
0.0
 11
286.6
 21
381.0
 31
0.0
  0
LINE
  5
2BF
330
17
100
AcDbEntity
  8
CUT
100
AcDbLine
 10
286.6
 20
381.0
 30
0.0
 11
296.6
 21
381.0
 31
0.0
  0
LINE
  5
2C0
330
17
100
AcDbEntity
  8
CUT
100
AcDbLine
 10
296.6
 20
381.0
 30
0.0
 11
296.6
 21
385.0
 31
0.0
  0
LINE
  5
2C1
330
17
100
AcDbEntity
  8
CUT
100
AcDbLine
 10
296.6
 20
385.0
 30
0.0
 11
326.6
 21
385.0
 31
0.0
  0
LINE
  5
2C2
330
17
100
AcDbEntity
  8
CUT
100
AcDbLine
 10
326.6
 20
385.0
 30
0.0
 11
326.6
 21
410.0
 31
0.0
  0
LINE
  5
2C3
330
17
100
AcDbEntity
  8
CUT
100
AcDbLine
 10
326.6
 20
410.0
 30
0.0
 11
296.6
 21
410.0
 31
0.0
  0
LINE
  5
2C4
330
17
100
AcDbEntity
  8
CUT
100
AcDbLine
 10
296.6
 20
410.0
 30
0.0
 11
296.6
 21
414.0
 31
0.0
  0
LINE
  5
2C5
330
17
100
AcDbEntity
  8
CUT
100
AcDbLine
 10
296.6
 20
414.0
 30
0.0
 11
286.6
 21
414.0
 31
0.0
  0
LINE
  5
2C6
330
17
100
AcDbEntity
  8
CUT
100
AcDbLine
 10
286.6
 20
414.0
 30
0.0
 11
286.6
 21
410.0
 31
0.0
  0
LINE
  5
2C7
330
17
100
AcDbEntity
  8
CUT
100
AcDbLine
 10
286.6
 20
410.0
 30
0.0
 11
211.0666666666667
 21
410.0
 31
0.0
  0
LINE
  5
2C8
330
17
100
AcDbEntity
  8
CUT
100
AcDbLine
 10
211.0666666666667
 20
410.0
 30
0.0
 11
211.0666666666667
 21
414.0
 31
0.0
  0
LINE
  5
2C9
330
17
100
AcDbEntity
  8
CUT
100
AcDbLine
 10
211.0666666666667
 20
414.0
 30
0.0
 11
201.0666666666667
 21
414.0
 31
0.0
  0
LINE
  5
2CA
330
17
100
AcDbEntity
  8
CUT
100
AcDbLine
 10
201.0666666666667
 20
414.0
 30
0.0
 11
201.0666666666667
 21
410.0
 31
0.0
  0
LINE
  5
2CB
330
17
100
AcDbEntity
  8
CUT
100
AcDbLine
 10
201.0666666666667
 20
410.0
 30
0.0
 11
125.53333333333335
 21
410.0
 31
0.0
  0
LINE
  5
2CC
330
17
100
AcDbEntity
  8
CUT
100
AcDbLine
 10
125.53333333333335
 20
410.0
 30
0.0
 11
125.53333333333335
 21
414.0
 31
0.0
  0
LINE
  5
2CD
330
17
100
AcDbEntity
  8
CUT
100
AcDbLine
 10
125.53333333333335
 20
414.0
 30
0.0
 11
115.53333333333335
 21
414.0
 31
0.0
  0
LINE
  5
2CE
330
17
100
AcDbEntity
  8
CUT
100
AcDbLine
 10
115.53333333333335
 20
414.0
 30
0.0
 11
115.53333333333335
 21
410.0
 31
0.0
  0
LINE
  5
2CF
330
17
100
AcDbEntity
  8
CUT
100
AcDbLine
 10
115.53333333333335
 20
410.0
 30
0.0
 11
40.0
 21
410.0
 31
0.0
  0
LINE
  5
2D0
330
17
100
AcDbEntity
  8
CUT
100
AcDbLine
 10
40.0
 20
410.0
 30
0.0
 11
40.0
 21
414.0
 31
0.0
  0
LINE
  5
2D1
330
17
100
AcDbEntity
  8
CUT
100
AcDbLine
 10
40.0
 20
414.0
 30
0.0
 11
30.0
 21
414.0
 31
0.0
  0
LINE
  5
2D2
330
17
100
AcDbEntity
  8
CUT
100
AcDbLine
 10
30.0
 20
414.0
 30
0.0
 11
30.0
 21
410.0
 31
0.0
  0
LINE
  5
2D3
330
17
100
AcDbEntity
  8
CUT
100
AcDbLine
 10
30.0
 20
410.0
 30
0.0
 11
0.0
 21
410.0
 31
0.0
  0
LINE
  5
2D4
330
17
100
AcDbEntity
  8
CUT
100
AcDbLine
 10
0.0
 20
410.0
 30
0.0
 11
0.0
 21
385.0
 31
0.0
  0
LINE
  5
2D5
330
17
100
AcDbEntity
  8
CUT
100
AcDbLine
 10
0.0
 20
420.0
 30
0.0
 11
30.0
 21
420.0
 31
0.0
  0
LINE
  5
2D6
330
17
100
AcDbEntity
  8
CUT
100
AcDbLine
 10
30.0
 20
420.0
 30
0.0
 11
30.0
 21
416.0
 31
0.0
  0
LINE
  5
2D7
330
17
100
AcDbEntity
  8
CUT
100
AcDbLine
 10
30.0
 20
416.0
 30
0.0
 11
40.0
 21
416.0
 31
0.0
  0
LINE
  5
2D8
330
17
100
AcDbEntity
  8
CUT
100
AcDbLine
 10
40.0
 20
416.0
 30
0.0
 11
40.0
 21
420.0
 31
0.0
  0
LINE
  5
2D9
330
17
100
AcDbEntity
  8
CUT
100
AcDbLine
 10
40.0
 20
420.0
 30
0.0
 11
115.53333333333335
 21
420.0
 31
0.0
  0
LINE
  5
2DA
330
17
100
AcDbEntity
  8
CUT
100
AcDbLine
 10
115.53333333333335
 20
420.0
 30
0.0
 11
115.53333333333335
 21
416.0
 31
0.0
  0
LINE
  5
2DB
330
17
100
AcDbEntity
  8
CUT
100
AcDbLine
 10
115.53333333333335
 20
416.0
 30
0.0
 11
125.53333333333335
 21
416.0
 31
0.0
  0
LINE
  5
2DC
330
17
100
AcDbEntity
  8
CUT
100
AcDbLine
 10
125.53333333333335
 20
416.0
 30
0.0
 11
125.53333333333335
 21
420.0
 31
0.0
  0
LINE
  5
2DD
330
17
100
AcDbEntity
  8
CUT
100
AcDbLine
 10
125.53333333333335
 20
420.0
 30
0.0
 11
201.0666666666667
 21
420.0
 31
0.0
  0
LINE
  5
2DE
330
17
100
AcDbEntity
  8
CUT
100
AcDbLine
 10
201.0666666666667
 20
420.0
 30
0.0
 11
201.0666666666667
 21
416.0
 31
0.0
  0
LINE
  5
2DF
330
17
100
AcDbEntity
  8
CUT
100
AcDbLine
 10
201.0666666666667
 20
416.0
 30
0.0
 11
211.0666666666667
 21
416.0
 31
0.0
  0
LINE
  5
2E0
330
17
100
AcDbEntity
  8
CUT
100
AcDbLine
 10
211.0666666666667
 20
416.0
 30
0.0
 11
211.0666666666667
 21
420.0
 31
0.0
  0
LINE
  5
2E1
330
17
100
AcDbEntity
  8
CUT
100
AcDbLine
 10
211.0666666666667
 20
420.0
 30
0.0
 11
286.6
 21
420.0
 31
0.0
  0
LINE
  5
2E2
330
17
100
AcDbEntity
  8
CUT
100
AcDbLine
 10
286.6
 20
420.0
 30
0.0
 11
286.6
 21
416.0
 31
0.0
  0
LINE
  5
2E3
330
17
100
AcDbEntity
  8
CUT
100
AcDbLine
 10
286.6
 20
416.0
 30
0.0
 11
296.6
 21
416.0
 31
0.0
  0
LINE
  5
2E4
330
17
100
AcDbEntity
  8
CUT
100
AcDbLine
 10
296.6
 20
416.0
 30
0.0
 11
296.6
 21
420.0
 31
0.0
  0
LINE
  5
2E5
330
17
100
AcDbEntity
  8
CUT
100
AcDbLine
 10
296.6
 20
420.0
 30
0.0
 11
326.6
 21
420.0
 31
0.0
  0
LINE
  5
2E6
330
17
100
AcDbEntity
  8
CUT
100
AcDbLine
 10
326.6
 20
420.0
 30
0.0
 11
326.6
 21
445.0
 31
0.0
  0
LINE
  5
2E7
330
17
100
AcDbEntity
  8
CUT
100
AcDbLine
 10
326.6
 20
445.0
 30
0.0
 11
296.6
 21
445.0
 31
0.0
  0
LINE
  5
2E8
330
17
100
AcDbEntity
  8
CUT
100
AcDbLine
 10
296.6
 20
445.0
 30
0.0
 11
296.6
 21
449.0
 31
0.0
  0
LINE
  5
2E9
330
17
100
AcDbEntity
  8
CUT
100
AcDbLine
 10
296.6
 20
449.0
 30
0.0
 11
286.6
 21
449.0
 31
0.0
  0
LINE
  5
2EA
330
17
100
AcDbEntity
  8
CUT
100
AcDbLine
 10
286.6
 20
449.0
 30
0.0
 11
286.6
 21
445.0
 31
0.0
  0
LINE
  5
2EB
330
17
100
AcDbEntity
  8
CUT
100
AcDbLine
 10
286.6
 20
445.0
 30
0.0
 11
211.0666666666667
 21
445.0
 31
0.0
  0
LINE
  5
2EC
330
17
100
AcDbEntity
  8
CUT
100
AcDbLine
 10
211.0666666666667
 20
445.0
 30
0.0
 11
211.0666666666667
 21
449.0
 31
0.0
  0
LINE
  5
2ED
330
17
100
AcDbEntity
  8
CUT
100
AcDbLine
 10
211.0666666666667
 20
449.0
 30
0.0
 11
201.0666666666667
 21
449.0
 31
0.0
  0
LINE
  5
2EE
330
17
100
AcDbEntity
  8
CUT
100
AcDbLine
 10
201.0666666666667
 20
449.0
 30
0.0
 11
201.0666666666667
 21
445.0
 31
0.0
  0
LINE
  5
2EF
330
17
100
AcDbEntity
  8
CUT
100
AcDbLine
 10
201.0666666666667
 20
445.0
 30
0.0
 11
125.53333333333335
 21
445.0
 31
0.0
  0
LINE
  5
2F0
330
17
100
AcDbEntity
  8
CUT
100
AcDbLine
 10
125.53333333333335
 20
445.0
 30
0.0
 11
125.53333333333335
 21
449.0
 31
0.0
  0
LINE
  5
2F1
330
17
100
AcDbEntity
  8
CUT
100
AcDbLine
 10
125.53333333333335
 20
449.0
 30
0.0
 11
115.53333333333335
 21
449.0
 31
0.0
  0
LINE
  5
2F2
330
17
100
AcDbEntity
  8
CUT
100
AcDbLine
 10
115.53333333333335
 20
449.0
 30
0.0
 11
115.53333333333335
 21
445.0
 31
0.0
  0
LINE
  5
2F3
330
17
100
AcDbEntity
  8
CUT
100
AcDbLine
 10
115.53333333333335
 20
445.0
 30
0.0
 11
40.0
 21
445.0
 31
0.0
  0
LINE
  5
2F4
330
17
100
AcDbEntity
  8
CUT
100
AcDbLine
 10
40.0
 20
445.0
 30
0.0
 11
40.0
 21
449.0
 31
0.0
  0
LINE
  5
2F5
330
17
100
AcDbEntity
  8
CUT
100
AcDbLine
 10
40.0
 20
449.0
 30
0.0
 11
30.0
 21
449.0
 31
0.0
  0
LINE
  5
2F6
330
17
100
AcDbEntity
  8
CUT
100
AcDbLine
 10
30.0
 20
449.0
 30
0.0
 11
30.0
 21
445.0
 31
0.0
  0
LINE
  5
2F7
330
17
100
AcDbEntity
  8
CUT
100
AcDbLine
 10
30.0
 20
445.0
 30
0.0
 11
0.0
 21
445.0
 31
0.0
  0
LINE
  5
2F8
330
17
100
AcDbEntity
  8
CUT
100
AcDbLine
 10
0.0
 20
445.0
 30
0.0
 11
0.0
 21
420.0
 31
0.0
  0
LINE
  5
2F9
330
17
100
AcDbEntity
  8
CUT
100
AcDbLine
 10
0.0
 20
455.0
 30
0.0
 11
30.0
 21
455.0
 31
0.0
  0
LINE
  5
2FA
330
17
100
AcDbEntity
  8
CUT
100
AcDbLine
 10
30.0
 20
455.0
 30
0.0
 11
30.0
 21
451.0
 31
0.0
  0
LINE
  5
2FB
330
17
100
AcDbEntity
  8
CUT
100
AcDbLine
 10
30.0
 20
451.0
 30
0.0
 11
40.0
 21
451.0
 31
0.0
  0
LINE
  5
2FC
330
17
100
AcDbEntity
  8
CUT
100
AcDbLine
 10
40.0
 20
451.0
 30
0.0
 11
40.0
 21
455.0
 31
0.0
  0
LINE
  5
2FD
330
17
100
AcDbEntity
  8
CUT
100
AcDbLine
 10
40.0
 20
455.0
 30
0.0
 11
118.80000000000001
 21
455.0
 31
0.0
  0
LINE
  5
2FE
330
17
100
AcDbEntity
  8
CUT
100
AcDbLine
 10
118.80000000000001
 20
455.0
 30
0.0
 11
118.80000000000001
 21
451.0
 31
0.0
  0
LINE
  5
2FF
330
17
100
AcDbEntity
  8
CUT
100
AcDbLine
 10
118.80000000000001
 20
451.0
 30
0.0
 11
128.8
 21
451.0
 31
0.0
  0
LINE
  5
300
330
17
100
AcDbEntity
  8
CUT
100
AcDbLine
 10
128.8
 20
451.0
 30
0.0
 11
128.8
 21
455.0
 31
0.0
  0
LINE
  5
301
330
17
100
AcDbEntity
  8
CUT
100
AcDbLine
 10
128.8
 20
455.0
 30
0.0
 11
158.8
 21
455.0
 31
0.0
  0
LINE
  5
302
330
17
100
AcDbEntity
  8
CUT
100
AcDbLine
 10
158.8
 20
455.0
 30
0.0
 11
158.8
 21
480.0
 31
0.0
  0
LINE
  5
303
330
17
100
AcDbEntity
  8
CUT
100
AcDbLine
 10
158.8
 20
480.0
 30
0.0
 11
128.8
 21
480.0
 31
0.0
  0
LINE
  5
304
330
17
100
AcDbEntity
  8
CUT
100
AcDbLine
 10
128.8
 20
480.0
 30
0.0
 11
128.8
 21
484.0
 31
0.0
  0
LINE
  5
305
330
17
100
AcDbEntity
  8
CUT
100
AcDbLine
 10
128.8
 20
484.0
 30
0.0
 11
118.80000000000001
 21
484.0
 31
0.0
  0
LINE
  5
306
330
17
100
AcDbEntity
  8
CUT
100
AcDbLine
 10
118.80000000000001
 20
484.0
 30
0.0
 11
118.80000000000001
 21
480.0
 31
0.0
  0
LINE
  5
307
330
17
100
AcDbEntity
  8
CUT
100
AcDbLine
 10
118.80000000000001
 20
480.0
 30
0.0
 11
40.0
 21
480.0
 31
0.0
  0
LINE
  5
308
330
17
100
AcDbEntity
  8
CUT
100
AcDbLine
 10
40.0
 20
480.0
 30
0.0
 11
40.0
 21
484.0
 31
0.0
  0
LINE
  5
309
330
17
100
AcDbEntity
  8
CUT
100
AcDbLine
 10
40.0
 20
484.0
 30
0.0
 11
30.0
 21
484.0
 31
0.0
  0
LINE
  5
30A
330
17
100
AcDbEntity
  8
CUT
100
AcDbLine
 10
30.0
 20
484.0
 30
0.0
 11
30.0
 21
480.0
 31
0.0
  0
LINE
  5
30B
330
17
100
AcDbEntity
  8
CUT
100
AcDbLine
 10
30.0
 20
480.0
 30
0.0
 11
0.0
 21
480.0
 31
0.0
  0
LINE
  5
30C
330
17
100
AcDbEntity
  8
CUT
100
AcDbLine
 10
0.0
 20
480.0
 30
0.0
 11
0.0
 21
455.0
 31
0.0
  0
LINE
  5
30D
330
17
100
AcDbEntity
  8
CUT
100
AcDbLine
 10
170.0
 20
455.0
 30
0.0
 11
200.0
 21
455.0
 31
0.0
  0
LINE
  5
30E
330
17
100
AcDbEntity
  8
CUT
100
AcDbLine
 10
200.0
 20
455.0
 30
0.0
 11
200.0
 21
451.0
 31
0.0
  0
LINE
  5
30F
330
17
100
AcDbEntity
  8
CUT
100
AcDbLine
 10
200.0
 20
451.0
 30
0.0
 11
210.0
 21
451.0
 31
0.0
  0
LINE
  5
310
330
17
100
AcDbEntity
  8
CUT
100
AcDbLine
 10
210.0
 20
451.0
 30
0.0
 11
210.0
 21
455.0
 31
0.0
  0
LINE
  5
311
330
17
100
AcDbEntity
  8
CUT
100
AcDbLine
 10
210.0
 20
455.0
 30
0.0
 11
288.8
 21
455.0
 31
0.0
  0
LINE
  5
312
330
17
100
AcDbEntity
  8
CUT
100
AcDbLine
 10
288.8
 20
455.0
 30
0.0
 11
288.8
 21
451.0
 31
0.0
  0
LINE
  5
313
330
17
100
AcDbEntity
  8
CUT
100
AcDbLine
 10
288.8
 20
451.0
 30
0.0
 11
298.8
 21
451.0
 31
0.0
  0
LINE
  5
314
330
17
100
AcDbEntity
  8
CUT
100
AcDbLine
 10
298.8
 20
451.0
 30
0.0
 11
298.8
 21
455.0
 31
0.0
  0
LINE
  5
315
330
17
100
AcDbEntity
  8
CUT
100
AcDbLine
 10
298.8
 20
455.0
 30
0.0
 11
328.8
 21
455.0
 31
0.0
  0
LINE
  5
316
330
17
100
AcDbEntity
  8
CUT
100
AcDbLine
 10
328.8
 20
455.0
 30
0.0
 11
328.8
 21
480.0
 31
0.0
  0
LINE
  5
317
330
17
100
AcDbEntity
  8
CUT
100
AcDbLine
 10
328.8
 20
480.0
 30
0.0
 11
298.8
 21
480.0
 31
0.0
  0
LINE
  5
318
330
17
100
AcDbEntity
  8
CUT
100
AcDbLine
 10
298.8
 20
480.0
 30
0.0
 11
298.8
 21
484.0
 31
0.0
  0
LINE
  5
319
330
17
100
AcDbEntity
  8
CUT
100
AcDbLine
 10
298.8
 20
484.0
 30
0.0
 11
288.8
 21
484.0
 31
0.0
  0
LINE
  5
31A
330
17
100
AcDbEntity
  8
CUT
100
AcDbLine
 10
288.8
 20
484.0
 30
0.0
 11
288.8
 21
480.0
 31
0.0
  0
LINE
  5
31B
330
17
100
AcDbEntity
  8
CUT
100
AcDbLine
 10
288.8
 20
480.0
 30
0.0
 11
210.0
 21
480.0
 31
0.0
  0
LINE
  5
31C
330
17
100
AcDbEntity
  8
CUT
100
AcDbLine
 10
210.0
 20
480.0
 30
0.0
 11
210.0
 21
484.0
 31
0.0
  0
LINE
  5
31D
330
17
100
AcDbEntity
  8
CUT
100
AcDbLine
 10
210.0
 20
484.0
 30
0.0
 11
200.0
 21
484.0
 31
0.0
  0
LINE
  5
31E
330
17
100
AcDbEntity
  8
CUT
100
AcDbLine
 10
200.0
 20
484.0
 30
0.0
 11
200.0
 21
480.0
 31
0.0
  0
LINE
  5
31F
330
17
100
AcDbEntity
  8
CUT
100
AcDbLine
 10
200.0
 20
480.0
 30
0.0
 11
170.0
 21
480.0
 31
0.0
  0
LINE
  5
320
330
17
100
AcDbEntity
  8
CUT
100
AcDbLine
 10
170.0
 20
480.0
 30
0.0
 11
170.0
 21
455.0
 31
0.0
  0
LINE
  5
321
330
17
100
AcDbEntity
  8
CUT
100
AcDbLine
 10
3.0
 20
495.0
 30
0.0
 11
181.0
 21
495.0
 31
0.0
  0
ARC
  5
322
330
17
100
AcDbEntity
  8
CUT
100
AcDbCircle
 10
181.0
 20
498.0
 30
0.0
 40
3.0
100
AcDbArc
 50
-90.0
 51
0.0
  0
LINE
  5
323
330
17
100
AcDbEntity
  8
CUT
100
AcDbLine
 10
184.0
 20
498.0
 30
0.0
 11
184.0
 21
526.0
 31
0.0
  0
ARC
  5
324
330
17
100
AcDbEntity
  8
CUT
100
AcDbCircle
 10
181.0
 20
526.0
 30
0.0
 40
3.0
100
AcDbArc
 50
0.0
 51
90.0
  0
LINE
  5
325
330
17
100
AcDbEntity
  8
CUT
100
AcDbLine
 10
181.0
 20
529.0
 30
0.0
 11
3.0
 21
529.0
 31
0.0
  0
ARC
  5
326
330
17
100
AcDbEntity
  8
CUT
100
AcDbCircle
 10
3.0
 20
526.0
 30
0.0
 40
3.0
100
AcDbArc
 50
90.0
 51
180.0
  0
LINE
  5
327
330
17
100
AcDbEntity
  8
CUT
100
AcDbLine
 10
0.0
 20
526.0
 30
0.0
 11
0.0
 21
498.0
 31
0.0
  0
ARC
  5
328
330
17
100
AcDbEntity
  8
CUT
100
AcDbCircle
 10
3.0
 20
498.0
 30
0.0
 40
3.0
100
AcDbArc
 50
180.0
 51
270.0
  0
LINE
  5
329
330
17
100
AcDbEntity
  8
CUT
100
AcDbLine
 10
6.0
 20
507.0
 30
0.0
 11
16.0
 21
507.0
 31
0.0
  0
LINE
  5
32A
330
17
100
AcDbEntity
  8
CUT
100
AcDbLine
 10
16.0
 20
507.0
 30
0.0
 11
16.0
 21
517.0
 31
0.0
  0
LINE
  5
32B
330
17
100
AcDbEntity
  8
CUT
100
AcDbLine
 10
16.0
 20
517.0
 30
0.0
 11
6.0
 21
517.0
 31
0.0
  0
LINE
  5
32C
330
17
100
AcDbEntity
  8
CUT
100
AcDbLine
 10
6.0
 20
517.0
 30
0.0
 11
6.0
 21
507.0
 31
0.0
  0
LINE
  5
32D
330
17
100
AcDbEntity
  8
CUT
100
AcDbLine
 10
32.35
 20
506.0
 30
0.0
 11
35.65
 21
506.0
 31
0.0
  0
LINE
  5
32E
330
17
100
AcDbEntity
  8
CUT
100
AcDbLine
 10
35.65
 20
506.0
 30
0.0
 11
35.65
 21
518.0
 31
0.0
  0
LINE
  5
32F
330
17
100
AcDbEntity
  8
CUT
100
AcDbLine
 10
35.65
 20
518.0
 30
0.0
 11
32.35
 21
518.0
 31
0.0
  0
LINE
  5
330
330
17
100
AcDbEntity
  8
CUT
100
AcDbLine
 10
32.35
 20
518.0
 30
0.0
 11
32.35
 21
506.0
 31
0.0
  0
LINE
  5
331
330
17
100
AcDbEntity
  8
CUT
100
AcDbLine
 10
48.3
 20
506.0
 30
0.0
 11
51.699999999999996
 21
506.0
 31
0.0
  0
LINE
  5
332
330
17
100
AcDbEntity
  8
CUT
100
AcDbLine
 10
51.699999999999996
 20
506.0
 30
0.0
 11
51.699999999999996
 21
518.0
 31
0.0
  0
LINE
  5
333
330
17
100
AcDbEntity
  8
CUT
100
AcDbLine
 10
51.699999999999996
 20
518.0
 30
0.0
 11
48.3
 21
518.0
 31
0.0
  0
LINE
  5
334
330
17
100
AcDbEntity
  8
CUT
100
AcDbLine
 10
48.3
 20
518.0
 30
0.0
 11
48.3
 21
506.0
 31
0.0
  0
LINE
  5
335
330
17
100
AcDbEntity
  8
CUT
100
AcDbLine
 10
64.25
 20
506.0
 30
0.0
 11
67.75
 21
506.0
 31
0.0
  0
LINE
  5
336
330
17
100
AcDbEntity
  8
CUT
100
AcDbLine
 10
67.75
 20
506.0
 30
0.0
 11
67.75
 21
518.0
 31
0.0
  0
LINE
  5
337
330
17
100
AcDbEntity
  8
CUT
100
AcDbLine
 10
67.75
 20
518.0
 30
0.0
 11
64.25
 21
518.0
 31
0.0
  0
LINE
  5
338
330
17
100
AcDbEntity
  8
CUT
100
AcDbLine
 10
64.25
 20
518.0
 30
0.0
 11
64.25
 21
506.0
 31
0.0
  0
LINE
  5
339
330
17
100
AcDbEntity
  8
CUT
100
AcDbLine
 10
80.2
 20
506.0
 30
0.0
 11
83.8
 21
506.0
 31
0.0
  0
LINE
  5
33A
330
17
100
AcDbEntity
  8
CUT
100
AcDbLine
 10
83.8
 20
506.0
 30
0.0
 11
83.8
 21
518.0
 31
0.0
  0
LINE
  5
33B
330
17
100
AcDbEntity
  8
CUT
100
AcDbLine
 10
83.8
 20
518.0
 30
0.0
 11
80.2
 21
518.0
 31
0.0
  0
LINE
  5
33C
330
17
100
AcDbEntity
  8
CUT
100
AcDbLine
 10
80.2
 20
518.0
 30
0.0
 11
80.2
 21
506.0
 31
0.0
  0
LINE
  5
33D
330
17
100
AcDbEntity
  8
CUT
100
AcDbLine
 10
96.15
 20
506.0
 30
0.0
 11
99.85000000000001
 21
506.0
 31
0.0
  0
LINE
  5
33E
330
17
100
AcDbEntity
  8
CUT
100
AcDbLine
 10
99.85000000000001
 20
506.0
 30
0.0
 11
99.85000000000001
 21
518.0
 31
0.0
  0
LINE
  5
33F
330
17
100
AcDbEntity
  8
CUT
100
AcDbLine
 10
99.85000000000001
 20
518.0
 30
0.0
 11
96.15
 21
518.0
 31
0.0
  0
LINE
  5
340
330
17
100
AcDbEntity
  8
CUT
100
AcDbLine
 10
96.15
 20
518.0
 30
0.0
 11
96.15
 21
506.0
 31
0.0
  0
LINE
  5
341
330
17
100
AcDbEntity
  8
CUT
100
AcDbLine
 10
112.1
 20
506.0
 30
0.0
 11
115.89999999999999
 21
506.0
 31
0.0
  0
LINE
  5
342
330
17
100
AcDbEntity
  8
CUT
100
AcDbLine
 10
115.89999999999999
 20
506.0
 30
0.0
 11
115.89999999999999
 21
518.0
 31
0.0
  0
LINE
  5
343
330
17
100
AcDbEntity
  8
CUT
100
AcDbLine
 10
115.89999999999999
 20
518.0
 30
0.0
 11
112.1
 21
518.0
 31
0.0
  0
LINE
  5
344
330
17
100
AcDbEntity
  8
CUT
100
AcDbLine
 10
112.1
 20
518.0
 30
0.0
 11
112.1
 21
506.0
 31
0.0
  0
LINE
  5
345
330
17
100
AcDbEntity
  8
CUT
100
AcDbLine
 10
128.05
 20
506.0
 30
0.0
 11
131.95000000000002
 21
506.0
 31
0.0
  0
LINE
  5
346
330
17
100
AcDbEntity
  8
CUT
100
AcDbLine
 10
131.95000000000002
 20
506.0
 30
0.0
 11
131.95000000000002
 21
518.0
 31
0.0
  0
LINE
  5
347
330
17
100
AcDbEntity
  8
CUT
100
AcDbLine
 10
131.95000000000002
 20
518.0
 30
0.0
 11
128.05
 21
518.0
 31
0.0
  0
LINE
  5
348
330
17
100
AcDbEntity
  8
CUT
100
AcDbLine
 10
128.05
 20
518.0
 30
0.0
 11
128.05
 21
506.0
 31
0.0
  0
CIRCLE
  5
349
330
17
100
AcDbEntity
  8
CUT
100
AcDbCircle
 10
154.0
 20
508.8
 30
0.0
 40
1.0
  0
CIRCLE
  5
34A
330
17
100
AcDbEntity
  8
CUT
100
AcDbCircle
 10
154.0
 20
512.0
 30
0.0
 40
1.0
  0
CIRCLE
  5
34B
330
17
100
AcDbEntity
  8
CUT
100
AcDbCircle
 10
154.0
 20
515.2
 30
0.0
 40
1.0
  0
CIRCLE
  5
34C
330
17
100
AcDbEntity
  8
CUT
100
AcDbCircle
 10
157.2
 20
508.8
 30
0.0
 40
1.0
  0
CIRCLE
  5
34D
330
17
100
AcDbEntity
  8
CUT
100
AcDbCircle
 10
157.2
 20
512.0
 30
0.0
 40
1.0
  0
CIRCLE
  5
34E
330
17
100
AcDbEntity
  8
CUT
100
AcDbCircle
 10
157.2
 20
515.2
 30
0.0
 40
1.0
  0
CIRCLE
  5
34F
330
17
100
AcDbEntity
  8
CUT
100
AcDbCircle
 10
160.4
 20
508.8
 30
0.0
 40
1.0
  0
CIRCLE
  5
350
330
17
100
AcDbEntity
  8
CUT
100
AcDbCircle
 10
160.4
 20
512.0
 30
0.0
 40
1.0
  0
CIRCLE
  5
351
330
17
100
AcDbEntity
  8
CUT
100
AcDbCircle
 10
160.4
 20
515.2
 30
0.0
 40
1.0
  0
CIRCLE
  5
352
330
17
100
AcDbEntity
  8
CUT
100
AcDbCircle
 10
163.6
 20
508.8
 30
0.0
 40
1.0
  0
CIRCLE
  5
353
330
17
100
AcDbEntity
  8
CUT
100
AcDbCircle
 10
163.6
 20
512.0
 30
0.0
 40
1.0
  0
CIRCLE
  5
354
330
17
100
AcDbEntity
  8
CUT
100
AcDbCircle
 10
163.6
 20
515.2
 30
0.0
 40
1.0
  0
CIRCLE
  5
355
330
17
100
AcDbEntity
  8
CUT
100
AcDbCircle
 10
166.8
 20
508.8
 30
0.0
 40
1.0
  0
CIRCLE
  5
356
330
17
100
AcDbEntity
  8
CUT
100
AcDbCircle
 10
166.8
 20
512.0
 30
0.0
 40
1.0
  0
CIRCLE
  5
357
330
17
100
AcDbEntity
  8
CUT
100
AcDbCircle
 10
166.8
 20
515.2
 30
0.0
 40
1.0
  0
CIRCLE
  5
358
330
17
100
AcDbEntity
  8
CUT
100
AcDbCircle
 10
170.0
 20
508.8
 30
0.0
 40
1.0
  0
CIRCLE
  5
359
330
17
100
AcDbEntity
  8
CUT
100
AcDbCircle
 10
170.0
 20
512.0
 30
0.0
 40
1.0
  0
CIRCLE
  5
35A
330
17
100
AcDbEntity
  8
CUT
100
AcDbCircle
 10
170.0
 20
515.2
 30
0.0
 40
1.0
  0
LWPOLYLINE
  5
363
330
17
100
AcDbEntity
  8
ENGRAVE
100
AcDbPolyline
 90
13
 70
0
 10
143.624965893588
 20
195.3
 10
143.29918144611187
 20
195.3
 10
142.04515688949525
 20
197.18431105047748
 10
142.03860845839017
 20
197.18431105047748
 10
142.03860845839017
 20
195.3
 10
141.737380627558
 20
195.3
 10
141.737380627558
 20
197.7
 10
142.06152796725786
 20
197.7
 10
143.3155525238745
 20
195.81568894952252
 10
143.32210095497953
 20
195.81568894952252
 10
143.32210095497953
 20
197.7
 10
143.624965893588
 20
197.7
 10
143.624965893588
 20
195.3
  0
LWPOLYLINE
  5
364
330
17
100
AcDbEntity
  8
ENGRAVE
100
AcDbPolyline
 90
5
 70
0
 10
144.41241473397
 20
195.3
 10
144.11773533424284
 20
195.3
 10
144.11773533424284
 20
197.03697135061392
 10
144.41241473397
 20
197.03697135061392
 10
144.41241473397
 20
195.3
  0
LWPOLYLINE
  5
365
330
17
100
AcDbEntity
  8
ENGRAVE
100
AcDbPolyline
 90
5
 70
0
 10
144.41241473397
 20
197.36603001364256
 10
144.11773533424284
 20
197.36603001364256
 10
144.11773533424284
 20
197.7
 10
144.41241473397
 20
197.7
 10
144.41241473397
 20
197.36603001364256
  0
LWPOLYLINE
  5
366
330
17
100
AcDbEntity
  8
ENGRAVE
100
AcDbPolyline
 90
71
 70
0
 10
146.28526603001364
 20
195.90081855388814
 10
146.24740791268758
 20
195.74575375170534
 10
146.1911323328786
 20
195.61289222373807
 10
146.11643929058664
 20
195.50223396998635
 10
146.02332878581174
 20
195.4137789904502
 10
145.91763301500683
 20
195.34609481582538
 10
145.80518417462486
 20
195.29774897680764
 10
145.68598226466577
 20
195.268741473397
 10
145.56002728512962
 20
195.25907230559346
 10
145.38168485675308
 20
195.27457366984993
 10
145.22482946794
 20
195.32107776261938
 10
145.08946111869034
 20
195.39858458390177
 10
144.9755798090041
 20
195.50709413369714
 10
144.88533424283764
 20
195.6411834924966
 10
144.82087312414734
 20
195.79542974079126
 10
144.78219645293314
 20
195.96983287858117
 10
144.7693042291951
 20
196.1643929058663
 10
144.77672237380628
 20
196.32539222373805
 10
144.79897680763983
 20
196.46950886766712
 10
144.83606753069577
 20
196.59674283765347
 10
144.8879945429741
 20
196.70709413369713
 10
144.95107435197818
 20
196.80143246930422
 10
145.02162346521146
 20
196.88062755798092
 10
145.09964188267395
 20
196.94467939972714
 10
145.18512960436564
 20
196.99358799454296
 10
145.2754774897681
 20
197.02975784447474
 10
145.36807639836292
 20
197.05559345156888
 10
145.46292633015008
 20
197.07109481582538
 10
145.56002728512962
 20
197.0762619372442
 10
145.68940995907232
 20
197.0675648021828
 10
145.80907230559347
 20
197.04147339699864
 10
145.91901432469305
 20
196.9979877216917
 10
146.01923601637108
 20
196.93710777626194
 10
146.10543997271486
 20
196.8593451568895
 10
146.17332878581175
 20
196.76521145975443
 10
146.22290245566165
 20
196.65470668485676
 10
146.25416098226466
 20
196.52783083219646
 10
145.9693042291951
 20
196.4836289222374
 10
145.94377557980903
 20
196.56579126875852
 10
145.91139154160985
 20
196.63710777626193
 10
145.87215211459755
 20
196.69757844474762
 10
145.82605729877218
 20
196.74720327421556
 10
145.7731070941337
 20
196.78587994542974
 10
145.71330150068215
 20
196.81350613915419
 10
145.64664051841748
 20
196.8300818553888
 10
145.5731241473397
 20
196.8356070941337
 10
145.45699181446113
 20
196.82465893587997
 10
145.35579809004093
 20
196.7918144611187
 10
145.26954297407914
 20
196.73707366984993
 10
145.19822646657573
 20
196.66043656207367
 10
145.14236016371078
 20
196.56415416098227
 10
145.1024556616644
 20
196.45047748976808
 10
145.07851296043657
 20
196.3194065484311
 10
145.0705320600273
 20
196.17094133697134
 10
145.07835948158254
 20
196.01966234652113
 10
145.10184174624828
 20
195.88669849931787
 10
145.14097885402455
 20
195.77204979536154
 10
145.19577080491132
 20
195.67571623465213
 10
145.26529672578445
 20
195.5994372442019
 10
145.3486357435198
 20
195.5449522510232
 10
145.44578785811734
 20
195.51226125511596
 10
145.5567530695771
 20
195.50136425648023
 10
145.64664051841748
 20
195.50816848567533
 10
145.72639836289224
 20
195.5285811732606
 10
145.79602660300137
 20
195.56260231923602
 10
145.8555252387449
 20
195.61023192360165
 10
145.90489427012278
 20
195.67146998635744
 10
145.94413369713507
 20
195.74631650750342
 10
145.97324351978173
 20
195.83477148703957
 10
145.99222373806276
 20
195.9368349249659
 10
146.28526603001364
 20
195.90081855388814
  0
LWPOLYLINE
  5
367
330
17
100
AcDbEntity
  8
ENGRAVE
100
AcDbPolyline
 90
13
 70
0
 10
147.9780354706685
 20
195.3
 10
147.6162346521146
 20
195.3
 10
147.03833560709415
 20
196.18894952251023
 10
146.83042291950886
 20
195.99085948158253
 10
146.83042291950886
 20
195.3
 10
146.53574351978173
 20
195.3
 10
146.53574351978173
 20
197.7
 10
146.83042291950886
 20
197.7
 10
146.83042291950886
 20
196.33301500682128
 10
147.52783083219646
 20
197.03697135061392
 10
147.91091405184176
 20
197.03697135061392
 10
147.24624829467942
 20
196.39358799454297
 10
147.9780354706685
 20
195.3
  0
LWPOLYLINE
  5
368
330
17
100
AcDbEntity
  8
ENGRAVE
100
AcDbPolyline
 90
33
 70
0
 10
148.92264665757165
 20
197.0762619372442
 10
149.09111527967258
 20
197.0619372442019
 10
149.24454297407914
 20
197.01896316507504
 10
149.38292974079127
 20
196.94733969986356
 10
149.50627557980903
 20
196.84706684856752
 10
149.60762278308323
 20
196.72039563437926
 10
149.68001364256483
 20
196.56957708049111
 10
149.72344815825377
 20
196.39461118690312
 10
149.7379263301501
 20
196.19549795361527
 10
149.7222714870396
 20
195.9580661664393
 10
149.67530695770807
 20
195.7581855388813
 10
149.59703274215553
 20
195.59585607094132
 10
149.487448840382
 20
195.47107776261936
 10
149.35821964529333
 20
195.37832537517053
 10
149.22100954979538
 20
195.31207366984995
 10
149.07581855388815
 20
195.27232264665759
 10
148.92264665757165
 20
195.25907230559346
 10
148.7635402455662
 20
195.27268076398363
 10
148.61527967257845
 20
195.31350613915419
 10
148.47786493860846
 20
195.38154843110505
 10
148.35129604365622
 20
195.4768076398363
 10
148.24529331514327
 20
195.60163710777627
 10
148.16957708049114
 20
195.75839017735333
 10
148.12414733969987
 20
195.94706684856752
 10
148.10900409276945
 20
196.16766712141882
 10
148.1236357435198
 20
196.38228171896316
 10
148.1675306957708
 20
196.56773533424283
 10
148.2406889495225
 20
196.72402796725785
 10
148.3431105047749
 20
196.85115961800818
 10
148.46712141882674
 20
196.94964188267394
 10
148.60504774897683
 20
197.0199863574352
 10
148.75688949522512
 20
197.06219304229194
 10
148.92264665757165
 20
197.0762619372442
  0
LWPOLYLINE
  5
369
330
17
100
AcDbEntity
  8
ENGRAVE
100
AcDbPolyline
 90
33
 70
0
 10
148.92264665757165
 20
195.50136425648023
 10
149.0411323328786
 20
195.5130286493861
 10
149.14447476125514
 20
195.54802182810369
 10
149.23267394270124
 20
195.60634379263303
 10
149.30572987721692
 20
195.68799454297408
 10
149.36302864938608
 20
195.78867667121418
 10
149.40395634379263
 20
195.90409276944064
 10
149.42851296043656
 20
196.03424283765347
 10
149.43669849931788
 20
196.17912687585266
 10
149.4274386084584
 20
196.33199181446113
 10
149.39965893587996
 20
196.4648021828104
 10
149.35335948158254
 20
196.57755798090042
 10
149.28854024556617
 20
196.67025920873124
 10
149.21011255115963
 20
196.74259890859483
 10
149.1229877216917
 20
196.79427012278308
 10
149.02716575716238
 20
196.82527285129606
 10
148.92264665757165
 20
196.8356070941337
 10
148.8155184174625
 20
196.82511937244203
 10
148.71841746248296
 20
196.793656207367
 10
148.63134379263303
 20
196.7412175989086
 10
148.5542974079127
 20
196.66780354706685
 10
148.49126875852662
 20
196.5736186903138
 10
148.44624829467944
 20
196.4588676671214
 10
148.4192360163711
 20
196.32355047748976
 10
148.41023192360166
 20
196.16766712141882
 10
148.41938949522512
 20
196.0125
 10
148.4468622100955
 20
195.87769440654841
 10
148.49265006821284
 20
195.76325034106412
 10
148.5567530695771
 20
195.66916780354705
 10
148.63456684856754
 20
195.59575375170533
 10
148.72148703956344
 20
195.54331514324693
 10
148.81751364256482
 20
195.5118519781719
 10
148.92264665757165
 20
195.50136425648023
  0
LWPOLYLINE
  5
36A
330
17
100
AcDbEntity
  8
ENGRAVE
100
AcDbPolyline
 90
103
 70
0
 10
151.5387448840382
 20
196.99604365620738
 10
151.52104365620738
 20
197.10353001364257
 10
151.48758526603
 20
197.1967939972715
 10
151.43836971350615
 20
197.27583560709414
 10
151.37339699863574
 20
197.3406548431105
 10
151.29266712141882
 20
197.39114938608458
 10
151.1961800818554
 20
197.42721691678037
 10
151.08393587994544
 20
197.44885743519782
 10
150.95593451568897
 20
197.45607094133698
 10
150.83888130968623
 20
197.45034106412007
 10
150.73328785811734
 20
197.43315143246932
 10
150.6391541609823
 20
197.40450204638472
 10
150.55648021828105
 20
197.3643929058663
 10
150.48915416098228
 20
197.31333560709413
 10
150.4410641200546
 20
197.25184174624832
 10
150.41221009549795
 20
197.17991132332878
 10
150.40259208731243
 20
197.0975443383356
 10
150.41001023192362
 20
197.02474420190995
 10
150.43226466575717
 20
196.9618690313779
 10
150.4693553888131
 20
196.90891882673944
 10
150.5212824010914
 20
196.86589358799455
 10
150.5941848567531
 20
196.82788199181445
 10
150.69420190995908
 20
196.7899727148704
 10
150.82133356070943
 20
196.75216575716235
 10
150.9755798090041
 20
196.7144611186903
 10
151.11770122783085
 20
196.68151432469304
 10
151.24611186903138
 20
196.6481582537517
 10
151.36081173260575
 20
196.61439290586628
 10
151.4618008185539
 20
196.58021828103682
 10
151.55255798090042
 20
196.54108117326058
 10
151.63656207366986
 20
196.4924283765348
 10
151.71381309686222
 20
196.4342598908595
 10
151.7843110504775
 20
196.36657571623465
 10
151.8430422919509
 20
196.28794338335607
 10
151.88499317871762
 20
196.1969304229195
 10
151.91016371077765
 20
196.09353683492498
 10
151.918553888131
 20
195.97776261937244
 10
151.9031548431105
 20
195.82960436562075
 10
151.85695770804912
 20
195.69454297407913
 10
151.77996248294681
 20
195.57257844474762
 10
151.67216916780356
 20
195.4637107776262
 10
151.53961459754436
 20
195.3741814461119
 10
151.38833560709415
 20
195.31023192360163
 10
151.21833219645293
 20
195.27186221009552
 10
151.02960436562074
 20
195.25907230559346
 10
150.79258185538882
 20
195.27319236016373
 10
150.587380627558
 20
195.3155525238745
 10
150.41400068212823
 20
195.38615279672578
 10
150.2724420190996
 20
195.4849931787176
 10
150.16157912687586
 20
195.606343792633
 10
150.08028649386085
 20
195.7444747612551
 10
150.0285641200546
 20
195.8993860845839
 10
150.00641200545704
 20
196.07107776261938
 10
150.30763983628924
 20
196.09727148703956
 10
150.32953615279675
 20
195.96297748976806
 10
150.37394270122786
 20
195.8482264665757
 10
150.44085948158255
 20
195.75301841746247
 10
150.53028649386084
 20
195.67735334242838
 10
150.6361869031378
 20
195.61969645293317
 10
150.75252387448842
 20
195.57851296043657
 10
150.8792974079127
 20
195.55380286493863
 10
151.01650750341065
 20
195.5455661664393
 10
151.143536834925
 20
195.5524215552524
 10
151.25777626193727
 20
195.57298772169167
 10
151.3592257844475
 20
195.60726466575719
 10
151.44788540245568
 20
195.65525238744885
 10
151.5198669849932
 20
195.7150068212824
 10
151.57128240109142
 20
195.78458390177354
 10
151.60213165075035
 20
195.86398362892223
 10
151.61241473396998
 20
195.9532060027285
 10
151.60167121418826
 20
196.04478171896318
 10
151.5694406548431
 20
196.1230559345157
 10
151.51572305593453
 20
196.18802864938607
 10
151.4405184174625
 20
196.23969986357434
 10
151.3399897680764
 20
196.28456684856752
 10
151.21030013642564
 20
196.32912687585267
 10
151.05144952251024
 20
196.37337994542975
 10
150.86343792633016
 20
196.41732605729877
 10
150.67501705320603
 20
196.4655695770805
 10
150.5149386084584
 20
196.52271487039565
 10
150.38320259208734
 20
196.58876193724421
 10
150.27980900409278
 20
196.6637107776262
 10
150.20173942701228
 20
196.74904502046385
 10
150.14597544338335
 20
196.8462482946794
 10
150.112517053206
 20
196.95532060027284
 10
150.10136425648022
 20
197.0762619372442
 10
150.1154843110505
 20
197.21408594815824
 10
150.15784447476125
 20
197.33942701227832
 10
150.22844474761257
 20
197.45228512960438
 10
150.32728512960438
 20
197.55266030013644
 10
150.4504774897681
 20
197.6350272851296
 10
150.59413369713508
 20
197.69386084583903
 10
150.75825375170535
 20
197.72916098226466
 10
150.94283765347888
 20
197.74092769440654
 10
151.13279331514326
 20
197.72921214188267
 10
151.30320600272853
 20
197.69406548431104
 10
151.45407571623466
 20
197.63548772169167
 10
151.58540245566167
 20
197.55347885402455
 10
151.69268417462484
 20
197.44988062755797
 10
151.77141882673942
 20
197.32653478854024
 10
151.82160641200548
 20
197.18344133697133
 10
151.84324693042294
 20
197.02060027285128
 10
151.5387448840382
 20
196.99604365620738
  0
LWPOLYLINE
  5
36B
330
17
100
AcDbEntity
  8
ENGRAVE
100
AcDbPolyline
 90
71
 70
0
 10
153.73901773533424
 20
195.90081855388814
 10
153.70115961800818
 20
195.74575375170534
 10
153.6448840381992
 20
195.61289222373807
 10
153.57019099590724
 20
195.50223396998635
 10
153.47708049113234
 20
195.4137789904502
 10
153.37138472032743
 20
195.34609481582538
 10
153.25893587994545
 20
195.29774897680764
 10
153.13973396998637
 20
195.268741473397
 10
153.01377899045022
 20
195.25907230559346
 10
152.83543656207368
 20
195.27457366984993
 10
152.6785811732606
 20
195.32107776261938
 10
152.54321282401094
 20
195.39858458390177
 10
152.4293315143247
 20
195.50709413369714
 10
152.33908594815824
 20
195.6411834924966
 10
152.27462482946794
 20
195.79542974079126
 10
152.23594815825373
 20
195.96983287858117
 10
152.22305593451568
 20
196.1643929058663
 10
152.23047407912688
 20
196.32539222373805
 10
152.25272851296043
 20
196.46950886766712
 10
152.28981923601637
 20
196.59674283765347
 10
152.3417462482947
 20
196.70709413369713
 10
152.40482605729878
 20
196.80143246930422
 10
152.47537517053206
 20
196.88062755798092
 10
152.55339358799455
 20
196.94467939972714
 10
152.63888130968624
 20
196.99358799454296
 10
152.7292291950887
 20
197.02975784447474
 10
152.82182810368352
 20
197.05559345156888
 10
152.91667803547068
 20
197.07109481582538
 10
153.01377899045022
 20
197.0762619372442
 10
153.14316166439292
 20
197.0675648021828
 10
153.26282401091407
 20
197.04147339699864
 10
153.37276603001365
 20
196.9979877216917
 10
153.47298772169168
 20
196.93710777626194
 10
153.55919167803546
 20
196.8593451568895
 10
153.62708049113235
 20
196.76521145975443
 10
153.67665416098225
 20
196.65470668485676
 10
153.70791268758526
 20
196.52783083219646
 10
153.4230559345157
 20
196.4836289222374
 10
153.39752728512963
 20
196.56579126875852
 10
153.36514324693044
 20
196.63710777626193
 10
153.32590381991815
 20
196.69757844474762
 10
153.27980900409278
 20
196.74720327421556
 10
153.2268587994543
 20
196.78587994542974
 10
153.16705320600275
 20
196.81350613915419
 10
153.10039222373808
 20
196.8300818553888
 10
153.0268758526603
 20
196.8356070941337
 10
152.91074351978173
 20
196.82465893587997
 10
152.80954979536153
 20
196.7918144611187
 10
152.72329467939974
 20
196.73707366984993
 10
152.65197817189633
 20
196.66043656207367
 10
152.59611186903138
 20
196.56415416098227
 10
152.556207366985
 20
196.45047748976808
 10
152.53226466575717
 20
196.3194065484311
 10
152.5242837653479
 20
196.17094133697134
 10
152.53211118690314
 20
196.01966234652113
 10
152.55559345156888
 20
195.88669849931787
 10
152.59473055934515
 20
195.77204979536154
 10
152.64952251023192
 20
195.67571623465213
 10
152.71904843110505
 20
195.5994372442019
 10
152.8023874488404
 20
195.5449522510232
 10
152.89953956343794
 20
195.51226125511596
 10
153.0105047748977
 20
195.50136425648023
 10
153.10039222373808
 20
195.50816848567533
 10
153.18015006821284
 20
195.5285811732606
 10
153.24977830832196
 20
195.56260231923602
 10
153.3092769440655
 20
195.61023192360165
 10
153.35864597544338
 20
195.67146998635744
 10
153.39788540245567
 20
195.74631650750342
 10
153.42699522510233
 20
195.83477148703957
 10
153.44597544338336
 20
195.9368349249659
 10
153.73901773533424
 20
195.90081855388814
  0
LWPOLYLINE
  5
36C
330
17
100
AcDbEntity
  8
ENGRAVE
100
AcDbPolyline
 90
33
 70
0
 10
154.70000000000002
 20
197.0762619372442
 10
154.86846862210098
 20
197.0619372442019
 10
155.02189631650754
 20
197.01896316507504
 10
155.16028308321967
 20
196.94733969986356
 10
155.2836289222374
 20
196.84706684856752
 10
155.3849761255116
 20
196.72039563437926
 10
155.4573669849932
 20
196.56957708049111
 10
155.50080150068214
 20
196.39461118690312
 10
155.51527967257846
 20
196.19549795361527
 10
155.49962482946796
 20
195.9580661664393
 10
155.45266030013644
 20
195.7581855388813
 10
155.3743860845839
 20
195.59585607094132
 10
155.26480218281037
 20
195.47107776261936
 10
155.1355729877217
 20
195.37832537517053
 10
154.99836289222375
 20
195.31207366984995
 10
154.85317189631652
 20
195.27232264665759
 10
154.70000000000002
 20
195.25907230559346
 10
154.54089358799456
 20
195.27268076398363
 10
154.39263301500682
 20
195.31350613915419
 10
154.25521828103683
 20
195.38154843110505
 10
154.1286493860846
 20
195.4768076398363
 10
154.02264665757164
 20
195.60163710777627
 10
153.9469304229195
 20
195.75839017735333
 10
153.90150068212824
 20
195.94706684856752
 10
153.88635743519782
 20
196.16766712141882
 10
153.90098908594817
 20
196.38228171896316
 10
153.94488403819918
 20
196.56773533424283
 10
154.01804229195088
 20
196.72402796725785
 10
154.12046384720327
 20
196.85115961800818
 10
154.2444747612551
 20
196.94964188267394
 10
154.3824010914052
 20
197.0199863574352
 10
154.5342428376535
 20
197.06219304229194
 10
154.70000000000002
 20
197.0762619372442
  0
LWPOLYLINE
  5
36D
330
17
100
AcDbEntity
  8
ENGRAVE
100
AcDbPolyline
 90
33
 70
0
 10
154.70000000000002
 20
195.50136425648023
 10
154.81848567530696
 20
195.5130286493861
 10
154.9218281036835
 20
195.54802182810369
 10
155.0100272851296
 20
195.60634379263303
 10
155.0830832196453
 20
195.68799454297408
 10
155.14038199181445
 20
195.78867667121418
 10
155.18130968622103
 20
195.90409276944064
 10
155.20586630286493
 20
196.03424283765347
 10
155.21405184174625
 20
196.17912687585266
 10
155.20479195088677
 20
196.33199181446113
 10
155.17701227830833
 20
196.4648021828104
 10
155.1307128240109
 20
196.57755798090042
 10
155.06589358799454
 20
196.67025920873124
 10
154.987465893588
 20
196.74259890859483
 10
154.90034106412006
 20
196.79427012278308
 10
154.80451909959075
 20
196.82527285129606
 10
154.70000000000002
 20
196.8356070941337
 10
154.59287175989087
 20
196.82511937244203
 10
154.49577080491133
 20
196.793656207367
 10
154.4086971350614
 20
196.7412175989086
 10
154.33165075034108
 20
196.66780354706685
 10
154.26862210095499
 20
196.5736186903138
 10
154.22360163710778
 20
196.4588676671214
 10
154.19658935879946
 20
196.32355047748976
 10
154.18758526603003
 20
196.16766712141882
 10
154.1967428376535
 20
196.0125
 10
154.2242155525239
 20
195.87769440654841
 10
154.2700034106412
 20
195.76325034106412
 10
154.33410641200547
 20
195.66916780354705
 10
154.41192019099591
 20
195.59575375170533
 10
154.49884038199184
 20
195.54331514324693
 10
154.5948669849932
 20
195.5118519781719
 10
154.70000000000002
 20
195.50136425648023
  0
LWPOLYLINE
  5
36E
330
17
100
AcDbEntity
  8
ENGRAVE
100
AcDbPolyline
 90
32
 70
0
 10
156.13574351978173
 20
196.81268758526602
 10
156.2287517053206
 20
196.92800136425646
 10
156.3424283765348
 20
197.01036834924966
 10
156.4767735334243
 20
197.05978854024556
 10
156.6317871759891
 20
197.0762619372442
 10
156.79386084583902
 20
197.0607605729877
 10
156.93792633015008
 20
197.01425648021828
 10
157.06398362892224
 20
196.93674965893587
 10
157.17203274215552
 20
196.82824010914052
 10
157.2586971350614
 20
196.69486698499318
 10
157.3206002728513
 20
196.54276944065484
 10
157.35774215552524
 20
196.3719474761255
 10
157.37012278308322
 20
196.18240109140518
 10
157.35641200545703
 20
195.98129263301502
 10
157.31527967257844
 20
195.8019781718963
 10
157.24672578444748
 20
195.64445770804912
 10
157.15075034106414
 20
195.50873124147338
 10
157.03482264665757
 20
195.39950545702592
 10
156.90641200545704
 20
195.32148703956344
 10
156.7655184174625
 20
195.27467598908595
 10
156.61214188267394
 20
195.25907230559346
 10
156.47912687585267
 20
195.2729877216917
 10
156.3600272851296
 20
195.31473396998638
 10
156.2548431105048
 20
195.3843110504775
 10
156.16357435197818
 20
195.48171896316506
 10
156.15538881309686
 20
195.48171896316506
 10
156.15538881309686
 20
194.63206002728512
 10
155.86070941336973
 20
194.63206002728512
 10
155.86070941336973
 20
197.03697135061392
 10
156.12919508867668
 20
197.03697135061392
 10
156.12919508867668
 20
196.81268758526602
 10
156.13574351978173
 20
196.81268758526602
  0
LWPOLYLINE
  5
36F
330
17
100
AcDbEntity
  8
ENGRAVE
100
AcDbPolyline
 90
33
 70
0
 10
156.5924965893588
 20
195.50136425648023
 10
156.6911834924966
 20
195.51205661664395
 10
156.78096862210097
 20
195.54413369713507
 10
156.8618519781719
 20
195.59759549795362
 10
156.93383356070942
 20
195.67244201909958
 10
156.99292291950889
 20
195.76846862210095
 10
157.03512960436564
 20
195.88547066848565
 10
157.0604536152797
 20
196.02344815825376
 10
157.06889495225104
 20
196.18240109140518
 10
157.06076057298773
 20
196.33281036834924
 10
157.03635743519783
 20
196.4648021828104
 10
156.99568553888133
 20
196.57837653478853
 10
156.93874488403821
 20
196.67353342428376
 10
156.86911664392906
 20
196.7487380627558
 10
156.79038199181446
 20
196.8024556616644
 10
156.7025409276944
 20
196.83468622100955
 10
156.6055934515689
 20
196.84542974079127
 10
156.50547407912688
 20
196.83345839017736
 10
156.41466575716237
 20
196.79754433833563
 10
156.33316848567532
 20
196.73768758526603
 10
156.26098226466576
 20
196.65388813096862
 10
156.20189290586632
 20
196.55105729877218
 10
156.15968622100957
 20
196.43410641200546
 10
156.1343622100955
 20
196.30303547066848
 10
156.12592087312416
 20
196.15784447476125
 10
156.13400409276946
 20
196.00630968622102
 10
156.15825375170533
 20
195.87421555252388
 10
156.1986698499318
 20
195.76156207366986
 10
156.25525238744885
 20
195.66834924965895
 10
156.32482946794
 20
195.59529331514327
 10
156.40422919508867
 20
195.54311050477492
 10
156.49345156889495
 20
195.5118008185539
 10
156.5924965893588
 20
195.50136425648023
  0
LWPOLYLINE
  5
370
330
17
100
AcDbEntity
  8
ENGRAVE
100
AcDbPolyline
 90
55
 70
0
 10
159.23151432469305
 20
196.09399727148704
 10
157.9300136425648
 20
196.09399727148704
 10
157.94704979536152
 20
195.95842428376534
 10
157.98015006821282
 20
195.83983628922238
 10
158.0293144611187
 20
195.73823328785812
 10
158.09454297407913
 20
195.65361527967258
 10
158.17235675306958
 20
195.58700545702592
 10
158.2592769440655
 20
195.5394270122783
 10
158.35530354706685
 20
195.51087994542976
 10
158.46043656207368
 20
195.50136425648023
 10
158.54137107776262
 20
195.5069406548431
 10
158.6155525238745
 20
195.5236698499318
 10
158.6829809004093
 20
195.55155184174623
 10
158.743656207367
 20
195.59058663028648
 10
158.79757844474761
 20
195.64087653478853
 10
158.84474761255115
 20
195.7025238744884
 10
158.88516371077762
 20
195.77552864938608
 10
158.918826739427
 20
195.8598908594816
 10
159.22169167803548
 20
195.82223738062757
 10
159.17718281036835
 20
195.6942360163711
 10
159.11732605729878
 20
195.5819918144611
 10
159.04212141882675
 20
195.4855047748977
 10
158.95156889495226
 20
195.40477489768077
 10
158.84720327421556
 20
195.34103001364258
 10
158.7305593451569
 20
195.2954979536153
 10
158.60163710777627
 20
195.26817871759891
 10
158.46043656207368
 20
195.25907230559346
 10
158.2754945429741
 20
195.27406207366985
 10
158.11193724420193
 20
195.31903137789905
 10
157.96976466575717
 20
195.39398021828103
 10
157.84897680763984
 20
195.49890859481582
 10
157.75264324693043
 20
195.62982605729877
 10
157.68383356070942
 20
195.78274215552523
 10
157.6425477489768
 20
195.9576568894952
 10
157.6287858117326
 20
196.15457025920873
 10
157.64213847203274
 20
196.35030695770806
 10
157.68219645293314
 20
196.52660300136426
 10
157.74895975443383
 20
196.68345839017735
 10
157.8424283765348
 20
196.82087312414734
 10
157.96014665757164
 20
196.93260572987722
 10
158.09965893587994
 20
197.01241473397
 10
158.26096521145976
 20
197.06030013642564
 10
158.44406548431107
 20
197.0762619372442
 10
158.5381480218281
 20
197.07104365620737
 10
158.63049113233288
 20
197.05538881309687
 10
158.72109481582538
 20
197.02929740791268
 10
158.8099590723056
 20
196.99276944065485
 10
158.89462824010914
 20
196.943707366985
 10
158.97264665757163
 20
196.8800136425648
 10
159.04401432469305
 20
196.80168826739427
 10
159.1087312414734
 20
196.7087312414734
 10
159.162448840382
 20
196.59510572987722
 10
159.20081855388815
 20
196.45477489768078
 10
159.22384038199183
 20
196.28773874488405
 10
159.23151432469305
 20
196.09399727148704
  0
LWPOLYLINE
  5
371
330
17
100
AcDbEntity
  8
ENGRAVE
100
AcDbPolyline
 90
18
 70
0
 10
158.9286493860846
 20
196.3362892223738
 10
158.91161323328788
 20
196.45963506139154
 10
158.87851296043658
 20
196.5644611186903
 10
158.8293485675307
 20
196.65076739427013
 10
158.76412005457027
 20
196.71855388813097
 10
158.6891712141883
 20
196.76976466575718
 10
158.61084583901774
 20
196.80634379263302
 10
158.52914392905868
 20
196.82829126875853
 10
158.44406548431107
 20
196.8356070941337
 10
158.34471350613916
 20
196.8269099590723
 10
158.25457025920872
 20
196.80081855388812
 10
158.17363574351978
 20
196.75733287858117
 10
158.10190995907232
 20
196.69645293315142
 10
158.0418485675307
 20
196.62175989085947
 10
157.99590723055934
 20
196.5368349249659
 10
157.96408594815827
 20
196.44167803547066
 10
157.94638472032744
 20
196.3362892223738
 10
158.9286493860846
 20
196.3362892223738
  0
LWPOLYLINE
  5
372
330
17
100
AcDbEntity
  8
ENGRAVE
100
AcDbPolyline
 90
25
 70
0
 10
162.83151432469305
 20
195.3
 10
162.53028649386084
 20
195.3
 10
162.53028649386084
 20
197.3087312414734
 10
162.5237380627558
 20
197.3087312414734
 10
161.83287858117328
 20
195.3
 10
161.54802182810369
 20
195.3
 10
160.8604365620737
 20
197.34147339699862
 10
160.8506139154161
 20
197.34147339699862
 10
160.8506139154161
 20
195.3
 10
160.54938608458392
 20
195.3
 10
160.54938608458392
 20
197.7
 10
161.02414733969988
 20
197.7
 10
161.59222373806276
 20
196.0006821282401
 10
161.63468622100956
 20
195.87227148703954
 10
161.66712141882675
 20
195.77025920873123
 10
161.68952933151434
 20
195.69464529331515
 10
161.7019099590723
 20
195.64542974079126
 10
161.70845839017736
 20
195.64542974079126
 10
161.7330150068213
 20
195.72165757162347
 10
161.762482946794
 20
195.8111869031378
 10
161.7968622100955
 20
195.91401773533426
 10
161.8361527967258
 20
196.03015006821283
 10
162.40914051841747
 20
197.7
 10
162.83151432469305
 20
197.7
 10
162.83151432469305
 20
195.3
  0
LWPOLYLINE
  5
373
330
17
100
AcDbEntity
  8
ENGRAVE
100
AcDbPolyline
 90
85
 70
0
 10
164.81732605729877
 20
195.3
 10
164.50791268758528
 20
195.3
 10
164.48816507503412
 20
195.34409959072306
 10
164.47148703956344
 20
195.39454297407914
 10
164.45787858117328
 20
195.45133015006823
 10
164.4473396998636
 20
195.51446111869032
 10
164.2962141882674
 20
195.40272851296044
 10
164.1391541609823
 20
195.32291950886767
 10
163.97615961800818
 20
195.27503410641202
 10
163.80723055934516
 20
195.25907230559346
 10
163.6769781718963
 20
195.26766712141884
 10
163.5612551159618
 20
195.29345156889497
 10
163.46006139154161
 20
195.33642564802182
 10
163.37339699863574
 20
195.39658935879945
 10
163.30392223738062
 20
195.47087312414735
 10
163.2542974079127
 20
195.556207366985
 10
163.22452251023194
 20
195.65259208731243
 10
163.21459754433835
 20
195.7600272851296
 10
163.2241643929059
 20
195.86331855388812
 10
163.25286493860847
 20
195.95709413369713
 10
163.30069918144613
 20
196.0413540245566
 10
163.36766712141883
 20
196.11609822646656
 10
163.45827080491134
 20
196.18020122783082
 10
163.57701227830833
 20
196.2325375170532
 10
163.72389154160982
 20
196.27310709413368
 10
163.89890859481582
 20
196.3019099590723
 10
164.17394270122784
 20
196.34283765347885
 10
164.24751023192363
 20
196.35583219645292
 10
164.3143246930423
 20
196.37025920873123
 10
164.3743860845839
 20
196.38611869031377
 10
164.42769440654843
 20
196.40341064120054
 10
164.42718281036835
 20
196.46485334242837
 10
164.4256480218281
 20
196.51657571623463
 10
164.4230900409277
 20
196.55857776261936
 10
164.41950886766713
 20
196.59085948158253
 10
164.41342087312415
 20
196.61853683492495
 10
164.40334242837653
 20
196.64672578444748
 10
164.3892735334243
 20
196.67542633015006
 10
164.3712141882674
 20
196.70463847203274
 10
164.3481412005457
 20
196.73267394270124
 10
164.31903137789905
 20
196.75784447476127
 10
164.28388472032745
 20
196.78015006821283
 10
164.24270122783085
 20
196.79959072305593
 10
164.19471350613915
 20
196.81534788540245
 10
164.13915416098226
 20
196.82660300136428
 10
164.07602319236017
 20
196.83335607094133
 10
164.00532060027285
 20
196.8356070941337
 10
163.91533083219645
 20
196.831207366985
 10
163.83526603001366
 20
196.81800818553887
 10
163.76512619372443
 20
196.79600954979537
 10
163.7049113233288
 20
196.76521145975443
 10
163.65400750341064
 20
196.7224420190996
 10
163.6118008185539
 20
196.66452933151433
 10
163.5782912687585
 20
196.59147339699862
 10
163.55347885402455
 20
196.50327421555252
 10
163.26534788540246
 20
196.54092769440655
 10
163.29839699863575
 20
196.66606412005456
 10
163.35006821282403
 20
196.77462482946794
 10
163.42036152796726
 20
196.86660982264664
 10
163.5092769440655
 20
196.9420190995907
 10
163.6167121418827
 20
197.0007503410641
 10
163.7425648021828
 20
197.04270122783083
 10
163.8868349249659
 20
197.06787175989086
 10
164.04952251023192
 20
197.0762619372442
 10
164.19548090040928
 20
197.07048090040928
 10
164.32066848567533
 20
197.0531377899045
 10
164.42508526603004
 20
197.02423260572988
 10
164.5087312414734
 20
196.9837653478854
 10
164.574931787176
 20
196.93511255115962
 10
164.62701227830834
 20
196.88165075034107
 10
164.6649727148704
 20
196.82337994542974
 10
164.68881309686222
 20
196.76030013642566
 10
164.70349590723058
 20
196.69010914051842
 10
164.71398362892225
 20
196.6105047748977
 10
164.72027626193724
 20
196.52148703956345
 10
164.72237380627558
 20
196.4230559345157
 10
164.72237380627558
 20
196.0268758526603
 10
164.72324351978173
 20
195.86086289222374
 10
164.72585266030015
 20
195.72462482946796
 10
164.73020122783083
 20
195.61816166439291
 10
164.7362892223738
 20
195.54147339699864
 10
164.74657230559345
 20
195.4800306957708
 10
164.76350613915417
 20
195.4193042291951
 10
164.78709072305594
 20
195.3592939972715
 10
164.81732605729877
 20
195.3
  0
LWPOLYLINE
  5
374
330
17
100
AcDbEntity
  8
ENGRAVE
100
AcDbPolyline
 90
26
 70
0
 10
164.42769440654843
 20
196.06452933151434
 10
164.42769440654843
 20
196.17094133697134
 10
164.30583219645294
 20
196.1344645293315
 10
164.17107776261938
 20
196.10197817189632
 10
164.02343110504776
 20
196.07348226466576
 10
163.86289222373807
 20
196.04897680763983
 10
163.71678035470669
 20
196.0144440654843
 10
163.61241473397
 20
195.95586630286493
 10
163.54979536152797
 20
195.8732435197817
 10
163.52892223738064
 20
195.76657571623466
 10
163.53454979536153
 20
195.70943042291952
 10
163.55143246930425
 20
195.6575034106412
 10
163.57957025920874
 20
195.61079467939973
 10
163.61896316507503
 20
195.5693042291951
 10
163.66889495225104
 20
195.53528308321964
 10
163.72864938608458
 20
195.51098226466576
 10
163.79822646657573
 20
195.49640177353342
 10
163.87762619372444
 20
195.49154160982263
 10
163.98327080491134
 20
195.49967598908594
 10
164.08246930422922
 20
195.52407912687585
 10
164.17522169167805
 20
195.56475102319234
 10
164.26152796725785
 20
195.62169167803546
 10
164.33422578444748
 20
195.6981753069577
 10
164.38615279672578
 20
195.7974761255116
 10
164.41730900409277
 20
195.91959413369713
 10
164.42769440654843
 20
196.06452933151434
  0
LWPOLYLINE
  5
375
330
17
100
AcDbEntity
  8
ENGRAVE
100
AcDbPolyline
 90
41
 70
0
 10
165.8536152796726
 20
195.30327421555253
 10
165.79068894952252
 20
195.2918144611187
 10
165.73287858117328
 20
195.28362892223737
 10
165.68018417462483
 20
195.2787175989086
 10
165.6326057298772
 20
195.27708049113232
 10
165.54256480218282
 20
195.28132673942702
 10
165.4656207366985
 20
195.29406548431103
 10
165.4017735334243
 20
195.31529672578444
 10
165.35102319236017
 20
195.3450204638472
 10
165.31111869031378
 20
195.381292633015
 10
165.27980900409278
 20
195.42216916780353
 10
165.25709413369714
 20
195.46765006821283
 10
165.2429740791269
 20
195.51773533424284
 10
165.23437926330152
 20
195.57523874488405
 10
165.22824010914053
 20
195.64297407912687
 10
165.22455661664392
 20
195.72094133697135
 10
165.22332878581173
 20
195.80914051841745
 10
165.22332878581173
 20
196.8094133697135
 10
165.00886766712142
 20
196.8094133697135
 10
165.00886766712142
 20
197.03697135061392
 10
165.22332878581173
 20
197.03697135061392
 10
165.22332878581173
 20
197.46916780354707
 10
165.5180081855389
 20
197.64761255115963
 10
165.5180081855389
 20
197.03697135061392
 10
165.81268758526605
 20
197.03697135061392
 10
165.81268758526605
 20
196.8094133697135
 10
165.5180081855389
 20
196.8094133697135
 10
165.5180081855389
 20
195.79276944065484
 10
165.51969645293315
 20
195.73204297407912
 10
165.52476125511598
 20
195.68083219645294
 10
165.53320259208732
 20
195.63913710777626
 10
165.5450204638472
 20
195.60695770804912
 10
165.5636937244202
 20
195.58296384720327
 10
165.59270122783084
 20
195.56582537517053
 10
165.63204297407913
 20
195.5555422919509
 10
165.68171896316508
 20
195.55211459754435
 10
165.7138472032742
 20
195.55293315143248
 10
165.74638472032743
 20
195.55538881309687
 10
165.7793315143247
 20
195.55948158253753
 10
165.81268758526605
 20
195.56521145975444
 10
165.8536152796726
 20
195.30327421555253
  0
LWPOLYLINE
  5
376
330
17
100
AcDbEntity
  8
ENGRAVE
100
AcDbPolyline
 90
28
 70
0
 10
167.04379263301502
 20
196.98294679399726
 10
166.94229195088678
 20
196.7111869031378
 10
166.88775579809004
 20
196.73912005457026
 10
166.83383356070942
 20
196.75907230559343
 10
166.78052523874487
 20
196.77104365620735
 10
166.72783083219645
 20
196.775034106412
 10
166.65017053206003
 20
196.7657742155525
 10
166.5825375170532
 20
196.73799454297406
 10
166.524931787176
 20
196.69169508867668
 10
166.4773533424284
 20
196.6268758526603
 10
166.44010914051842
 20
196.54537858117325
 10
166.41350613915418
 20
196.44904502046384
 10
166.39754433833562
 20
196.33787517053204
 10
166.39222373806277
 20
196.2118690313779
 10
166.39222373806277
 20
195.3
 10
166.0975443383356
 20
195.3
 10
166.0975443383356
 20
197.03697135061392
 10
166.36603001364256
 20
197.03697135061392
 10
166.36603001364256
 20
196.775034106412
 10
166.37257844474763
 20
196.775034106412
 10
166.44839699863576
 20
196.9068212824011
 10
166.5350613915416
 20
197.00095497953615
 10
166.63257162346522
 20
197.0574351978172
 10
166.74092769440657
 20
197.0762619372442
 10
166.8163369713506
 20
197.07042974079127
 10
166.89195088676672
 20
197.05293315143246
 10
166.96776944065485
 20
197.02377216916778
 10
167.04379263301502
 20
196.98294679399726
  0
LWPOLYLINE
  5
377
330
17
100
AcDbEntity
  8
ENGRAVE
100
AcDbPolyline
 90
5
 70
0
 10
167.51855388813098
 20
195.3
 10
167.22387448840382
 20
195.3
 10
167.22387448840382
 20
197.03697135061392
 10
167.51855388813098
 20
197.03697135061392
 10
167.51855388813098
 20
195.3
  0
LWPOLYLINE
  5
378
330
17
100
AcDbEntity
  8
ENGRAVE
100
AcDbPolyline
 90
5
 70
0
 10
167.51855388813098
 20
197.36603001364256
 10
167.22387448840382
 20
197.36603001364256
 10
167.22387448840382
 20
197.7
 10
167.51855388813098
 20
197.7
 10
167.51855388813098
 20
197.36603001364256
  0
LWPOLYLINE
  5
379
330
17
100
AcDbEntity
  8
ENGRAVE
100
AcDbPolyline
 90
16
 70
0
 10
169.39795361527968
 20
195.3
 10
169.03451568894954
 20
195.3
 10
168.58267394270123
 20
195.98758526603
 10
168.12592087312416
 20
195.3
 10
167.7673942701228
 20
195.3
 10
168.40422919508867
 20
196.20532060027284
 10
167.8181446111869
 20
197.03697135061392
 10
168.18321964529332
 20
197.03697135061392
 10
168.34140518417465
 20
196.7974420190996
 10
168.45907230559345
 20
196.6174624829468
 10
168.53622100954982
 20
196.4970327421555
 10
168.57285129604367
 20
196.4361527967258
 10
168.99849931787176
 20
197.03697135061392
 10
169.35047748976808
 20
197.03697135061392
 10
168.74965893587995
 20
196.22169167803548
 10
169.39795361527968
 20
195.3
  0
LWPOLYLINE
  5
37A
330
17
100
AcDbEntity
  8
ENGRAVE
100
AcDbPolyline
 90
5
 70
0
 10
171.9174624829468
 20
196.31173260572987
 10
171.5818553888131
 20
196.31173260572987
 10
171.5818553888131
 20
196.64733969986358
 10
171.9174624829468
 20
196.64733969986358
 10
171.9174624829468
 20
196.31173260572987
  0
LWPOLYLINE
  5
37B
330
17
100
AcDbEntity
  8
ENGRAVE
100
AcDbPolyline
 90
12
 70
0
 10
175.78758526603002
 20
195.8729877216917
 10
175.46343792633016
 20
195.8729877216917
 10
175.46343792633016
 20
195.3
 10
175.16875852660303
 20
195.3
 10
175.16875852660303
 20
195.8729877216917
 10
174.12919508867668
 20
195.8729877216917
 10
174.12919508867668
 20
196.14474761255116
 10
175.2211459754434
 20
197.7
 10
175.46343792633016
 20
197.7
 10
175.46343792633016
 20
196.14474761255116
 10
175.78758526603002
 20
196.14474761255116
 10
175.78758526603002
 20
195.8729877216917
  0
LWPOLYLINE
  5
37C
330
17
100
AcDbEntity
  8
ENGRAVE
100
AcDbPolyline
 90
5
 70
0
 10
175.16875852660303
 20
196.14474761255116
 10
175.16875852660303
 20
197.22851296043657
 10
175.16221009549798
 20
197.22851296043657
 10
174.4173260572988
 20
196.14474761255116
 10
175.16875852660303
 20
196.14474761255116
  0
LWPOLYLINE
  5
37D
330
17
100
AcDbEntity
  8
ENGRAVE
100
AcDbPolyline
 90
73
 70
0
 10
179.4530695770805
 20
195.3
 10
179.15839017735334
 20
195.3
 10
179.15839017735334
 20
196.3968622100955
 10
179.1573669849932
 20
196.45523533424284
 10
179.15429740791268
 20
196.50920873124147
 10
179.1491814461119
 20
196.5587824010914
 10
179.14201909959075
 20
196.60395634379265
 10
179.13061050477492
 20
196.6457025920873
 10
179.11275579809006
 20
196.6849931787176
 10
179.08845497953615
 20
196.7218281036835
 10
179.05770804911324
 20
196.756207366985
 10
179.01898021828106
 20
196.78521487039563
 10
178.97073669849934
 20
196.80593451568896
 10
178.91297748976808
 20
196.81836630286494
 10
178.84570259208732
 20
196.82251023192362
 10
178.76190313778991
 20
196.8149386084584
 10
178.68403819918146
 20
196.79222373806277
 10
178.61210777626195
 20
196.7543656207367
 10
178.5461118690314
 20
196.70136425648022
 10
178.49096180081858
 20
196.63137789904502
 10
178.45156889495226
 20
196.5425648021828
 10
178.42793315143248
 20
196.43492496589357
 10
178.42005457025923
 20
196.30845839017735
 10
178.42005457025923
 20
195.3
 10
178.12537517053207
 20
195.3
 10
178.12537517053207
 20
196.42960436562075
 10
178.1204126875853
 20
196.53366302864939
 10
178.1055252387449
 20
196.61991814461118
 10
178.08071282401093
 20
196.68836971350615
 10
178.04597544338338
 20
196.73901773533424
 10
178.00213165075036
 20
196.7755457025921
 10
177.95000000000002
 20
196.8016371077763
 10
177.88958049113234
 20
196.81729195088678
 10
177.82087312414734
 20
196.82251023192362
 10
177.73016712141884
 20
196.8143246930423
 10
177.64795361527968
 20
196.7897680763984
 10
177.5742326057299
 20
196.7488403819918
 10
177.50900409276946
 20
196.69154160982265
 10
177.45564461118693
 20
196.6118349249659
 10
177.41753069577084
 20
196.50368349249658
 10
177.39466234652116
 20
196.36708731241472
 10
177.38703956343795
 20
196.20204638472032
 10
177.38703956343795
 20
195.3
 10
177.0923601637108
 20
195.3
 10
177.0923601637108
 20
197.03697135061392
 10
177.35757162346522
 20
197.03697135061392
 10
177.35757162346522
 20
196.79467939972716
 10
177.36412005457026
 20
196.79467939972716
 10
177.46285811732605
 20
196.91787175989086
 10
177.58226466575718
 20
197.00586630286494
 10
177.72233969986357
 20
197.0586630286494
 10
177.8830832196453
 20
197.0762619372442
 10
177.97460777626193
 20
197.07150409276943
 10
178.05763983628924
 20
197.05723055934516
 10
178.13217939972716
 20
197.03344133697135
 10
178.19822646657573
 20
197.000136425648
 10
178.25578103683495
 20
196.95731582537516
 10
178.3048431105048
 20
196.90497953615278
 10
178.34541268758528
 20
196.8431275579809
 10
178.37748976807643
 20
196.77175989085947
 10
178.48339017735336
 20
196.90497953615278
 10
178.60791268758527
 20
197.000136425648
 10
178.75105729877217
 20
197.05723055934516
 10
178.91282401091405
 20
197.0762619372442
 10
179.03944406548433
 20
197.06715552523875
 10
179.1491814461119
 20
197.03983628922236
 10
179.24203615279674
 20
196.99430422919508
 10
179.3180081855389
 20
196.9305593451569
 10
179.37709754433834
 20
196.84860163710778
 10
179.4193042291951
 20
196.74843110504776
 10
179.44462824010915
 20
196.6300477489768
 10
179.4530695770805
 20
196.49345156889495
 10
179.4530695770805
 20
195.3
  0
LWPOLYLINE
  5
37E
330
17
100
AcDbEntity
  8
ENGRAVE
100
AcDbPolyline
 90
73
 70
0
 10
182.24597544338337
 20
195.3
 10
181.9512960436562
 20
195.3
 10
181.9512960436562
 20
196.3968622100955
 10
181.95027285129606
 20
196.45523533424284
 10
181.94720327421555
 20
196.50920873124147
 10
181.94208731241474
 20
196.5587824010914
 10
181.9349249658936
 20
196.60395634379265
 10
181.92351637107777
 20
196.6457025920873
 10
181.90566166439294
 20
196.6849931787176
 10
181.88136084583903
 20
196.7218281036835
 10
181.85061391541612
 20
196.756207366985
 10
181.81188608458393
 20
196.78521487039563
 10
181.7636425648022
 20
196.80593451568896
 10
181.70588335607096
 20
196.81836630286494
 10
181.6386084583902
 20
196.82251023192362
 10
181.5548090040928
 20
196.8149386084584
 10
181.47694406548433
 20
196.79222373806277
 10
181.40501364256482
 20
196.7543656207367
 10
181.33901773533427
 20
196.70136425648022
 10
181.28386766712146
 20
196.63137789904502
 10
181.24447476125513
 20
196.5425648021828
 10
181.22083901773536
 20
196.43492496589357
 10
181.2129604365621
 20
196.30845839017735
 10
181.2129604365621
 20
195.3
 10
180.91828103683494
 20
195.3
 10
180.91828103683494
 20
196.42960436562075
 10
180.91331855388813
 20
196.53366302864939
 10
180.89843110504776
 20
196.61991814461118
 10
180.87361869031378
 20
196.68836971350615
 10
180.83888130968623
 20
196.73901773533424
 10
180.79503751705323
 20
196.7755457025921
 10
180.7429058663029
 20
196.8016371077763
 10
180.6824863574352
 20
196.81729195088678
 10
180.61377899045021
 20
196.82251023192362
 10
180.52307298772172
 20
196.8143246930423
 10
180.44085948158255
 20
196.7897680763984
 10
180.36713847203276
 20
196.7488403819918
 10
180.3019099590723
 20
196.69154160982265
 10
180.24855047748977
 20
196.6118349249659
 10
180.21043656207368
 20
196.50368349249658
 10
180.187568212824
 20
196.36708731241472
 10
180.1799454297408
 20
196.20204638472032
 10
180.1799454297408
 20
195.3
 10
179.88526603001367
 20
195.3
 10
179.88526603001367
 20
197.03697135061392
 10
180.1504774897681
 20
197.03697135061392
 10
180.1504774897681
 20
196.79467939972716
 10
180.15702592087314
 20
196.79467939972716
 10
180.25576398362892
 20
196.91787175989086
 10
180.37517053206005
 20
197.00586630286494
 10
180.51524556616644
 20
197.0586630286494
 10
180.67598908594817
 20
197.0762619372442
 10
180.7675136425648
 20
197.07150409276943
 10
180.85054570259211
 20
197.05723055934516
 10
180.92508526603004
 20
197.03344133697135
 10
180.9911323328786
 20
197.000136425648
 10
181.04868690313782
 20
196.95731582537516
 10
181.09774897680768
 20
196.90497953615278
 10
181.13831855388815
 20
196.8431275579809
 10
181.17039563437928
 20
196.77175989085947
 10
181.2762960436562
 20
196.90497953615278
 10
181.40081855388814
 20
197.000136425648
 10
181.54396316507504
 20
197.05723055934516
 10
181.70572987721692
 20
197.0762619372442
 10
181.83234993178718
 20
197.06715552523875
 10
181.94208731241474
 20
197.03983628922236
 10
182.0349420190996
 20
196.99430422919508
 10
182.11091405184175
 20
196.9305593451569
 10
182.17000341064121
 20
196.84860163710778
 10
182.21221009549797
 20
196.74843110504776
 10
182.23753410641203
 20
196.6300477489768
 10
182.24597544338337
 20
196.49345156889495
 10
182.24597544338337
 20
195.3
  0
LWPOLYLINE
  5
37F
330
17
100
AcDbEntity
  8
ENGRAVE
100
AcDbPolyline
 90
85
 70
0
 10
185.1223738062756
 20
195.3
 10
184.8129604365621
 20
195.3
 10
184.79321282401094
 20
195.34409959072306
 10
184.77653478854026
 20
195.39454297407914
 10
184.7629263301501
 20
195.45133015006823
 10
184.7523874488404
 20
195.51446111869032
 10
184.60126193724423
 20
195.40272851296044
 10
184.44420190995908
 20
195.32291950886767
 10
184.281207366985
 20
195.27503410641202
 10
184.11227830832198
 20
195.25907230559346
 10
183.98202592087313
 20
195.26766712141884
 10
183.86630286493863
 20
195.29345156889497
 10
183.76510914051843
 20
195.33642564802182
 10
183.67844474761256
 20
195.39658935879945
 10
183.60896998635744
 20
195.47087312414735
 10
183.55934515688952
 20
195.556207366985
 10
183.52957025920875
 20
195.65259208731243
 10
183.51964529331516
 20
195.7600272851296
 10
183.52921214188268
 20
195.86331855388812
 10
183.5579126875853
 20
195.95709413369713
 10
183.60574693042292
 20
196.0413540245566
 10
183.67271487039565
 20
196.11609822646656
 10
183.76331855388815
 20
196.18020122783082
 10
183.88206002728515
 20
196.2325375170532
 10
184.02893929058664
 20
196.27310709413368
 10
184.20395634379264
 20
196.3019099590723
 10
184.47899045020466
 20
196.34283765347885
 10
184.55255798090045
 20
196.35583219645292
 10
184.61937244201914
 20
196.37025920873123
 10
184.67943383356075
 20
196.38611869031377
 10
184.73274215552527
 20
196.40341064120054
 10
184.7322305593452
 20
196.46485334242837
 10
184.73069577080494
 20
196.51657571623463
 10
184.72813778990454
 20
196.55857776261936
 10
184.72455661664395
 20
196.59085948158253
 10
184.71846862210097
 20
196.61853683492495
 10
184.70839017735335
 20
196.64672578444748
 10
184.69432128240112
 20
196.67542633015006
 10
184.67626193724422
 20
196.70463847203274
 10
184.65318894952253
 20
196.73267394270124
 10
184.62407912687587
 20
196.75784447476127
 10
184.58893246930427
 20
196.78015006821283
 10
184.54774897680767
 20
196.79959072305593
 10
184.499761255116
 20
196.81534788540245
 10
184.4442019099591
 20
196.82660300136428
 10
184.381070941337
 20
196.83335607094133
 10
184.31036834924967
 20
196.8356070941337
 10
184.22037858117326
 20
196.831207366985
 10
184.14031377899047
 20
196.81800818553887
 10
184.07017394270125
 20
196.79600954979537
 10
184.0099590723056
 20
196.76521145975443
 10
183.95905525238746
 20
196.7224420190996
 10
183.91684856753074
 20
196.66452933151433
 10
183.88333901773535
 20
196.59147339699862
 10
183.8585266030014
 20
196.50327421555252
 10
183.57039563437928
 20
196.54092769440655
 10
183.60344474761257
 20
196.66606412005456
 10
183.65511596180085
 20
196.77462482946794
 10
183.72540927694408
 20
196.86660982264664
 10
183.8143246930423
 20
196.9420190995907
 10
183.9217598908595
 20
197.0007503410641
 10
184.04761255115963
 20
197.04270122783083
 10
184.1918826739427
 20
197.06787175989086
 10
184.35457025920874
 20
197.0762619372442
 10
184.5005286493861
 20
197.07048090040928
 10
184.62571623465212
 20
197.0531377899045
 10
184.73013301500683
 20
197.02423260572988
 10
184.81377899045023
 20
196.9837653478854
 10
184.87997953615283
 20
196.93511255115962
 10
184.93206002728516
 20
196.88165075034107
 10
184.97002046384722
 20
196.82337994542974
 10
184.99386084583904
 20
196.76030013642566
 10
185.0085436562074
 20
196.69010914051842
 10
185.01903137789907
 20
196.6105047748977
 10
185.02532401091406
 20
196.52148703956345
 10
185.0274215552524
 20
196.4230559345157
 10
185.0274215552524
 20
196.0268758526603
 10
185.02829126875855
 20
195.86086289222374
 10
185.03090040927697
 20
195.72462482946796
 10
185.03524897680765
 20
195.61816166439291
 10
185.04133697135063
 20
195.54147339699864
 10
185.05162005457026
 20
195.4800306957708
 10
185.068553888131
 20
195.4193042291951
 10
185.09213847203276
 20
195.3592939972715
 10
185.1223738062756
 20
195.3
  0
LWPOLYLINE
  5
380
330
17
100
AcDbEntity
  8
ENGRAVE
100
AcDbPolyline
 90
26
 70
0
 10
184.73274215552527
 20
196.06452933151434
 10
184.73274215552527
 20
196.17094133697134
 10
184.61087994542976
 20
196.1344645293315
 10
184.4761255115962
 20
196.10197817189632
 10
184.32847885402458
 20
196.07348226466576
 10
184.1679399727149
 20
196.04897680763983
 10
184.0218281036835
 20
196.0144440654843
 10
183.9174624829468
 20
195.95586630286493
 10
183.8548431105048
 20
195.8732435197817
 10
183.83396998635746
 20
195.76657571623466
 10
183.83959754433835
 20
195.70943042291952
 10
183.85648021828106
 20
195.6575034106412
 10
183.88461800818556
 20
195.61079467939973
 10
183.92401091405185
 20
195.5693042291951
 10
183.97394270122783
 20
195.53528308321964
 10
184.0336971350614
 20
195.51098226466576
 10
184.10327421555252
 20
195.49640177353342
 10
184.18267394270123
 20
195.49154160982263
 10
184.28831855388813
 20
195.49967598908594
 10
184.387517053206
 20
195.52407912687585
 10
184.48026944065487
 20
195.56475102319234
 10
184.56657571623467
 20
195.62169167803546
 10
184.6392735334243
 20
195.6981753069577
 10
184.69120054570263
 20
195.7974761255116
 10
184.72235675306962
 20
195.91959413369713
 10
184.73274215552527
 20
196.06452933151434
  0
LWPOLYLINE
  5
381
330
17
100
AcDbEntity
  8
ENGRAVE
100
AcDbPolyline
 90
71
 70
0
 10
186.9035470668486
 20
195.90081855388814
 10
186.86568894952254
 20
195.74575375170534
 10
186.80941336971352
 20
195.61289222373807
 10
186.73472032742157
 20
195.50223396998635
 10
186.64160982264667
 20
195.4137789904502
 10
186.53591405184176
 20
195.34609481582538
 10
186.42346521145976
 20
195.29774897680764
 10
186.3042633015007
 20
195.268741473397
 10
186.17830832196455
 20
195.25907230559346
 10
185.999965893588
 20
195.27457366984993
 10
185.84311050477493
 20
195.32107776261938
 10
185.70774215552527
 20
195.39858458390177
 10
185.59386084583903
 20
195.50709413369714
 10
185.5036152796726
 20
195.6411834924966
 10
185.4391541609823
 20
195.79542974079126
 10
185.4004774897681
 20
195.96983287858117
 10
185.38758526603004
 20
196.1643929058663
 10
185.39500341064124
 20
196.32539222373805
 10
185.4172578444748
 20
196.46950886766712
 10
185.45434856753073
 20
196.59674283765347
 10
185.50627557980903
 20
196.70709413369713
 10
185.5693553888131
 20
196.80143246930422
 10
185.63990450204642
 20
196.88062755798092
 10
185.71792291950888
 20
196.94467939972714
 10
185.80341064120057
 20
196.99358799454296
 10
185.89375852660302
 20
197.02975784447474
 10
185.98635743519785
 20
197.05559345156888
 10
186.081207366985
 20
197.07109481582538
 10
186.17830832196455
 20
197.0762619372442
 10
186.30769099590725
 20
197.0675648021828
 10
186.42735334242838
 20
197.04147339699864
 10
186.53729536152798
 20
196.9979877216917
 10
186.637517053206
 20
196.93710777626194
 10
186.72372100954982
 20
196.8593451568895
 10
186.79160982264668
 20
196.76521145975443
 10
186.8411834924966
 20
196.65470668485676
 10
186.8724420190996
 20
196.52783083219646
 10
186.58758526603003
 20
196.4836289222374
 10
186.56205661664396
 20
196.56579126875852
 10
186.52967257844477
 20
196.63710777626193
 10
186.49043315143248
 20
196.69757844474762
 10
186.4443383356071
 20
196.74720327421556
 10
186.39138813096864
 20
196.78587994542974
 10
186.33158253751708
 20
196.81350613915419
 10
186.2649215552524
 20
196.8300818553888
 10
186.19140518417464
 20
196.8356070941337
 10
186.07527285129606
 20
196.82465893587997
 10
185.97407912687586
 20
196.7918144611187
 10
185.88782401091407
 20
196.73707366984993
 10
185.81650750341066
 20
196.66043656207367
 10
185.7606412005457
 20
196.56415416098227
 10
185.72073669849934
 20
196.45047748976808
 10
185.6967939972715
 20
196.3194065484311
 10
185.68881309686222
 20
196.17094133697134
 10
185.69664051841747
 20
196.01966234652113
 10
185.72012278308324
 20
195.88669849931787
 10
185.7592598908595
 20
195.77204979536154
 10
185.81405184174628
 20
195.67571623465213
 10
185.8835777626194
 20
195.5994372442019
 10
185.96691678035472
 20
195.5449522510232
 10
186.06406889495227
 20
195.51226125511596
 10
186.17503410641203
 20
195.50136425648023
 10
186.2649215552524
 20
195.50816848567533
 10
186.34467939972717
 20
195.5285811732606
 10
186.4143076398363
 20
195.56260231923602
 10
186.47380627557982
 20
195.61023192360165
 10
186.52317530695774
 20
195.67146998635744
 10
186.56241473397
 20
195.74631650750342
 10
186.59152455661666
 20
195.83477148703957
 10
186.6105047748977
 20
195.9368349249659
 10
186.9035470668486
 20
195.90081855388814
  0
LWPOLYLINE
  5
382
330
17
100
AcDbEntity
  8
ENGRAVE
100
AcDbPolyline
 90
28
 70
0
 10
188.09372442019102
 20
196.98294679399726
 10
187.99222373806276
 20
196.7111869031378
 10
187.93768758526605
 20
196.73912005457026
 10
187.8837653478854
 20
196.75907230559343
 10
187.83045702592088
 20
196.77104365620735
 10
187.77776261937245
 20
196.775034106412
 10
187.70010231923604
 20
196.7657742155525
 10
187.63246930422923
 20
196.73799454297406
 10
187.574863574352
 20
196.69169508867668
 10
187.5272851296044
 20
196.6268758526603
 10
187.49004092769442
 20
196.54537858117325
 10
187.4634379263302
 20
196.44904502046384
 10
187.44747612551163
 20
196.33787517053204
 10
187.44215552523877
 20
196.2118690313779
 10
187.44215552523877
 20
195.3
 10
187.14747612551162
 20
195.3
 10
187.14747612551162
 20
197.03697135061392
 10
187.41596180081856
 20
197.03697135061392
 10
187.41596180081856
 20
196.775034106412
 10
187.4225102319236
 20
196.775034106412
 10
187.49832878581174
 20
196.9068212824011
 10
187.5849931787176
 20
197.00095497953615
 10
187.68250341064123
 20
197.0574351978172
 10
187.79085948158257
 20
197.0762619372442
 10
187.86626875852662
 20
197.07042974079127
 10
187.94188267394273
 20
197.05293315143246
 10
188.01770122783086
 20
197.02377216916778
 10
188.09372442019102
 20
196.98294679399726
  0
LWPOLYLINE
  5
383
330
17
100
AcDbEntity
  8
ENGRAVE
100
AcDbPolyline
 90
45
 70
0
 10
189.69972714870397
 20
197.03697135061392
 10
189.03506139154163
 20
195.27053206002728
 10
189.0342428376535
 20
195.26858799454297
 10
189.03342428376536
 20
195.26603001364256
 10
189.03260572987725
 20
195.26285811732606
 10
189.0317871759891
 20
195.25907230559346
 10
188.9823158253752
 20
195.118639154161
 10
188.92885402455664
 20
194.99201909959072
 10
188.87140177353345
 20
194.87921214188268
 10
188.80995907230562
 20
194.78021828103684
 10
188.7398192360164
 20
194.69964188267394
 10
188.656275579809
 20
194.64208731241473
 10
188.5593281036835
 20
194.60755457025923
 10
188.44897680763984
 20
194.59604365620737
 10
188.4075375170532
 20
194.5980900409277
 10
188.3618008185539
 20
194.6042291950887
 10
188.3117667121419
 20
194.61446111869031
 10
188.2574351978172
 20
194.6287858117326
 10
188.22796725784448
 20
194.90709413369714
 10
188.27032742155527
 20
194.8956343792633
 10
188.31227830832196
 20
194.88744884038198
 10
188.3538199181446
 20
194.8825375170532
 10
188.3949522510232
 20
194.88090040927693
 10
188.4705150068213
 20
194.88652796725785
 10
188.53349249658936
 20
194.90341064120054
 10
188.58388472032743
 20
194.93154843110506
 10
188.6216916780355
 20
194.97094133697135
 10
188.6541780354707
 20
195.025068212824
 10
188.6886084583902
 20
195.0974079126876
 10
188.724982946794
 20
195.1879604365621
 10
188.76330150068213
 20
195.2967257844475
 10
188.1035470668486
 20
197.03697135061392
 10
188.42114597544338
 20
197.03697135061392
 10
188.8304229195089
 20
195.89918144611187
 10
188.8487380627558
 20
195.84300818553888
 10
188.86766712141883
 20
195.7792633015007
 10
188.88721009549798
 20
195.70794679399728
 10
188.9073669849932
 20
195.62905866302864
 10
188.91391541609823
 20
195.62905866302864
 10
188.93581173260574
 20
195.72288540245566
 10
188.96057298772172
 20
195.8144611186903
 10
188.98819918144613
 20
195.9037858117326
 10
189.01869031377902
 20
195.99085948158253
 10
189.40013642564804
 20
197.03697135061392
 10
189.69972714870397
 20
197.03697135061392
  0
LWPOLYLINE
  5
384
330
17
100
AcDbEntity
  8
ENGRAVE
100
AcDbPolyline
 90
5
 70
0
 10
190.2448840381992
 20
195.3
 10
189.95020463847203
 20
195.3
 10
189.95020463847203
 20
197.7
 10
190.2448840381992
 20
197.7
 10
190.2448840381992
 20
195.3
  0
LWPOLYLINE
  5
385
330
17
100
AcDbEntity
  8
ENGRAVE
100
AcDbPolyline
 90
5
 70
0
 10
190.98976807639838
 20
195.3
 10
190.69508867667122
 20
195.3
 10
190.69508867667122
 20
197.03697135061392
 10
190.98976807639838
 20
197.03697135061392
 10
190.98976807639838
 20
195.3
  0
LWPOLYLINE
  5
386
330
17
100
AcDbEntity
  8
ENGRAVE
100
AcDbPolyline
 90
5
 70
0
 10
190.98976807639838
 20
197.36603001364256
 10
190.69508867667122
 20
197.36603001364256
 10
190.69508867667122
 20
197.7
 10
190.98976807639838
 20
197.7
 10
190.98976807639838
 20
197.36603001364256
  0
LWPOLYLINE
  5
387
330
17
100
AcDbEntity
  8
ENGRAVE
100
AcDbPolyline
 90
71
 70
0
 10
192.86261937244203
 20
195.90081855388814
 10
192.82476125511596
 20
195.74575375170534
 10
192.76848567530698
 20
195.61289222373807
 10
192.69379263301502
 20
195.50223396998635
 10
192.60068212824012
 20
195.4137789904502
 10
192.4949863574352
 20
195.34609481582538
 10
192.3825375170532
 20
195.29774897680764
 10
192.26333560709415
 20
195.268741473397
 10
192.137380627558
 20
195.25907230559346
 10
191.95903819918146
 20
195.27457366984993
 10
191.80218281036835
 20
195.32107776261938
 10
191.6668144611187
 20
195.39858458390177
 10
191.55293315143248
 20
195.50709413369714
 10
191.46268758526605
 20
195.6411834924966
 10
191.39822646657575
 20
195.79542974079126
 10
191.35954979536154
 20
195.96983287858117
 10
191.3466575716235
 20
196.1643929058663
 10
191.3540757162347
 20
196.32539222373805
 10
191.37633015006824
 20
196.46950886766712
 10
191.41342087312418
 20
196.59674283765347
 10
191.46534788540248
 20
196.70709413369713
 10
191.52842769440656
 20
196.80143246930422
 10
191.59897680763987
 20
196.88062755798092
 10
191.67699522510233
 20
196.94467939972714
 10
191.76248294679402
 20
196.99358799454296
 10
191.85283083219647
 20
197.02975784447474
 10
191.94542974079127
 20
197.05559345156888
 10
192.04027967257846
 20
197.07109481582538
 10
192.137380627558
 20
197.0762619372442
 10
192.2667633015007
 20
197.0675648021828
 10
192.38642564802183
 20
197.04147339699864
 10
192.49636766712143
 20
196.9979877216917
 10
192.59658935879946
 20
196.93710777626194
 10
192.68279331514324
 20
196.8593451568895
 10
192.7506821282401
 20
196.76521145975443
 10
192.80025579809003
 20
196.65470668485676
 10
192.83151432469305
 20
196.52783083219646
 10
192.54665757162348
 20
196.4836289222374
 10
192.5211289222374
 20
196.56579126875852
 10
192.48874488403823
 20
196.63710777626193
 10
192.44950545702594
 20
196.69757844474762
 10
192.40341064120057
 20
196.74720327421556
 10
192.3504604365621
 20
196.78587994542974
 10
192.29065484311053
 20
196.81350613915419
 10
192.22399386084587
 20
196.8300818553888
 10
192.1504774897681
 20
196.8356070941337
 10
192.03434515688951
 20
196.82465893587997
 10
191.93315143246932
 20
196.7918144611187
 10
191.84689631650753
 20
196.73707366984993
 10
191.7755798090041
 20
196.66043656207367
 10
191.71971350613916
 20
196.56415416098227
 10
191.6798090040928
 20
196.45047748976808
 10
191.65586630286495
 20
196.3194065484311
 10
191.64788540245567
 20
196.17094133697134
 10
191.65571282401092
 20
196.01966234652113
 10
191.6791950886767
 20
195.88669849931787
 10
191.71833219645296
 20
195.77204979536154
 10
191.77312414733973
 20
195.67571623465213
 10
191.84265006821286
 20
195.5994372442019
 10
191.92598908594817
 20
195.5449522510232
 10
192.02314120054572
 20
195.51226125511596
 10
192.13410641200548
 20
195.50136425648023
 10
192.22399386084587
 20
195.50816848567533
 10
192.30375170532062
 20
195.5285811732606
 10
192.37337994542975
 20
195.56260231923602
 10
192.43287858117327
 20
195.61023192360165
 10
192.48224761255116
 20
195.67146998635744
 10
192.52148703956345
 20
195.74631650750342
 10
192.5505968622101
 20
195.83477148703957
 10
192.56957708049114
 20
195.9368349249659
 10
192.86261937244203
 20
195.90081855388814
  0
LWPOLYLINE
  5
388
330
17
100
AcDbEntity
  8
ENGRAVE
100
AcDbPolyline
 90
109
 70
0
 10
31.511596180081856
 20
499.12278308321964
 10
31.64224505457026
 20
499.08601210777624
 10
31.755883356070942
 20
499.0289051841746
 10
31.852511084583902
 20
498.9514623124147
 10
31.93212824010914
 20
498.8536834924966
 10
31.994351125511596
 20
498.74337056616645
 10
32.038796043656205
 20
498.6283253751705
 10
32.065462994542976
 20
498.5085479195088
 10
32.0743519781719
 20
498.3840381991814
 10
32.05574266712142
 20
498.18854450886766
 10
31.999914733969987
 20
498.0113403819918
 10
31.906868178717602
 20
497.8524258185539
 10
31.776603001364258
 20
497.7118008185539
 10
31.62037431787176
 20
497.596755627558
 10
31.44943724420191
 20
497.51458049113234
 10
31.26379178035471
 20
497.46527540927696
 10
31.063437926330153
 20
497.44884038199183
 10
30.873635743519785
 20
497.46329297407914
 10
30.701227830832195
 20
497.50665075034107
 10
30.546214188267395
 20
497.57891371077767
 10
30.408594815825374
 20
497.68008185538883
 10
30.293101978171897
 20
497.8050392223738
 10
30.204467939972716
 20
497.9486698499318
 10
30.142692701227833
 20
498.11097373806274
 10
30.107776261937246
 20
498.2919508867667
 10
30.47612551159618
 20
498.34311050477487
 10
30.50944321282401
 20
498.2040842428376
 10
30.554143929058664
 20
498.0837312414734
 10
30.61022766030014
 20
497.98205150068213
 10
30.677694406548433
 20
497.89904502046386
 10
30.75667206684857
 20
497.83458390177356
 10
30.847288540245568
 20
497.78854024556614
 10
30.94954382673943
 20
497.7609140518417
 10
31.063437926330153
 20
497.75170532060025
 10
31.18743605047749
 20
497.76302438608457
 10
31.301585948158255
 20
497.7969815825375
 10
31.405887619372443
 20
497.85357690995903
 10
31.500341064120054
 20
497.93281036834924
 10
31.57867922919509
 20
498.02841490450203
 10
31.634635061391542
 20
498.1341234652115
 10
31.668208560709417
 20
498.2499360504775
 10
31.679399727148706
 20
498.37585266030015
 10
31.669231753069578
 20
498.49633356070945
 10
31.6387278308322
 20
498.60607094133695
 10
31.587887960436564
 20
498.70506480218285
 10
31.516712141882675
 20
498.79331514324696
 10
31.429165245566168
 20
498.86583390177356
 10
31.329212141882675
 20
498.9176330150068
 10
31.216852830832195
 20
498.9487124829468
 10
31.092087312414733
 20
498.95907230559345
 10
31.035939631650752
 20
498.9566422237381
 10
30.973908594815825
 20
498.9493519781719
 10
30.905994201909962
 20
498.9372015688949
 10
30.832196452933154
 20
498.9201909959072
 10
30.87517053206003
 20
499.243519781719
 10
30.945003410641203
 20
499.2444150750341
 10
31.007162346521145
 20
499.24710095497954
 10
31.061647339699864
 20
499.2515774215553
 10
31.108458390177354
 20
499.25784447476127
 10
31.152711459754435
 20
499.26756480218285
 10
31.199522510231922
 20
499.2824010914052
 10
31.248891541609822
 20
499.3023533424284
 10
31.30081855388813
 20
499.3274215552524
 10
31.351722373806275
 20
499.35805337653477
 10
31.398021828103683
 20
499.39469645293315
 10
31.439716916780355
 20
499.43735078444746
 10
31.476807639836288
 20
499.48601637107777
 10
31.50724761255116
 20
499.54082111186904
 10
31.52899045020464
 20
499.6018929058663
 10
31.54203615279673
 20
499.6692317530696
 10
31.546384720327424
 20
499.74283765347883
 10
31.53711203956344
 20
499.84809856753066
 10
31.509293997271488
 20
499.9408253751705
 10
31.46293059345157
 20
500.0210180763984
 10
31.398021828103683
 20
500.0886766712142
 10
31.320962653478855
 20
500.1423942701228
 10
31.238148021828103
 20
500.18076398362894
 10
31.149577933151434
 20
500.20378581173264
 10
31.055252387448842
 20
500.21145975443386
 10
30.948904331514328
 20
500.20263472032747
 10
30.85291609822647
 20
500.1761596180082
 10
30.767287687585267
 20
500.13203444747614
 10
30.692019099590723
 20
500.0702592087312
 10
30.628389324693043
 20
499.9921128922237
 10
30.57767735334243
 20
499.8988744884038
 10
30.539883185538883
 20
499.79054399727147
 10
30.5150068212824
 20
499.66712141882675
 10
30.146657571623464
 20
499.73465211459757
 10
30.193276773533423
 20
499.91780354706685
 10
30.26151091405184
 20
500.07639836289223
 10
30.35135999317872
 20
500.21043656207365
 10
30.46282401091405
 20
500.31991814461117
 10
30.591042803547065
 20
500.4049710095498
 10
30.731156207366986
 20
500.4657230559345
 10
30.883164222373807
 20
500.5021742837653
 10
31.047066848567532
 20
500.5143246930423
 10
31.226573158253753
 20
500.5001918485675
 10
31.390603683492497
 20
500.45779331514325
 10
31.539158424283766
 20
500.38712909276944
 10
31.672237380627557
 20
500.2881991814461
 10
31.781910811732605
 20
500.1688054229195
 10
31.86024897680764
 20
500.0367496589359
 10
31.907251875852662
 20
499.89203188949523
 10
31.92291950886767
 20
499.73465211459757
 10
31.897211800818553
 20
499.5396060709413
 10
31.820088676671215
 20
499.37397680763985
 10
31.691550136425647
 20
499.23776432469305
 10
31.511596180081856
 20
499.13096862210097
 10
31.511596180081856
 20
499.12278308321964
  0
LWPOLYLINE
  5
389
330
17
100
AcDbEntity
  8
ENGRAVE
100
AcDbPolyline
 90
5
 70
0
 10
33.046384720327424
 20
497.5
 10
32.6268758526603
 20
497.5
 10
32.6268758526603
 20
497.9195088676671
 10
33.046384720327424
 20
497.9195088676671
 10
33.046384720327424
 20
497.5
  0
LWPOLYLINE
  5
38A
330
17
100
AcDbEntity
  8
ENGRAVE
100
AcDbPolyline
 90
109
 70
0
 10
35.00682128240109
 20
499.12278308321964
 10
35.13747015688949
 20
499.08601210777624
 10
35.25110845839018
 20
499.0289051841746
 10
35.347736186903134
 20
498.9514623124147
 10
35.427353342428376
 20
498.8536834924966
 10
35.48957622783083
 20
498.74337056616645
 10
35.534021145975444
 20
498.6283253751705
 10
35.56068809686221
 20
498.5085479195088
 10
35.56957708049113
 20
498.3840381991814
 10
35.55096776944065
 20
498.18854450886766
 10
35.49513983628922
 20
498.0113403819918
 10
35.402093281036834
 20
497.8524258185539
 10
35.27182810368349
 20
497.7118008185539
 10
35.115599420190996
 20
497.596755627558
 10
34.94466234652114
 20
497.51458049113234
 10
34.75901688267394
 20
497.46527540927696
 10
34.558663028649384
 20
497.44884038199183
 10
34.368860845839016
 20
497.46329297407914
 10
34.196452933151434
 20
497.50665075034107
 10
34.04143929058663
 20
497.57891371077767
 10
33.90381991814461
 20
497.68008185538883
 10
33.788327080491136
 20
497.8050392223738
 10
33.699693042291955
 20
497.9486698499318
 10
33.63791780354707
 20
498.11097373806274
 10
33.60300136425648
 20
498.2919508867667
 10
33.97135061391542
 20
498.34311050477487
 10
34.00466831514325
 20
498.2040842428376
 10
34.0493690313779
 20
498.0837312414734
 10
34.10545276261937
 20
497.98205150068213
 10
34.172919508867665
 20
497.89904502046386
 10
34.251897169167805
 20
497.83458390177356
 10
34.3425136425648
 20
497.78854024556614
 10
34.44476892905866
 20
497.7609140518417
 10
34.558663028649384
 20
497.75170532060025
 10
34.682661152796726
 20
497.76302438608457
 10
34.79681105047749
 20
497.7969815825375
 10
34.901112721691675
 20
497.85357690995903
 10
34.99556616643929
 20
497.93281036834924
 10
35.07390433151432
 20
498.02841490450203
 10
35.129860163710774
 20
498.1341234652115
 10
35.16343366302865
 20
498.2499360504775
 10
35.17462482946794
 20
498.37585266030015
 10
35.16445685538881
 20
498.49633356070945
 10
35.133952933151434
 20
498.60607094133695
 10
35.0831130627558
 20
498.70506480218285
 10
35.01193724420191
 20
498.79331514324696
 10
34.92439034788541
 20
498.86583390177356
 10
34.82443724420191
 20
498.9176330150068
 10
34.712077933151434
 20
498.9487124829468
 10
34.58731241473397
 20
498.95907230559345
 10
34.53116473396999
 20
498.9566422237381
 10
34.469133697135064
 20
498.9493519781719
 10
34.401219304229194
 20
498.9372015688949
 10
34.327421555252386
 20
498.9201909959072
 10
34.370395634379264
 20
499.243519781719
 10
34.44022851296044
 20
499.2444150750341
 10
34.50238744884038
 20
499.24710095497954
 10
34.5568724420191
 20
499.2515774215553
 10
34.603683492496586
 20
499.25784447476127
 10
34.64793656207367
 20
499.26756480218285
 10
34.69474761255116
 20
499.2824010914052
 10
34.74411664392906
 20
499.3023533424284
 10
34.79604365620737
 20
499.3274215552524
 10
34.84694747612551
 20
499.35805337653477
 10
34.89324693042292
 20
499.39469645293315
 10
34.934942019099594
 20
499.43735078444746
 10
34.97203274215553
 20
499.48601637107777
 10
35.00247271487039
 20
499.54082111186904
 10
35.02421555252387
 20
499.6018929058663
 10
35.03726125511596
 20
499.6692317530696
 10
35.041609822646656
 20
499.74283765347883
 10
35.03233714188267
 20
499.84809856753066
 10
35.00451909959072
 20
499.9408253751705
 10
34.958155695770806
 20
500.0210180763984
 10
34.89324693042292
 20
500.0886766712142
 10
34.81618775579809
 20
500.1423942701228
 10
34.73337312414734
 20
500.18076398362894
 10
34.644803035470666
 20
500.20378581173264
 10
34.55047748976808
 20
500.21145975443386
 10
34.44412943383356
 20
500.20263472032747
 10
34.348141200545705
 20
500.1761596180082
 10
34.262512789904505
 20
500.13203444747614
 10
34.18724420190996
 20
500.0702592087312
 10
34.12361442701228
 20
499.9921128922237
 10
34.07290245566166
 20
499.8988744884038
 10
34.035108287858115
 20
499.79054399727147
 10
34.01023192360164
 20
499.66712141882675
 10
33.6418826739427
 20
499.73465211459757
 10
33.688501875852666
 20
499.91780354706685
 10
33.75673601637108
 20
500.07639836289223
 10
33.84658509549796
 20
500.21043656207365
 10
33.95804911323329
 20
500.31991814461117
 10
34.0862679058663
 20
500.4049710095498
 10
34.22638130968622
 20
500.4657230559345
 10
34.37838932469304
 20
500.5021742837653
 10
34.542291950886764
 20
500.5143246930423
 10
34.72179826057299
 20
500.5001918485675
 10
34.88582878581173
 20
500.45779331514325
 10
35.034383526603
 20
500.38712909276944
 10
35.167462482946796
 20
500.2881991814461
 10
35.27713591405184
 20
500.1688054229195
 10
35.35547407912688
 20
500.0367496589359
 10
35.4024769781719
 20
499.89203188949523
 10
35.418144611186904
 20
499.73465211459757
 10
35.39243690313779
 20
499.5396060709413
 10
35.31531377899045
 20
499.37397680763985
 10
35.186775238744886
 20
499.23776432469305
 10
35.00682128240109
 20
499.13096862210097
 10
35.00682128240109
 20
499.12278308321964
  0
LWPOLYLINE
  5
38B
330
17
100
AcDbEntity
  8
ENGRAVE
100
AcDbPolyline
 90
33
 70
0
 10
36.91405184174625
 20
500.5143246930423
 10
37.14331087994543
 20
500.49034362210097
 10
37.34200204638472
 20
500.41840040927696
 10
37.51012534106412
 20
500.29849505457025
 10
37.64768076398363
 20
500.1306275579809
 10
37.75466831514324
 20
499.9147979195088
 10
37.83108799454297
 20
499.65100613915416
 10
37.87693980218281
 20
499.33925221691675
 10
37.892223738062754
 20
498.9795361527967
 10
37.87642820600273
 20
498.61662261255117
 10
37.829041609822646
 20
498.3034618008186
 10
37.75006394952251
 20
498.04005371759894
 10
37.63949522510232
 20
497.82639836289223
 10
37.499381821282405
 20
497.66121674624833
 10
37.331770122783084
 20
497.54322987721696
 10
37.136660129604365
 20
497.4724377557981
 10
36.91405184174625
 20
497.44884038199183
 10
36.685272424965895
 20
497.47275750341066
 10
36.48699693042292
 20
497.5445088676671
 10
36.31922535811733
 20
497.66409447476127
 10
36.18195770804911
 20
497.83151432469305
 10
36.07519398021828
 20
498.0467684174625
 10
35.99893417462483
 20
498.30985675306954
 10
35.95317829126876
 20
498.6207793315143
 10
35.93792633015007
 20
498.9795361527967
 10
35.953721862210095
 20
499.3425775920873
 10
36.00110845839018
 20
499.656122100955
 10
36.08008611869032
 20
499.92016967939975
 10
36.19065484311051
 20
500.1347203274216
 10
36.33064034788541
 20
500.3007972373806
 10
36.49786834924966
 20
500.4194236016371
 10
36.692338847203274
 20
500.49059942019096
 10
36.91405184174625
 20
500.5143246930423
  0
LWPOLYLINE
  5
38C
330
17
100
AcDbEntity
  8
ENGRAVE
100
AcDbPolyline
 90
41
 70
0
 10
36.91405184174625
 20
497.75170532060025
 10
37.053333901773534
 20
497.76967513642563
 10
37.17445429740791
 20
497.8235845839018
 10
37.27741302864939
 20
497.9134336630286
 10
37.36221009549796
 20
498.0392223738063
 10
37.42846180081855
 20
498.20581087994543
 10
37.47578444747613
 20
498.4180593451569
 10
37.504178035470666
 20
498.67596776944066
 10
37.51364256480218
 20
498.9795361527967
 10
37.509485845839016
 20
499.19459839699863
 10
37.497015688949524
 20
499.3854877216917
 10
37.4762320941337
 20
499.55220412687584
 10
37.44713506139154
 20
499.69474761255117
 10
37.409660641200546
 20
499.8168912005457
 10
37.3637448840382
 20
499.92240791268756
 10
37.309387789904505
 20
500.0112977489768
 10
37.246589358799454
 20
500.08356070941335
 10
37.175285641200546
 20
500.13951654160985
 10
37.09541268758527
 20
500.17948499317873
 10
37.00697049795362
 20
500.2034660641201
 10
36.9099590723056
 20
500.21145975443386
 10
36.77080491132333
 20
500.19317019099594
 10
36.65006821282401
 20
500.13830150068213
 10
36.54774897680764
 20
500.0468536834925
 10
36.46384720327421
 20
499.918826739427
 10
36.398490791268756
 20
499.7503836971351
 10
36.35180763983629
 20
499.53768758526604
 10
36.3237977489768
 20
499.2807384038199
 10
36.31446111869031
 20
498.9795361527967
 10
36.31868178717598
 20
498.7670958390177
 10
36.331343792633014
 20
498.5779331514325
 10
36.35244713506139
 20
498.4120480900409
 10
36.38199181446112
 20
498.2694406548431
 10
36.419849931787176
 20
498.146849420191
 10
36.46589358799454
 20
498.04101296043655
 10
36.52012278308322
 20
497.95193127557985
 10
36.582537517053204
 20
497.87960436562076
 10
36.6531377899045
 20
497.82364853342426
 10
36.73192360163711
 20
497.7836800818554
 10
36.81889495225102
 20
497.759699010914
 10
36.91405184174625
 20
497.75170532060025
  0
LWPOLYLINE
  5
38D
330
17
100
AcDbEntity
  8
ENGRAVE
100
AcDbPolyline
 90
109
 70
0
 10
47.51159618008185
 20
499.12278308321964
 10
47.64224505457026
 20
499.08601210777624
 10
47.75588335607094
 20
499.0289051841746
 10
47.8525110845839
 20
498.9514623124147
 10
47.932128240109144
 20
498.8536834924966
 10
47.9943511255116
 20
498.74337056616645
 10
48.038796043656205
 20
498.6283253751705
 10
48.065462994542976
 20
498.5085479195088
 10
48.0743519781719
 20
498.3840381991814
 10
48.05574266712142
 20
498.18854450886766
 10
47.99991473396999
 20
498.0113403819918
 10
47.9068681787176
 20
497.8524258185539
 10
47.77660300136426
 20
497.7118008185539
 10
47.620374317871764
 20
497.596755627558
 10
47.44943724420191
 20
497.51458049113234
 10
47.26379178035471
 20
497.46527540927696
 10
47.06343792633015
 20
497.44884038199183
 10
46.873635743519785
 20
497.46329297407914
 10
46.701227830832195
 20
497.50665075034107
 10
46.54621418826739
 20
497.57891371077767
 10
46.408594815825374
 20
497.68008185538883
 10
46.2931019781719
 20
497.8050392223738
 10
46.204467939972716
 20
497.9486698499318
 10
46.14269270122783
 20
498.11097373806274
 10
46.107776261937246
 20
498.2919508867667
 10
46.47612551159618
 20
498.34311050477487
 10
46.50944321282401
 20
498.2040842428376
 10
46.55414392905866
 20
498.0837312414734
 10
46.61022766030014
 20
497.98205150068213
 10
46.67769440654843
 20
497.89904502046386
 10
46.756672066848566
 20
497.83458390177356
 10
46.847288540245565
 20
497.78854024556614
 10
46.94954382673943
 20
497.7609140518417
 10
47.06343792633015
 20
497.75170532060025
 10
47.187436050477494
 20
497.76302438608457
 10
47.301585948158255
 20
497.7969815825375
 10
47.40588761937244
 20
497.85357690995903
 10
47.50034106412006
 20
497.93281036834924
 10
47.57867922919509
 20
498.02841490450203
 10
47.63463506139154
 20
498.1341234652115
 10
47.66820856070942
 20
498.2499360504775
 10
47.679399727148706
 20
498.37585266030015
 10
47.66923175306958
 20
498.49633356070945
 10
47.638727830832195
 20
498.60607094133695
 10
47.58788796043657
 20
498.70506480218285
 10
47.51671214188268
 20
498.79331514324696
 10
47.42916524556617
 20
498.86583390177356
 10
47.32921214188268
 20
498.9176330150068
 10
47.216852830832195
 20
498.9487124829468
 10
47.09208731241473
 20
498.95907230559345
 10
47.03593963165075
 20
498.9566422237381
 10
46.973908594815825
 20
498.9493519781719
 10
46.90599420190996
 20
498.9372015688949
 10
46.832196452933154
 20
498.9201909959072
 10
46.875170532060025
 20
499.243519781719
 10
46.9450034106412
 20
499.2444150750341
 10
47.00716234652115
 20
499.24710095497954
 10
47.06164733969987
 20
499.2515774215553
 10
47.108458390177354
 20
499.25784447476127
 10
47.152711459754435
 20
499.26756480218285
 10
47.19952251023192
 20
499.2824010914052
 10
47.24889154160982
 20
499.3023533424284
 10
47.300818553888135
 20
499.3274215552524
 10
47.351722373806275
 20
499.35805337653477
 10
47.39802182810369
 20
499.39469645293315
 10
47.439716916780355
 20
499.43735078444746
 10
47.47680763983629
 20
499.48601637107777
 10
47.50724761255116
 20
499.54082111186904
 10
47.52899045020464
 20
499.6018929058663
 10
47.542036152796726
 20
499.6692317530696
 10
47.546384720327424
 20
499.74283765347883
 10
47.53711203956344
 20
499.84809856753066
 10
47.50929399727149
 20
499.9408253751705
 10
47.462930593451574
 20
500.0210180763984
 10
47.39802182810369
 20
500.0886766712142
 10
47.32096265347886
 20
500.1423942701228
 10
47.23814802182811
 20
500.18076398362894
 10
47.149577933151434
 20
500.20378581173264
 10
47.05525238744884
 20
500.21145975443386
 10
46.94890433151433
 20
500.20263472032747
 10
46.852916098226466
 20
500.1761596180082
 10
46.76728768758527
 20
500.13203444747614
 10
46.69201909959072
 20
500.0702592087312
 10
46.62838932469304
 20
499.9921128922237
 10
46.57767735334242
 20
499.8988744884038
 10
46.539883185538876
 20
499.79054399727147
 10
46.5150068212824
 20
499.66712141882675
 10
46.146657571623464
 20
499.73465211459757
 10
46.19327677353343
 20
499.91780354706685
 10
46.26151091405184
 20
500.07639836289223
 10
46.35135999317872
 20
500.21043656207365
 10
46.462824010914055
 20
500.31991814461117
 10
46.59104280354707
 20
500.4049710095498
 10
46.731156207366986
 20
500.4657230559345
 10
46.88316422237381
 20
500.5021742837653
 10
47.04706684856753
 20
500.5143246930423
 10
47.22657315825375
 20
500.5001918485675
 10
47.3906036834925
 20
500.45779331514325
 10
47.53915842428376
 20
500.38712909276944
 10
47.67223738062756
 20
500.2881991814461
 10
47.7819108117326
 20
500.1688054229195
 10
47.86024897680764
 20
500.0367496589359
 10
47.90725187585266
 20
499.89203188949523
 10
47.922919508867665
 20
499.73465211459757
 10
47.89721180081855
 20
499.5396060709413
 10
47.82008867667121
 20
499.37397680763985
 10
47.69155013642565
 20
499.23776432469305
 10
47.51159618008185
 20
499.13096862210097
 10
47.51159618008185
 20
499.12278308321964
  0
LWPOLYLINE
  5
38E
330
17
100
AcDbEntity
  8
ENGRAVE
100
AcDbPolyline
 90
5
 70
0
 10
49.046384720327424
 20
497.5
 10
48.6268758526603
 20
497.5
 10
48.6268758526603
 20
497.9195088676671
 10
49.046384720327424
 20
497.9195088676671
 10
49.046384720327424
 20
497.5
  0
LWPOLYLINE
  5
38F
330
17
100
AcDbEntity
  8
ENGRAVE
100
AcDbPolyline
 90
12
 70
0
 10
51.55525238744884
 20
498.2162346521146
 10
51.15006821282401
 20
498.2162346521146
 10
51.15006821282401
 20
497.5
 10
50.781718963165076
 20
497.5
 10
50.781718963165076
 20
498.2162346521146
 10
49.482264665757164
 20
498.2162346521146
 10
49.482264665757164
 20
498.55593451568893
 10
50.84720327421555
 20
500.5
 10
51.15006821282401
 20
500.5
 10
51.15006821282401
 20
498.55593451568893
 10
51.55525238744884
 20
498.55593451568893
 10
51.55525238744884
 20
498.2162346521146
  0
LWPOLYLINE
  5
390
330
17
100
AcDbEntity
  8
ENGRAVE
100
AcDbPolyline
 90
5
 70
0
 10
50.781718963165076
 20
498.55593451568893
 10
50.781718963165076
 20
499.9106412005457
 10
50.77353342428377
 20
499.9106412005457
 10
49.84242837653479
 20
498.55593451568893
 10
50.781718963165076
 20
498.55593451568893
  0
LWPOLYLINE
  5
391
330
17
100
AcDbEntity
  8
ENGRAVE
100
AcDbPolyline
 90
33
 70
0
 10
52.91405184174625
 20
500.5143246930423
 10
53.14331087994543
 20
500.49034362210097
 10
53.34200204638472
 20
500.41840040927696
 10
53.51012534106412
 20
500.29849505457025
 10
53.64768076398363
 20
500.1306275579809
 10
53.75466831514324
 20
499.9147979195088
 10
53.83108799454297
 20
499.65100613915416
 10
53.87693980218281
 20
499.33925221691675
 10
53.892223738062754
 20
498.9795361527967
 10
53.87642820600273
 20
498.61662261255117
 10
53.829041609822646
 20
498.3034618008186
 10
53.75006394952251
 20
498.04005371759894
 10
53.63949522510232
 20
497.82639836289223
 10
53.499381821282405
 20
497.66121674624833
 10
53.331770122783084
 20
497.54322987721696
 10
53.136660129604365
 20
497.4724377557981
 10
52.91405184174625
 20
497.44884038199183
 10
52.685272424965895
 20
497.47275750341066
 10
52.48699693042292
 20
497.5445088676671
 10
52.31922535811733
 20
497.66409447476127
 10
52.18195770804911
 20
497.83151432469305
 10
52.07519398021828
 20
498.0467684174625
 10
51.99893417462483
 20
498.30985675306954
 10
51.95317829126876
 20
498.6207793315143
 10
51.93792633015007
 20
498.9795361527967
 10
51.953721862210095
 20
499.3425775920873
 10
52.00110845839018
 20
499.656122100955
 10
52.08008611869032
 20
499.92016967939975
 10
52.19065484311051
 20
500.1347203274216
 10
52.33064034788541
 20
500.3007972373806
 10
52.49786834924966
 20
500.4194236016371
 10
52.692338847203274
 20
500.49059942019096
 10
52.91405184174625
 20
500.5143246930423
  0
LWPOLYLINE
  5
392
330
17
100
AcDbEntity
  8
ENGRAVE
100
AcDbPolyline
 90
41
 70
0
 10
52.91405184174625
 20
497.75170532060025
 10
53.053333901773534
 20
497.76967513642563
 10
53.17445429740791
 20
497.8235845839018
 10
53.27741302864939
 20
497.9134336630286
 10
53.36221009549796
 20
498.0392223738063
 10
53.42846180081855
 20
498.20581087994543
 10
53.47578444747613
 20
498.4180593451569
 10
53.504178035470666
 20
498.67596776944066
 10
53.51364256480218
 20
498.9795361527967
 10
53.509485845839016
 20
499.19459839699863
 10
53.497015688949524
 20
499.3854877216917
 10
53.4762320941337
 20
499.55220412687584
 10
53.44713506139154
 20
499.69474761255117
 10
53.409660641200546
 20
499.8168912005457
 10
53.3637448840382
 20
499.92240791268756
 10
53.309387789904505
 20
500.0112977489768
 10
53.246589358799454
 20
500.08356070941335
 10
53.175285641200546
 20
500.13951654160985
 10
53.09541268758527
 20
500.17948499317873
 10
53.00697049795362
 20
500.2034660641201
 10
52.9099590723056
 20
500.21145975443386
 10
52.77080491132333
 20
500.19317019099594
 10
52.65006821282401
 20
500.13830150068213
 10
52.54774897680764
 20
500.0468536834925
 10
52.46384720327421
 20
499.918826739427
 10
52.398490791268756
 20
499.7503836971351
 10
52.35180763983629
 20
499.53768758526604
 10
52.3237977489768
 20
499.2807384038199
 10
52.31446111869031
 20
498.9795361527967
 10
52.31868178717598
 20
498.7670958390177
 10
52.331343792633014
 20
498.5779331514325
 10
52.35244713506139
 20
498.4120480900409
 10
52.38199181446112
 20
498.2694406548431
 10
52.419849931787176
 20
498.146849420191
 10
52.46589358799454
 20
498.04101296043655
 10
52.52012278308322
 20
497.95193127557985
 10
52.582537517053204
 20
497.87960436562076
 10
52.6531377899045
 20
497.82364853342426
 10
52.73192360163711
 20
497.7836800818554
 10
52.81889495225102
 20
497.759699010914
 10
52.91405184174625
 20
497.75170532060025
  0
LWPOLYLINE
  5
393
330
17
100
AcDbEntity
  8
ENGRAVE
100
AcDbPolyline
 90
109
 70
0
 10
63.51159618008185
 20
499.12278308321964
 10
63.64224505457026
 20
499.08601210777624
 10
63.75588335607094
 20
499.0289051841746
 10
63.8525110845839
 20
498.9514623124147
 10
63.932128240109144
 20
498.8536834924966
 10
63.99435112551159
 20
498.74337056616645
 10
64.0387960436562
 20
498.6283253751705
 10
64.06546299454297
 20
498.5085479195088
 10
64.07435197817189
 20
498.3840381991814
 10
64.05574266712141
 20
498.18854450886766
 10
63.99991473396998
 20
498.0113403819918
 10
63.906868178717595
 20
497.8524258185539
 10
63.77660300136426
 20
497.7118008185539
 10
63.620374317871764
 20
497.596755627558
 10
63.44943724420191
 20
497.51458049113234
 10
63.26379178035471
 20
497.46527540927696
 10
63.06343792633015
 20
497.44884038199183
 10
62.873635743519785
 20
497.46329297407914
 10
62.701227830832195
 20
497.50665075034107
 10
62.54621418826739
 20
497.57891371077767
 10
62.408594815825374
 20
497.68008185538883
 10
62.2931019781719
 20
497.8050392223738
 10
62.204467939972716
 20
497.9486698499318
 10
62.14269270122783
 20
498.11097373806274
 10
62.107776261937246
 20
498.2919508867667
 10
62.47612551159618
 20
498.34311050477487
 10
62.50944321282401
 20
498.2040842428376
 10
62.55414392905866
 20
498.0837312414734
 10
62.61022766030014
 20
497.98205150068213
 10
62.67769440654843
 20
497.89904502046386
 10
62.756672066848566
 20
497.83458390177356
 10
62.847288540245565
 20
497.78854024556614
 10
62.94954382673943
 20
497.7609140518417
 10
63.06343792633015
 20
497.75170532060025
 10
63.187436050477494
 20
497.76302438608457
 10
63.301585948158255
 20
497.7969815825375
 10
63.40588761937244
 20
497.85357690995903
 10
63.50034106412006
 20
497.93281036834924
 10
63.57867922919509
 20
498.02841490450203
 10
63.63463506139154
 20
498.1341234652115
 10
63.66820856070942
 20
498.2499360504775
 10
63.679399727148706
 20
498.37585266030015
 10
63.66923175306958
 20
498.49633356070945
 10
63.638727830832195
 20
498.60607094133695
 10
63.58788796043657
 20
498.70506480218285
 10
63.51671214188268
 20
498.79331514324696
 10
63.42916524556617
 20
498.86583390177356
 10
63.32921214188268
 20
498.9176330150068
 10
63.216852830832195
 20
498.9487124829468
 10
63.09208731241473
 20
498.95907230559345
 10
63.03593963165075
 20
498.9566422237381
 10
62.973908594815825
 20
498.9493519781719
 10
62.90599420190996
 20
498.9372015688949
 10
62.832196452933154
 20
498.9201909959072
 10
62.875170532060025
 20
499.243519781719
 10
62.9450034106412
 20
499.2444150750341
 10
63.00716234652115
 20
499.24710095497954
 10
63.06164733969987
 20
499.2515774215553
 10
63.108458390177354
 20
499.25784447476127
 10
63.152711459754435
 20
499.26756480218285
 10
63.19952251023192
 20
499.2824010914052
 10
63.24889154160982
 20
499.3023533424284
 10
63.300818553888135
 20
499.3274215552524
 10
63.351722373806275
 20
499.35805337653477
 10
63.39802182810369
 20
499.39469645293315
 10
63.439716916780355
 20
499.43735078444746
 10
63.47680763983629
 20
499.48601637107777
 10
63.50724761255116
 20
499.54082111186904
 10
63.52899045020464
 20
499.6018929058663
 10
63.542036152796726
 20
499.6692317530696
 10
63.546384720327424
 20
499.74283765347883
 10
63.53711203956344
 20
499.84809856753066
 10
63.50929399727149
 20
499.9408253751705
 10
63.462930593451574
 20
500.0210180763984
 10
63.39802182810369
 20
500.0886766712142
 10
63.32096265347886
 20
500.1423942701228
 10
63.23814802182811
 20
500.18076398362894
 10
63.149577933151434
 20
500.20378581173264
 10
63.05525238744884
 20
500.21145975443386
 10
62.94890433151433
 20
500.20263472032747
 10
62.852916098226466
 20
500.1761596180082
 10
62.76728768758527
 20
500.13203444747614
 10
62.69201909959072
 20
500.0702592087312
 10
62.62838932469304
 20
499.9921128922237
 10
62.57767735334242
 20
499.8988744884038
 10
62.539883185538876
 20
499.79054399727147
 10
62.5150068212824
 20
499.66712141882675
 10
62.146657571623464
 20
499.73465211459757
 10
62.19327677353343
 20
499.91780354706685
 10
62.26151091405184
 20
500.07639836289223
 10
62.35135999317872
 20
500.21043656207365
 10
62.462824010914055
 20
500.31991814461117
 10
62.59104280354707
 20
500.4049710095498
 10
62.731156207366986
 20
500.4657230559345
 10
62.88316422237381
 20
500.5021742837653
 10
63.04706684856753
 20
500.5143246930423
 10
63.22657315825375
 20
500.5001918485675
 10
63.3906036834925
 20
500.45779331514325
 10
63.53915842428376
 20
500.38712909276944
 10
63.67223738062756
 20
500.2881991814461
 10
63.7819108117326
 20
500.1688054229195
 10
63.86024897680764
 20
500.0367496589359
 10
63.90725187585266
 20
499.89203188949523
 10
63.922919508867665
 20
499.73465211459757
 10
63.89721180081855
 20
499.5396060709413
 10
63.82008867667121
 20
499.37397680763985
 10
63.69155013642565
 20
499.23776432469305
 10
63.51159618008185
 20
499.13096862210097
 10
63.51159618008185
 20
499.12278308321964
  0
LWPOLYLINE
  5
394
330
17
100
AcDbEntity
  8
ENGRAVE
100
AcDbPolyline
 90
5
 70
0
 10
65.04638472032742
 20
497.5
 10
64.6268758526603
 20
497.5
 10
64.6268758526603
 20
497.9195088676671
 10
65.04638472032742
 20
497.9195088676671
 10
65.04638472032742
 20
497.5
  0
LWPOLYLINE
  5
395
330
17
100
AcDbEntity
  8
ENGRAVE
100
AcDbPolyline
 90
64
 70
0
 10
66.0818553888131
 20
499.3028649386085
 10
66.22024215552524
 20
499.3852319236016
 10
66.36118690313779
 20
499.44406548431107
 10
66.50468963165075
 20
499.4793656207367
 10
66.65075034106412
 20
499.4911323328786
 10
66.83198328785812
 20
499.4745694065484
 10
67.00119372442019
 20
499.42488062755797
 10
67.15838165075034
 20
499.34206599590726
 10
67.30354706684857
 20
499.2261255115962
 10
67.42530695770805
 20
499.0825588335607
 10
67.51227830832197
 20
498.9168656207367
 10
67.56446111869032
 20
498.7290458731241
 10
67.5818553888131
 20
498.51909959072304
 10
67.56420532060028
 20
498.3044210436562
 10
67.5112551159618
 20
498.106497271487
 10
67.42300477489769
 20
497.92532827421553
 10
67.29945429740792
 20
497.7609140518417
 10
67.14725443383357
 20
497.6243818212824
 10
66.97305593451568
 20
497.5268587994543
 10
66.7768587994543
 20
497.46834498635747
 10
66.55866302864939
 20
497.44884038199183
 10
66.37768587994543
 20
497.4620779331514
 10
66.20924283765348
 20
497.5017905866303
 10
66.05333390177354
 20
497.5679783424284
 10
65.9099590723056
 20
497.6606412005457
 10
65.78743178717599
 20
497.7792675648022
 10
65.69406548431104
 20
497.9233458390177
 10
65.62986016371077
 20
498.09287602319233
 10
65.59481582537516
 20
498.28785811732604
 10
65.97953615279673
 20
498.31650750341066
 10
66.00972032742155
 20
498.1833006480218
 10
66.0532060027285
 20
498.0681275579809
 10
66.10999317871759
 20
497.97098823328787
 10
66.1800818553888
 20
497.8918826739427
 10
66.2612977489768
 20
497.8305550818554
 10
66.35146657571624
 20
497.78674965893583
 10
66.4505883356071
 20
497.76046640518416
 10
66.55866302864939
 20
497.75170532060025
 10
66.69218963165075
 20
497.7649428717599
 10
66.81241473396999
 20
497.80465552523873
 10
66.9193383356071
 20
497.87084328103685
 10
67.01296043656207
 20
497.96350613915416
 10
67.08906036834924
 20
498.0754817530696
 10
67.14341746248294
 20
498.1996077762619
 10
67.17603171896316
 20
498.3358842087313
 10
67.1869031377899
 20
498.4843110504775
 10
67.17577592087312
 20
498.6335692360164
 10
67.14239427012278
 20
498.7662005457026
 10
67.08675818553888
 20
498.88220497953614
 10
67.00886766712142
 20
498.98158253751706
 10
66.91345497953616
 20
499.0612636425648
 10
66.80525238744883
 20
499.1181787175989
 10
66.68425989085948
 20
499.1523277626194
 10
66.55047748976807
 20
499.1637107776262
 10
66.38369713506138
 20
499.1456770122783
 10
66.23738062755798
 20
499.0915757162347
 10
66.11152796725784
 20
499.00140688949523
 10
66.00613915416098
 20
498.87517053206005
 10
65.65825375170532
 20
498.9160982264666
 10
65.95088676671215
 20
500.45907230559345
 10
67.43860845839018
 20
500.45907230559345
 10
67.43860845839018
 20
500.1030013642565
 10
66.24351978171896
 20
500.1030013642565
 10
66.0818553888131
 20
499.3028649386085
  0
LWPOLYLINE
  5
396
330
17
100
AcDbEntity
  8
ENGRAVE
100
AcDbPolyline
 90
33
 70
0
 10
68.91405184174624
 20
500.5143246930423
 10
69.14331087994543
 20
500.49034362210097
 10
69.34200204638472
 20
500.41840040927696
 10
69.51012534106411
 20
500.29849505457025
 10
69.64768076398363
 20
500.1306275579809
 10
69.75466831514325
 20
499.9147979195088
 10
69.83108799454297
 20
499.65100613915416
 10
69.8769398021828
 20
499.33925221691675
 10
69.89222373806275
 20
498.9795361527967
 10
69.87642820600273
 20
498.61662261255117
 10
69.82904160982264
 20
498.3034618008186
 10
69.75006394952251
 20
498.04005371759894
 10
69.63949522510232
 20
497.82639836289223
 10
69.4993818212824
 20
497.66121674624833
 10
69.33177012278308
 20
497.54322987721696
 10
69.13666012960437
 20
497.4724377557981
 10
68.91405184174624
 20
497.44884038199183
 10
68.68527242496589
 20
497.47275750341066
 10
68.48699693042292
 20
497.5445088676671
 10
68.31922535811732
 20
497.66409447476127
 10
68.18195770804911
 20
497.83151432469305
 10
68.07519398021827
 20
498.0467684174625
 10
67.99893417462482
 20
498.30985675306954
 10
67.95317829126876
 20
498.6207793315143
 10
67.93792633015006
 20
498.9795361527967
 10
67.95372186221009
 20
499.3425775920873
 10
68.00110845839018
 20
499.656122100955
 10
68.08008611869032
 20
499.92016967939975
 10
68.19065484311051
 20
500.1347203274216
 10
68.3306403478854
 20
500.3007972373806
 10
68.49786834924966
 20
500.4194236016371
 10
68.69233884720327
 20
500.49059942019096
 10
68.91405184174624
 20
500.5143246930423
  0
LWPOLYLINE
  5
397
330
17
100
AcDbEntity
  8
ENGRAVE
100
AcDbPolyline
 90
41
 70
0
 10
68.91405184174624
 20
497.75170532060025
 10
69.05333390177353
 20
497.76967513642563
 10
69.1744542974079
 20
497.8235845839018
 10
69.27741302864939
 20
497.9134336630286
 10
69.36221009549796
 20
498.0392223738063
 10
69.42846180081855
 20
498.20581087994543
 10
69.47578444747613
 20
498.4180593451569
 10
69.50417803547067
 20
498.67596776944066
 10
69.51364256480218
 20
498.9795361527967
 10
69.50948584583902
 20
499.19459839699863
 10
69.49701568894952
 20
499.3854877216917
 10
69.47623209413369
 20
499.55220412687584
 10
69.44713506139153
 20
499.69474761255117
 10
69.40966064120055
 20
499.8168912005457
 10
69.3637448840382
 20
499.92240791268756
 10
69.3093877899045
 20
500.0112977489768
 10
69.24658935879945
 20
500.08356070941335
 10
69.17528564120055
 20
500.13951654160985
 10
69.09541268758527
 20
500.17948499317873
 10
69.00697049795362
 20
500.2034660641201
 10
68.9099590723056
 20
500.21145975443386
 10
68.77080491132334
 20
500.19317019099594
 10
68.65006821282401
 20
500.13830150068213
 10
68.54774897680764
 20
500.0468536834925
 10
68.46384720327421
 20
499.918826739427
 10
68.39849079126876
 20
499.7503836971351
 10
68.3518076398363
 20
499.53768758526604
 10
68.32379774897682
 20
499.2807384038199
 10
68.31446111869032
 20
498.9795361527967
 10
68.31868178717599
 20
498.7670958390177
 10
68.33134379263302
 20
498.5779331514325
 10
68.3524471350614
 20
498.4120480900409
 10
68.38199181446112
 20
498.2694406548431
 10
68.41984993178718
 20
498.146849420191
 10
68.46589358799454
 20
498.04101296043655
 10
68.52012278308322
 20
497.95193127557985
 10
68.58253751705321
 20
497.87960436562076
 10
68.6531377899045
 20
497.82364853342426
 10
68.7319236016371
 20
497.7836800818554
 10
68.81889495225103
 20
497.759699010914
 10
68.91405184174624
 20
497.75170532060025
  0
LWPOLYLINE
  5
398
330
17
100
AcDbEntity
  8
ENGRAVE
100
AcDbPolyline
 90
109
 70
0
 10
79.51159618008185
 20
499.12278308321964
 10
79.64224505457025
 20
499.08601210777624
 10
79.75588335607094
 20
499.0289051841746
 10
79.8525110845839
 20
498.9514623124147
 10
79.93212824010914
 20
498.8536834924966
 10
79.99435112551159
 20
498.74337056616645
 10
80.0387960436562
 20
498.6283253751705
 10
80.06546299454297
 20
498.5085479195088
 10
80.07435197817189
 20
498.3840381991814
 10
80.05574266712141
 20
498.18854450886766
 10
79.99991473396997
 20
498.0113403819918
 10
79.90686817871759
 20
497.8524258185539
 10
79.77660300136425
 20
497.7118008185539
 10
79.62037431787175
 20
497.596755627558
 10
79.4494372442019
 20
497.51458049113234
 10
79.26379178035471
 20
497.46527540927696
 10
79.06343792633015
 20
497.44884038199183
 10
78.87363574351978
 20
497.46329297407914
 10
78.7012278308322
 20
497.50665075034107
 10
78.5462141882674
 20
497.57891371077767
 10
78.40859481582538
 20
497.68008185538883
 10
78.2931019781719
 20
497.8050392223738
 10
78.20446793997272
 20
497.9486698499318
 10
78.14269270122783
 20
498.11097373806274
 10
78.10777626193725
 20
498.2919508867667
 10
78.47612551159618
 20
498.34311050477487
 10
78.50944321282401
 20
498.2040842428376
 10
78.55414392905867
 20
498.0837312414734
 10
78.61022766030014
 20
497.98205150068213
 10
78.67769440654843
 20
497.89904502046386
 10
78.75667206684857
 20
497.83458390177356
 10
78.84728854024556
 20
497.78854024556614
 10
78.94954382673943
 20
497.7609140518417
 10
79.06343792633015
 20
497.75170532060025
 10
79.18743605047749
 20
497.76302438608457
 10
79.30158594815825
 20
497.7969815825375
 10
79.40588761937244
 20
497.85357690995903
 10
79.50034106412005
 20
497.93281036834924
 10
79.57867922919509
 20
498.02841490450203
 10
79.63463506139155
 20
498.1341234652115
 10
79.66820856070942
 20
498.2499360504775
 10
79.6793997271487
 20
498.37585266030015
 10
79.66923175306958
 20
498.49633356070945
 10
79.6387278308322
 20
498.60607094133695
 10
79.58788796043656
 20
498.70506480218285
 10
79.51671214188268
 20
498.79331514324696
 10
79.42916524556617
 20
498.86583390177356
 10
79.32921214188268
 20
498.9176330150068
 10
79.2168528308322
 20
498.9487124829468
 10
79.09208731241473
 20
498.95907230559345
 10
79.03593963165075
 20
498.9566422237381
 10
78.97390859481582
 20
498.9493519781719
 10
78.90599420190995
 20
498.9372015688949
 10
78.83219645293315
 20
498.9201909959072
 10
78.87517053206003
 20
499.243519781719
 10
78.9450034106412
 20
499.2444150750341
 10
79.00716234652114
 20
499.24710095497954
 10
79.06164733969987
 20
499.2515774215553
 10
79.10845839017736
 20
499.25784447476127
 10
79.15271145975444
 20
499.26756480218285
 10
79.19952251023193
 20
499.2824010914052
 10
79.24889154160982
 20
499.3023533424284
 10
79.30081855388813
 20
499.3274215552524
 10
79.35172237380628
 20
499.35805337653477
 10
79.39802182810368
 20
499.39469645293315
 10
79.43971691678036
 20
499.43735078444746
 10
79.4768076398363
 20
499.48601637107777
 10
79.50724761255117
 20
499.54082111186904
 10
79.52899045020465
 20
499.6018929058663
 10
79.54203615279673
 20
499.6692317530696
 10
79.54638472032742
 20
499.74283765347883
 10
79.53711203956344
 20
499.84809856753066
 10
79.50929399727148
 20
499.9408253751705
 10
79.46293059345157
 20
500.0210180763984
 10
79.39802182810368
 20
500.0886766712142
 10
79.32096265347886
 20
500.1423942701228
 10
79.23814802182811
 20
500.18076398362894
 10
79.14957793315143
 20
500.20378581173264
 10
79.05525238744885
 20
500.21145975443386
 10
78.94890433151433
 20
500.20263472032747
 10
78.85291609822647
 20
500.1761596180082
 10
78.76728768758527
 20
500.13203444747614
 10
78.69201909959072
 20
500.0702592087312
 10
78.62838932469305
 20
499.9921128922237
 10
78.57767735334244
 20
499.8988744884038
 10
78.53988318553888
 20
499.79054399727147
 10
78.5150068212824
 20
499.66712141882675
 10
78.14665757162346
 20
499.73465211459757
 10
78.19327677353343
 20
499.91780354706685
 10
78.26151091405184
 20
500.07639836289223
 10
78.35135999317872
 20
500.21043656207365
 10
78.46282401091405
 20
500.31991814461117
 10
78.59104280354707
 20
500.4049710095498
 10
78.73115620736698
 20
500.4657230559345
 10
78.88316422237381
 20
500.5021742837653
 10
79.04706684856752
 20
500.5143246930423
 10
79.22657315825374
 20
500.5001918485675
 10
79.3906036834925
 20
500.45779331514325
 10
79.53915842428377
 20
500.38712909276944
 10
79.67223738062756
 20
500.2881991814461
 10
79.78191081173262
 20
500.1688054229195
 10
79.86024897680764
 20
500.0367496589359
 10
79.90725187585267
 20
499.89203188949523
 10
79.92291950886766
 20
499.73465211459757
 10
79.89721180081855
 20
499.5396060709413
 10
79.82008867667122
 20
499.37397680763985
 10
79.69155013642565
 20
499.23776432469305
 10
79.51159618008185
 20
499.13096862210097
 10
79.51159618008185
 20
499.12278308321964
  0
LWPOLYLINE
  5
399
330
17
100
AcDbEntity
  8
ENGRAVE
100
AcDbPolyline
 90
5
 70
0
 10
81.04638472032742
 20
497.5
 10
80.6268758526603
 20
497.5
 10
80.6268758526603
 20
497.9195088676671
 10
81.04638472032742
 20
497.9195088676671
 10
81.04638472032742
 20
497.5
  0
LWPOLYLINE
  5
39A
330
17
100
AcDbEntity
  8
ENGRAVE
100
AcDbPolyline
 90
59
 70
0
 10
81.96725784447476
 20
499.0470668485675
 10
82.10756309686221
 20
499.22075375170533
 10
82.27472714870396
 20
499.3448158253752
 10
82.46875
 20
499.4192530695771
 10
82.68963165075034
 20
499.44406548431107
 10
82.8668997271487
 20
499.42705491132335
 10
83.03035470668486
 20
499.3760231923602
 10
83.1799965893588
 20
499.2909703274216
 10
83.31582537517053
 20
499.1718963165075
 10
83.42863233287858
 20
499.0263472032742
 10
83.50920873124147
 20
498.8618690313779
 10
83.55755457025921
 20
498.6784618008186
 10
83.57366984993179
 20
498.4761255115962
 10
83.55761851978173
 20
498.27027199863574
 10
83.50946452933152
 20
498.0804058663029
 10
83.42920787858118
 20
497.90652711459757
 10
83.3168485675307
 20
497.7486357435198
 10
83.17788625511596
 20
497.6174752728513
 10
83.01782060027286
 20
497.5237892223738
 10
82.83665160300136
 20
497.4675775920873
 10
82.6343792633015
 20
497.44884038199183
 10
82.42647936562074
 20
497.468792633015
 10
82.23456684856752
 20
497.52864938608457
 10
82.05864171214188
 20
497.62841064120056
 10
81.8987039563438
 20
497.7680763983629
 10
81.76575289904503
 20
497.95877387448843
 10
81.67078785811732
 20
498.21163028649386
 10
81.61380883356071
 20
498.5266456343793
 10
81.59481582537516
 20
498.9038199181446
 10
81.61201824693042
 20
499.2800349590723
 10
81.66362551159618
 20
499.606497271487
 10
81.74963761937244
 20
499.8832068553888
 10
81.87005457025921
 20
500.1101637107776
 10
82.02308577762619
 20
500.2869841405184
 10
82.20694065484311
 20
500.41328444747614
 10
82.42161920190996
 20
500.48906463165076
 10
82.66712141882674
 20
500.5143246930423
 10
82.8294253069577
 20
500.5025579809004
 10
82.97868349249659
 20
500.4672578444748
 10
83.11489597544339
 20
500.4084242837653
 10
83.2380627557981
 20
500.3260572987722
 10
83.34332366984994
 20
500.2205405866303
 10
83.42581855388813
 20
500.0922578444748
 10
83.48554740791269
 20
499.9412090723056
 10
83.5225102319236
 20
499.7673942701228
 10
83.15416098226467
 20
499.73465211459757
 10
83.08483969986358
 20
499.94325545702594
 10
82.97714870395635
 20
500.0922578444748
 10
82.83108799454297
 20
500.1816592769441
 10
82.64665757162346
 20
500.21145975443386
 10
82.51044508867668
 20
500.19393758526604
 10
82.38420873124147
 20
500.14137107776264
 10
82.26794849931787
 20
500.0537602319236
 10
82.16166439290586
 20
499.931105047749
 10
82.07303035470669
 20
499.7707196452933
 10
82.00972032742155
 20
499.56991814461117
 10
81.97173431105048
 20
499.3287005457026
 10
81.95907230559345
 20
499.0470668485675
 10
81.96725784447476
 20
499.0470668485675
  0
LWPOLYLINE
  5
39B
330
17
100
AcDbEntity
  8
ENGRAVE
100
AcDbPolyline
 90
33
 70
0
 10
82.62619372442019
 20
497.75170532060025
 10
82.74705832196453
 20
497.7644952251023
 10
82.85590040927694
 20
497.8028649386084
 10
82.95271998635744
 20
497.8668144611187
 10
83.037517053206
 20
497.956343792633
 10
83.10645463847203
 20
498.0640347885402
 10
83.15569577080491
 20
498.1824693042292
 10
83.18524045020465
 20
498.31164733969985
 10
83.19508867667122
 20
498.45156889495223
 10
83.18524045020465
 20
498.5905951568895
 10
83.15569577080491
 20
498.7170873124147
 10
83.10645463847203
 20
498.83104536152797
 10
83.037517053206
 20
498.9324693042292
 10
82.95195259208731
 20
499.0157315825375
 10
82.85283083219645
 20
499.07520463847203
 10
82.74015177353343
 20
499.11088847203274
 10
82.61391541609822
 20
499.12278308321964
 10
82.49637619372442
 20
499.11159191678036
 10
82.38727830832197
 20
499.0780184174625
 10
82.28662175989086
 20
499.02206258526604
 10
82.1944065484311
 20
498.943724420191
 10
82.11741132332878
 20
498.847096691678
 10
82.06241473396999
 20
498.7362721691678
 10
82.02941678035471
 20
498.6112508526603
 10
82.01841746248294
 20
498.47203274215553
 10
82.02922493178717
 20
498.3281463165075
 10
82.06164733969986
 20
498.1952592087313
 10
82.115684686221
 20
498.07337141882675
 10
82.19133697135061
 20
497.962482946794
 10
82.28336033424284
 20
497.87026773533427
 10
82.38651091405184
 20
497.8043997271487
 10
82.50078871077763
 20
497.76487892223736
 10
82.62619372442019
 20
497.75170532060025
  0
LWPOLYLINE
  5
39C
330
17
100
AcDbEntity
  8
ENGRAVE
100
AcDbPolyline
 90
33
 70
0
 10
84.91405184174624
 20
500.5143246930423
 10
85.14331087994543
 20
500.49034362210097
 10
85.34200204638472
 20
500.41840040927696
 10
85.51012534106411
 20
500.29849505457025
 10
85.64768076398363
 20
500.1306275579809
 10
85.75466831514325
 20
499.9147979195088
 10
85.83108799454297
 20
499.65100613915416
 10
85.8769398021828
 20
499.33925221691675
 10
85.89222373806275
 20
498.9795361527967
 10
85.87642820600273
 20
498.61662261255117
 10
85.82904160982264
 20
498.3034618008186
 10
85.75006394952251
 20
498.04005371759894
 10
85.63949522510232
 20
497.82639836289223
 10
85.4993818212824
 20
497.66121674624833
 10
85.33177012278308
 20
497.54322987721696
 10
85.13666012960437
 20
497.4724377557981
 10
84.91405184174624
 20
497.44884038199183
 10
84.68527242496589
 20
497.47275750341066
 10
84.48699693042292
 20
497.5445088676671
 10
84.31922535811732
 20
497.66409447476127
 10
84.18195770804911
 20
497.83151432469305
 10
84.07519398021827
 20
498.0467684174625
 10
83.99893417462482
 20
498.30985675306954
 10
83.95317829126876
 20
498.6207793315143
 10
83.93792633015006
 20
498.9795361527967
 10
83.95372186221009
 20
499.3425775920873
 10
84.00110845839018
 20
499.656122100955
 10
84.08008611869032
 20
499.92016967939975
 10
84.19065484311051
 20
500.1347203274216
 10
84.3306403478854
 20
500.3007972373806
 10
84.49786834924966
 20
500.4194236016371
 10
84.69233884720327
 20
500.49059942019096
 10
84.91405184174624
 20
500.5143246930423
  0
LWPOLYLINE
  5
39D
330
17
100
AcDbEntity
  8
ENGRAVE
100
AcDbPolyline
 90
41
 70
0
 10
84.91405184174624
 20
497.75170532060025
 10
85.05333390177353
 20
497.76967513642563
 10
85.1744542974079
 20
497.8235845839018
 10
85.27741302864939
 20
497.9134336630286
 10
85.36221009549796
 20
498.0392223738063
 10
85.42846180081855
 20
498.20581087994543
 10
85.47578444747613
 20
498.4180593451569
 10
85.50417803547067
 20
498.67596776944066
 10
85.51364256480218
 20
498.9795361527967
 10
85.50948584583902
 20
499.19459839699863
 10
85.49701568894952
 20
499.3854877216917
 10
85.47623209413369
 20
499.55220412687584
 10
85.44713506139153
 20
499.69474761255117
 10
85.40966064120055
 20
499.8168912005457
 10
85.3637448840382
 20
499.92240791268756
 10
85.3093877899045
 20
500.0112977489768
 10
85.24658935879945
 20
500.08356070941335
 10
85.17528564120055
 20
500.13951654160985
 10
85.09541268758527
 20
500.17948499317873
 10
85.00697049795362
 20
500.2034660641201
 10
84.9099590723056
 20
500.21145975443386
 10
84.77080491132334
 20
500.19317019099594
 10
84.65006821282401
 20
500.13830150068213
 10
84.54774897680764
 20
500.0468536834925
 10
84.46384720327421
 20
499.918826739427
 10
84.39849079126876
 20
499.7503836971351
 10
84.3518076398363
 20
499.53768758526604
 10
84.32379774897682
 20
499.2807384038199
 10
84.31446111869032
 20
498.9795361527967
 10
84.31868178717599
 20
498.7670958390177
 10
84.33134379263302
 20
498.5779331514325
 10
84.3524471350614
 20
498.4120480900409
 10
84.38199181446112
 20
498.2694406548431
 10
84.41984993178718
 20
498.146849420191
 10
84.46589358799454
 20
498.04101296043655
 10
84.52012278308322
 20
497.95193127557985
 10
84.58253751705321
 20
497.87960436562076
 10
84.6531377899045
 20
497.82364853342426
 10
84.7319236016371
 20
497.7836800818554
 10
84.81889495225103
 20
497.759699010914
 10
84.91405184174624
 20
497.75170532060025
  0
LWPOLYLINE
  5
39E
330
17
100
AcDbEntity
  8
ENGRAVE
100
AcDbPolyline
 90
109
 70
0
 10
95.51159618008185
 20
499.12278308321964
 10
95.64224505457025
 20
499.08601210777624
 10
95.75588335607094
 20
499.0289051841746
 10
95.8525110845839
 20
498.9514623124147
 10
95.93212824010914
 20
498.8536834924966
 10
95.99435112551159
 20
498.74337056616645
 10
96.0387960436562
 20
498.6283253751705
 10
96.06546299454297
 20
498.5085479195088
 10
96.07435197817189
 20
498.3840381991814
 10
96.05574266712141
 20
498.18854450886766
 10
95.99991473396997
 20
498.0113403819918
 10
95.90686817871759
 20
497.8524258185539
 10
95.77660300136425
 20
497.7118008185539
 10
95.62037431787175
 20
497.596755627558
 10
95.4494372442019
 20
497.51458049113234
 10
95.26379178035471
 20
497.46527540927696
 10
95.06343792633015
 20
497.44884038199183
 10
94.87363574351978
 20
497.46329297407914
 10
94.7012278308322
 20
497.50665075034107
 10
94.5462141882674
 20
497.57891371077767
 10
94.40859481582538
 20
497.68008185538883
 10
94.2931019781719
 20
497.8050392223738
 10
94.20446793997272
 20
497.9486698499318
 10
94.14269270122783
 20
498.11097373806274
 10
94.10777626193725
 20
498.2919508867667
 10
94.47612551159618
 20
498.34311050477487
 10
94.50944321282401
 20
498.2040842428376
 10
94.55414392905867
 20
498.0837312414734
 10
94.61022766030014
 20
497.98205150068213
 10
94.67769440654843
 20
497.89904502046386
 10
94.75667206684857
 20
497.83458390177356
 10
94.84728854024556
 20
497.78854024556614
 10
94.94954382673943
 20
497.7609140518417
 10
95.06343792633015
 20
497.75170532060025
 10
95.18743605047749
 20
497.76302438608457
 10
95.30158594815825
 20
497.7969815825375
 10
95.40588761937244
 20
497.85357690995903
 10
95.50034106412005
 20
497.93281036834924
 10
95.57867922919509
 20
498.02841490450203
 10
95.63463506139155
 20
498.1341234652115
 10
95.66820856070942
 20
498.2499360504775
 10
95.6793997271487
 20
498.37585266030015
 10
95.66923175306958
 20
498.49633356070945
 10
95.6387278308322
 20
498.60607094133695
 10
95.58788796043656
 20
498.70506480218285
 10
95.51671214188268
 20
498.79331514324696
 10
95.42916524556617
 20
498.86583390177356
 10
95.32921214188268
 20
498.9176330150068
 10
95.2168528308322
 20
498.9487124829468
 10
95.09208731241473
 20
498.95907230559345
 10
95.03593963165075
 20
498.9566422237381
 10
94.97390859481582
 20
498.9493519781719
 10
94.90599420190995
 20
498.9372015688949
 10
94.83219645293315
 20
498.9201909959072
 10
94.87517053206003
 20
499.243519781719
 10
94.9450034106412
 20
499.2444150750341
 10
95.00716234652114
 20
499.24710095497954
 10
95.06164733969987
 20
499.2515774215553
 10
95.10845839017736
 20
499.25784447476127
 10
95.15271145975444
 20
499.26756480218285
 10
95.19952251023193
 20
499.2824010914052
 10
95.24889154160982
 20
499.3023533424284
 10
95.30081855388813
 20
499.3274215552524
 10
95.35172237380628
 20
499.35805337653477
 10
95.39802182810368
 20
499.39469645293315
 10
95.43971691678036
 20
499.43735078444746
 10
95.4768076398363
 20
499.48601637107777
 10
95.50724761255117
 20
499.54082111186904
 10
95.52899045020465
 20
499.6018929058663
 10
95.54203615279673
 20
499.6692317530696
 10
95.54638472032742
 20
499.74283765347883
 10
95.53711203956344
 20
499.84809856753066
 10
95.50929399727148
 20
499.9408253751705
 10
95.46293059345157
 20
500.0210180763984
 10
95.39802182810368
 20
500.0886766712142
 10
95.32096265347886
 20
500.1423942701228
 10
95.23814802182811
 20
500.18076398362894
 10
95.14957793315143
 20
500.20378581173264
 10
95.05525238744885
 20
500.21145975443386
 10
94.94890433151433
 20
500.20263472032747
 10
94.85291609822647
 20
500.1761596180082
 10
94.76728768758527
 20
500.13203444747614
 10
94.69201909959072
 20
500.0702592087312
 10
94.62838932469305
 20
499.9921128922237
 10
94.57767735334244
 20
499.8988744884038
 10
94.53988318553888
 20
499.79054399727147
 10
94.5150068212824
 20
499.66712141882675
 10
94.14665757162346
 20
499.73465211459757
 10
94.19327677353343
 20
499.91780354706685
 10
94.26151091405184
 20
500.07639836289223
 10
94.35135999317872
 20
500.21043656207365
 10
94.46282401091405
 20
500.31991814461117
 10
94.59104280354707
 20
500.4049710095498
 10
94.73115620736698
 20
500.4657230559345
 10
94.88316422237381
 20
500.5021742837653
 10
95.04706684856752
 20
500.5143246930423
 10
95.22657315825374
 20
500.5001918485675
 10
95.3906036834925
 20
500.45779331514325
 10
95.53915842428377
 20
500.38712909276944
 10
95.67223738062756
 20
500.2881991814461
 10
95.78191081173262
 20
500.1688054229195
 10
95.86024897680764
 20
500.0367496589359
 10
95.90725187585267
 20
499.89203188949523
 10
95.92291950886766
 20
499.73465211459757
 10
95.89721180081855
 20
499.5396060709413
 10
95.82008867667122
 20
499.37397680763985
 10
95.69155013642565
 20
499.23776432469305
 10
95.51159618008185
 20
499.13096862210097
 10
95.51159618008185
 20
499.12278308321964
  0
LWPOLYLINE
  5
39F
330
17
100
AcDbEntity
  8
ENGRAVE
100
AcDbPolyline
 90
5
 70
0
 10
97.04638472032742
 20
497.5
 10
96.6268758526603
 20
497.5
 10
96.6268758526603
 20
497.9195088676671
 10
97.04638472032742
 20
497.9195088676671
 10
97.04638472032742
 20
497.5
  0
LWPOLYLINE
  5
3A0
330
17
100
AcDbEntity
  8
ENGRAVE
100
AcDbPolyline
 90
22
 70
0
 10
99.56139154160982
 20
500.1746248294679
 10
99.34780013642565
 20
499.91780354706685
 10
99.14904502046384
 20
499.63233287858117
 10
98.96512619372443
 20
499.3182128240109
 10
98.79604365620737
 20
498.9754433833561
 10
98.65100613915416
 20
498.61540757162345
 10
98.53922237380628
 20
498.2494884038199
 10
98.46069236016372
 20
497.87768587994543
 10
98.41541609822647
 20
497.5
 10
98.03888130968622
 20
497.5
 10
98.0631181787176
 20
497.81341660982264
 10
98.12150409276944
 20
498.1417974079127
 10
98.21403905184175
 20
498.48514239427016
 10
98.34072305593452
 20
498.843451568895
 10
98.49516115279673
 20
499.19651688267396
 10
98.67095839017736
 20
499.5241302864939
 10
98.8681147680764
 20
499.8262917803547
 10
99.08663028649386
 20
500.1030013642565
 10
97.6193724420191
 20
500.1030013642565
 10
97.6193724420191
 20
500.45907230559345
 10
99.56139154160982
 20
500.45907230559345
 10
99.56139154160982
 20
500.1746248294679
  0
LWPOLYLINE
  5
3A1
330
17
100
AcDbEntity
  8
ENGRAVE
100
AcDbPolyline
 90
33
 70
0
 10
100.91405184174624
 20
500.5143246930423
 10
101.14331087994543
 20
500.49034362210097
 10
101.34200204638472
 20
500.41840040927696
 10
101.51012534106411
 20
500.29849505457025
 10
101.64768076398363
 20
500.1306275579809
 10
101.75466831514325
 20
499.9147979195088
 10
101.83108799454297
 20
499.65100613915416
 10
101.8769398021828
 20
499.33925221691675
 10
101.89222373806275
 20
498.9795361527967
 10
101.87642820600273
 20
498.61662261255117
 10
101.82904160982264
 20
498.3034618008186
 10
101.75006394952251
 20
498.04005371759894
 10
101.63949522510232
 20
497.82639836289223
 10
101.4993818212824
 20
497.66121674624833
 10
101.33177012278308
 20
497.54322987721696
 10
101.13666012960437
 20
497.4724377557981
 10
100.91405184174624
 20
497.44884038199183
 10
100.68527242496589
 20
497.47275750341066
 10
100.48699693042292
 20
497.5445088676671
 10
100.31922535811732
 20
497.66409447476127
 10
100.18195770804911
 20
497.83151432469305
 10
100.07519398021827
 20
498.0467684174625
 10
99.99893417462482
 20
498.30985675306954
 10
99.95317829126876
 20
498.6207793315143
 10
99.93792633015006
 20
498.9795361527967
 10
99.95372186221009
 20
499.3425775920873
 10
100.00110845839018
 20
499.656122100955
 10
100.08008611869032
 20
499.92016967939975
 10
100.19065484311051
 20
500.1347203274216
 10
100.3306403478854
 20
500.3007972373806
 10
100.49786834924966
 20
500.4194236016371
 10
100.69233884720327
 20
500.49059942019096
 10
100.91405184174624
 20
500.5143246930423
  0
LWPOLYLINE
  5
3A2
330
17
100
AcDbEntity
  8
ENGRAVE
100
AcDbPolyline
 90
41
 70
0
 10
100.91405184174624
 20
497.75170532060025
 10
101.05333390177353
 20
497.76967513642563
 10
101.1744542974079
 20
497.8235845839018
 10
101.27741302864939
 20
497.9134336630286
 10
101.36221009549796
 20
498.0392223738063
 10
101.42846180081855
 20
498.20581087994543
 10
101.47578444747613
 20
498.4180593451569
 10
101.50417803547067
 20
498.67596776944066
 10
101.51364256480218
 20
498.9795361527967
 10
101.50948584583902
 20
499.19459839699863
 10
101.49701568894952
 20
499.3854877216917
 10
101.47623209413369
 20
499.55220412687584
 10
101.44713506139153
 20
499.69474761255117
 10
101.40966064120055
 20
499.8168912005457
 10
101.3637448840382
 20
499.92240791268756
 10
101.3093877899045
 20
500.0112977489768
 10
101.24658935879945
 20
500.08356070941335
 10
101.17528564120055
 20
500.13951654160985
 10
101.09541268758527
 20
500.17948499317873
 10
101.00697049795362
 20
500.2034660641201
 10
100.9099590723056
 20
500.21145975443386
 10
100.77080491132334
 20
500.19317019099594
 10
100.65006821282401
 20
500.13830150068213
 10
100.54774897680764
 20
500.0468536834925
 10
100.46384720327421
 20
499.918826739427
 10
100.39849079126876
 20
499.7503836971351
 10
100.3518076398363
 20
499.53768758526604
 10
100.32379774897682
 20
499.2807384038199
 10
100.31446111869032
 20
498.9795361527967
 10
100.31868178717599
 20
498.7670958390177
 10
100.33134379263302
 20
498.5779331514325
 10
100.3524471350614
 20
498.4120480900409
 10
100.38199181446112
 20
498.2694406548431
 10
100.41984993178718
 20
498.146849420191
 10
100.46589358799454
 20
498.04101296043655
 10
100.52012278308322
 20
497.95193127557985
 10
100.58253751705321
 20
497.87960436562076
 10
100.6531377899045
 20
497.82364853342426
 10
100.7319236016371
 20
497.7836800818554
 10
100.81889495225103
 20
497.759699010914
 10
100.91405184174624
 20
497.75170532060025
  0
LWPOLYLINE
  5
3A3
330
17
100
AcDbEntity
  8
ENGRAVE
100
AcDbPolyline
 90
109
 70
0
 10
111.51159618008185
 20
499.12278308321964
 10
111.64224505457025
 20
499.08601210777624
 10
111.75588335607094
 20
499.0289051841746
 10
111.8525110845839
 20
498.9514623124147
 10
111.93212824010914
 20
498.8536834924966
 10
111.99435112551159
 20
498.74337056616645
 10
112.0387960436562
 20
498.6283253751705
 10
112.06546299454297
 20
498.5085479195088
 10
112.07435197817189
 20
498.3840381991814
 10
112.05574266712141
 20
498.18854450886766
 10
111.99991473396997
 20
498.0113403819918
 10
111.90686817871759
 20
497.8524258185539
 10
111.77660300136425
 20
497.7118008185539
 10
111.62037431787175
 20
497.596755627558
 10
111.4494372442019
 20
497.51458049113234
 10
111.26379178035471
 20
497.46527540927696
 10
111.06343792633015
 20
497.44884038199183
 10
110.87363574351978
 20
497.46329297407914
 10
110.7012278308322
 20
497.50665075034107
 10
110.5462141882674
 20
497.57891371077767
 10
110.40859481582538
 20
497.68008185538883
 10
110.2931019781719
 20
497.8050392223738
 10
110.20446793997272
 20
497.9486698499318
 10
110.14269270122783
 20
498.11097373806274
 10
110.10777626193725
 20
498.2919508867667
 10
110.47612551159618
 20
498.34311050477487
 10
110.50944321282401
 20
498.2040842428376
 10
110.55414392905867
 20
498.0837312414734
 10
110.61022766030014
 20
497.98205150068213
 10
110.67769440654843
 20
497.89904502046386
 10
110.75667206684857
 20
497.83458390177356
 10
110.84728854024556
 20
497.78854024556614
 10
110.94954382673943
 20
497.7609140518417
 10
111.06343792633015
 20
497.75170532060025
 10
111.18743605047749
 20
497.76302438608457
 10
111.30158594815825
 20
497.7969815825375
 10
111.40588761937244
 20
497.85357690995903
 10
111.50034106412005
 20
497.93281036834924
 10
111.57867922919509
 20
498.02841490450203
 10
111.63463506139155
 20
498.1341234652115
 10
111.66820856070942
 20
498.2499360504775
 10
111.6793997271487
 20
498.37585266030015
 10
111.66923175306958
 20
498.49633356070945
 10
111.6387278308322
 20
498.60607094133695
 10
111.58788796043656
 20
498.70506480218285
 10
111.51671214188268
 20
498.79331514324696
 10
111.42916524556617
 20
498.86583390177356
 10
111.32921214188268
 20
498.9176330150068
 10
111.2168528308322
 20
498.9487124829468
 10
111.09208731241473
 20
498.95907230559345
 10
111.03593963165075
 20
498.9566422237381
 10
110.97390859481582
 20
498.9493519781719
 10
110.90599420190995
 20
498.9372015688949
 10
110.83219645293315
 20
498.9201909959072
 10
110.87517053206003
 20
499.243519781719
 10
110.9450034106412
 20
499.2444150750341
 10
111.00716234652114
 20
499.24710095497954
 10
111.06164733969987
 20
499.2515774215553
 10
111.10845839017736
 20
499.25784447476127
 10
111.15271145975444
 20
499.26756480218285
 10
111.19952251023193
 20
499.2824010914052
 10
111.24889154160982
 20
499.3023533424284
 10
111.30081855388813
 20
499.3274215552524
 10
111.35172237380628
 20
499.35805337653477
 10
111.39802182810368
 20
499.39469645293315
 10
111.43971691678036
 20
499.43735078444746
 10
111.4768076398363
 20
499.48601637107777
 10
111.50724761255117
 20
499.54082111186904
 10
111.52899045020465
 20
499.6018929058663
 10
111.54203615279673
 20
499.6692317530696
 10
111.54638472032742
 20
499.74283765347883
 10
111.53711203956344
 20
499.84809856753066
 10
111.50929399727148
 20
499.9408253751705
 10
111.46293059345157
 20
500.0210180763984
 10
111.39802182810368
 20
500.0886766712142
 10
111.32096265347886
 20
500.1423942701228
 10
111.23814802182811
 20
500.18076398362894
 10
111.14957793315143
 20
500.20378581173264
 10
111.05525238744885
 20
500.21145975443386
 10
110.94890433151433
 20
500.20263472032747
 10
110.85291609822647
 20
500.1761596180082
 10
110.76728768758527
 20
500.13203444747614
 10
110.69201909959072
 20
500.0702592087312
 10
110.62838932469305
 20
499.9921128922237
 10
110.57767735334244
 20
499.8988744884038
 10
110.53988318553888
 20
499.79054399727147
 10
110.5150068212824
 20
499.66712141882675
 10
110.14665757162346
 20
499.73465211459757
 10
110.19327677353343
 20
499.91780354706685
 10
110.26151091405184
 20
500.07639836289223
 10
110.35135999317872
 20
500.21043656207365
 10
110.46282401091405
 20
500.31991814461117
 10
110.59104280354707
 20
500.4049710095498
 10
110.73115620736698
 20
500.4657230559345
 10
110.88316422237381
 20
500.5021742837653
 10
111.04706684856752
 20
500.5143246930423
 10
111.22657315825374
 20
500.5001918485675
 10
111.3906036834925
 20
500.45779331514325
 10
111.53915842428377
 20
500.38712909276944
 10
111.67223738062756
 20
500.2881991814461
 10
111.78191081173262
 20
500.1688054229195
 10
111.86024897680764
 20
500.0367496589359
 10
111.90725187585267
 20
499.89203188949523
 10
111.92291950886766
 20
499.73465211459757
 10
111.89721180081855
 20
499.5396060709413
 10
111.82008867667122
 20
499.37397680763985
 10
111.69155013642565
 20
499.23776432469305
 10
111.51159618008185
 20
499.13096862210097
 10
111.51159618008185
 20
499.12278308321964
  0
LWPOLYLINE
  5
3A4
330
17
100
AcDbEntity
  8
ENGRAVE
100
AcDbPolyline
 90
5
 70
0
 10
113.04638472032742
 20
497.5
 10
112.6268758526603
 20
497.5
 10
112.6268758526603
 20
497.9195088676671
 10
113.04638472032742
 20
497.9195088676671
 10
113.04638472032742
 20
497.5
  0
LWPOLYLINE
  5
3A5
330
17
100
AcDbEntity
  8
ENGRAVE
100
AcDbPolyline
 90
55
 70
0
 10
115.00682128240109
 20
499.12278308321964
 10
115.25302694406548
 20
499.00729024556614
 10
115.42888813096862
 20
498.8408935879945
 10
115.53440484311051
 20
498.62359311050477
 10
115.56957708049113
 20
498.35538881309685
 10
115.55231070941336
 20
498.16993519781715
 10
115.50051159618008
 20
498.00034106412005
 10
115.41417974079127
 20
497.8466064120055
 10
115.29331514324693
 20
497.7087312414734
 10
115.14533594815825
 20
497.5950289904502
 10
114.97766030013642
 20
497.51381309686224
 10
114.79028819918145
 20
497.46508356070945
 10
114.58321964529331
 20
497.44884038199183
 10
114.37442445429741
 20
497.46521145975447
 10
114.18596521145976
 20
497.5143246930423
 10
114.01784191678036
 20
497.5961800818554
 10
113.87005457025921
 20
497.7107776261937
 10
113.74963761937244
 20
497.850059686221
 10
113.66362551159618
 20
498.00596862210097
 10
113.61201824693042
 20
498.17850443383355
 10
113.59481582537516
 20
498.36766712141883
 10
113.60447220327421
 20
498.50541439290583
 10
113.63344133697134
 20
498.6342087312415
 10
113.68172322646657
 20
498.75405013642563
 10
113.74931787175989
 20
498.8649386084584
 10
113.83328359481582
 20
498.9608628922237
 10
113.93067871759891
 20
499.03581173260574
 10
114.04150324010914
 20
499.08978512960437
 10
114.16575716234652
 20
499.12278308321964
 10
114.16575716234652
 20
499.13096862210097
 10
113.96879263301501
 20
499.2211374488404
 10
113.8281036834925
 20
499.3524897680764
 10
113.743690313779
 20
499.52502557980904
 10
113.71555252387449
 20
499.7387448840382
 10
113.73038881309687
 20
499.89765944747614
 10
113.77489768076398
 20
500.04288881309685
 10
113.84907912687586
 20
500.1744329809004
 10
113.95293315143248
 20
500.29229195088675
 10
114.08083219645295
 20
500.3894312755798
 10
114.22714870395635
 20
500.4588165075034
 10
114.3918826739427
 20
500.50044764665756
 10
114.575034106412
 20
500.5143246930423
 10
114.76106326739426
 20
500.5
 10
114.92829126875853
 20
500.4570259208731
 10
115.07671811050477
 20
500.3854024556617
 10
115.20634379263302
 20
500.28512960436564
 10
115.31154075716235
 20
500.1645208049113
 10
115.38668144611187
 20
500.0318894952251
 10
115.43176585948159
 20
499.88723567530695
 10
115.44679399727148
 20
499.7305593451569
 10
115.41929570259208
 20
499.5273277626194
 10
115.33680081855388
 20
499.35965211459757
 10
115.19930934515689
 20
499.2275324010914
 10
115.00682128240109
 20
499.13096862210097
 10
115.00682128240109
 20
499.12278308321964
  0
LWPOLYLINE
  5
3A6
330
17
100
AcDbEntity
  8
ENGRAVE
100
AcDbPolyline
 90
33
 70
0
 10
114.58321964529331
 20
499.2680763983629
 10
114.68240535470669
 20
499.2763258867667
 10
114.77327762619372
 20
499.3010743519782
 10
114.85583645975443
 20
499.34232179399726
 10
114.9300818553888
 20
499.400068212824
 10
114.99140944747612
 20
499.4702208390177
 10
115.03521487039563
 20
499.54868690313776
 10
115.06149812414733
 20
499.63546640518416
 10
115.07025920873124
 20
499.7305593451569
 10
115.06137022510232
 20
499.82789051841746
 10
115.03470327421556
 20
499.91729195088675
 10
114.99025835607094
 20
499.9987636425648
 10
114.92803547066849
 20
500.0723055934516
 10
114.85289478171897
 20
500.1331855388813
 10
114.76969645293316
 20
500.1766712141883
 10
114.67844048431105
 20
500.2027626193725
 10
114.57912687585267
 20
500.21145975443386
 10
114.47834242837654
 20
500.20289051841746
 10
114.38676671214188
 20
500.1771828103684
 10
114.3043997271487
 20
500.1343366302865
 10
114.231241473397
 20
500.0743519781719
 10
114.17125682128241
 20
500.0027285129604
 10
114.12841064120055
 20
499.92496589358797
 10
114.10270293315143
 20
499.84106412005457
 10
114.09413369713506
 20
499.75102319236015
 10
114.10295873124147
 20
499.64531463165076
 10
114.12943383356071
 20
499.55124488403817
 10
114.17355900409277
 20
499.46881394952254
 10
114.23533424283765
 20
499.3980218281037
 10
114.3100272851296
 20
499.3411707025921
 10
114.39290586630287
 20
499.30056275579807
 10
114.48396998635744
 20
499.2761979877217
 10
114.58321964529331
 20
499.2680763983629
  0
LWPOLYLINE
  5
3A7
330
17
100
AcDbEntity
  8
ENGRAVE
100
AcDbPolyline
 90
33
 70
0
 10
114.58321964529331
 20
497.75170532060025
 10
114.70779331514325
 20
497.7621930422919
 10
114.82162346521146
 20
497.79365620736695
 10
114.92471009549796
 20
497.8460948158254
 10
115.01705320600273
 20
497.9195088676671
 10
115.0931531377899
 20
498.00967769440655
 10
115.1475102319236
 20
498.11238062755797
 10
115.18012448840382
 20
498.2276176671214
 10
115.19099590723056
 20
498.35538881309685
 10
115.17980474079127
 20
498.48341575716233
 10
115.1462312414734
 20
498.5994201909959
 10
115.09027540927694
 20
498.70340211459757
 10
115.01193724420192
 20
498.79536152796726
 10
114.9174837994543
 20
498.8705661664393
 10
114.81318212824011
 20
498.9242837653479
 10
114.69903223055934
 20
498.95651432469305
 10
114.575034106412
 20
498.9672578444748
 10
114.44726296043656
 20
498.9561945770805
 10
114.33202592087312
 20
498.92300477489766
 10
114.22932298772169
 20
498.86768843792635
 10
114.13915416098226
 20
498.79024556616645
 10
114.06574010914052
 20
498.69719901091406
 10
114.01330150068213
 20
498.59507162346523
 10
113.9818383356071
 20
498.4838634038199
 10
113.97135061391542
 20
498.3635743519782
 10
113.98215808321964
 20
498.23887278308325
 10
114.01458049113234
 20
498.12465893587995
 10
114.06861783765348
 20
498.0209328103683
 10
114.14427012278308
 20
497.9276944065484
 10
114.23654928376534
 20
497.8506991814461
 10
114.34046725784447
 20
497.7957025920873
 10
114.45602404502046
 20
497.76270463847203
 10
114.58321964529331
 20
497.75170532060025
  0
LWPOLYLINE
  5
3A8
330
17
100
AcDbEntity
  8
ENGRAVE
100
AcDbPolyline
 90
33
 70
0
 10
116.91405184174624
 20
500.5143246930423
 10
117.14331087994543
 20
500.49034362210097
 10
117.34200204638472
 20
500.41840040927696
 10
117.51012534106411
 20
500.29849505457025
 10
117.64768076398363
 20
500.1306275579809
 10
117.75466831514325
 20
499.9147979195088
 10
117.83108799454297
 20
499.65100613915416
 10
117.8769398021828
 20
499.33925221691675
 10
117.89222373806275
 20
498.9795361527967
 10
117.87642820600273
 20
498.61662261255117
 10
117.82904160982264
 20
498.3034618008186
 10
117.75006394952251
 20
498.04005371759894
 10
117.63949522510232
 20
497.82639836289223
 10
117.4993818212824
 20
497.66121674624833
 10
117.33177012278308
 20
497.54322987721696
 10
117.13666012960437
 20
497.4724377557981
 10
116.91405184174624
 20
497.44884038199183
 10
116.68527242496589
 20
497.47275750341066
 10
116.48699693042292
 20
497.5445088676671
 10
116.31922535811732
 20
497.66409447476127
 10
116.18195770804911
 20
497.83151432469305
 10
116.07519398021827
 20
498.0467684174625
 10
115.99893417462482
 20
498.30985675306954
 10
115.95317829126876
 20
498.6207793315143
 10
115.93792633015006
 20
498.9795361527967
 10
115.95372186221009
 20
499.3425775920873
 10
116.00110845839018
 20
499.656122100955
 10
116.08008611869032
 20
499.92016967939975
 10
116.19065484311051
 20
500.1347203274216
 10
116.3306403478854
 20
500.3007972373806
 10
116.49786834924966
 20
500.4194236016371
 10
116.69233884720327
 20
500.49059942019096
 10
116.91405184174624
 20
500.5143246930423
  0
LWPOLYLINE
  5
3A9
330
17
100
AcDbEntity
  8
ENGRAVE
100
AcDbPolyline
 90
41
 70
0
 10
116.91405184174624
 20
497.75170532060025
 10
117.05333390177353
 20
497.76967513642563
 10
117.1744542974079
 20
497.8235845839018
 10
117.27741302864939
 20
497.9134336630286
 10
117.36221009549796
 20
498.0392223738063
 10
117.42846180081855
 20
498.20581087994543
 10
117.47578444747613
 20
498.4180593451569
 10
117.50417803547067
 20
498.67596776944066
 10
117.51364256480218
 20
498.9795361527967
 10
117.50948584583902
 20
499.19459839699863
 10
117.49701568894952
 20
499.3854877216917
 10
117.47623209413369
 20
499.55220412687584
 10
117.44713506139153
 20
499.69474761255117
 10
117.40966064120055
 20
499.8168912005457
 10
117.3637448840382
 20
499.92240791268756
 10
117.3093877899045
 20
500.0112977489768
 10
117.24658935879945
 20
500.08356070941335
 10
117.17528564120055
 20
500.13951654160985
 10
117.09541268758527
 20
500.17948499317873
 10
117.00697049795362
 20
500.2034660641201
 10
116.9099590723056
 20
500.21145975443386
 10
116.77080491132334
 20
500.19317019099594
 10
116.65006821282401
 20
500.13830150068213
 10
116.54774897680764
 20
500.0468536834925
 10
116.46384720327421
 20
499.918826739427
 10
116.39849079126876
 20
499.7503836971351
 10
116.3518076398363
 20
499.53768758526604
 10
116.32379774897682
 20
499.2807384038199
 10
116.31446111869032
 20
498.9795361527967
 10
116.31868178717599
 20
498.7670958390177
 10
116.33134379263302
 20
498.5779331514325
 10
116.3524471350614
 20
498.4120480900409
 10
116.38199181446112
 20
498.2694406548431
 10
116.41984993178718
 20
498.146849420191
 10
116.46589358799454
 20
498.04101296043655
 10
116.52012278308322
 20
497.95193127557985
 10
116.58253751705321
 20
497.87960436562076
 10
116.6531377899045
 20
497.82364853342426
 10
116.7319236016371
 20
497.7836800818554
 10
116.81889495225103
 20
497.759699010914
 10
116.91405184174624
 20
497.75170532060025
  0
LWPOLYLINE
  5
3AA
330
17
100
AcDbEntity
  8
ENGRAVE
100
AcDbPolyline
 90
109
 70
0
 10
127.51159618008185
 20
499.12278308321964
 10
127.64224505457025
 20
499.08601210777624
 10
127.75588335607094
 20
499.0289051841746
 10
127.8525110845839
 20
498.9514623124147
 10
127.93212824010914
 20
498.8536834924966
 10
127.9943511255116
 20
498.74337056616645
 10
128.03879604365622
 20
498.6283253751705
 10
128.06546299454297
 20
498.5085479195088
 10
128.0743519781719
 20
498.3840381991814
 10
128.05574266712142
 20
498.18854450886766
 10
127.99991473396999
 20
498.0113403819918
 10
127.9068681787176
 20
497.8524258185539
 10
127.77660300136425
 20
497.7118008185539
 10
127.62037431787175
 20
497.596755627558
 10
127.4494372442019
 20
497.51458049113234
 10
127.26379178035471
 20
497.46527540927696
 10
127.06343792633015
 20
497.44884038199183
 10
126.87363574351978
 20
497.46329297407914
 10
126.7012278308322
 20
497.50665075034107
 10
126.5462141882674
 20
497.57891371077767
 10
126.40859481582538
 20
497.68008185538883
 10
126.2931019781719
 20
497.8050392223738
 10
126.20446793997272
 20
497.9486698499318
 10
126.14269270122783
 20
498.11097373806274
 10
126.10777626193725
 20
498.2919508867667
 10
126.47612551159618
 20
498.34311050477487
 10
126.50944321282401
 20
498.2040842428376
 10
126.55414392905867
 20
498.0837312414734
 10
126.61022766030014
 20
497.98205150068213
 10
126.67769440654843
 20
497.89904502046386
 10
126.75667206684857
 20
497.83458390177356
 10
126.84728854024556
 20
497.78854024556614
 10
126.94954382673943
 20
497.7609140518417
 10
127.06343792633015
 20
497.75170532060025
 10
127.18743605047749
 20
497.76302438608457
 10
127.30158594815825
 20
497.7969815825375
 10
127.40588761937244
 20
497.85357690995903
 10
127.50034106412005
 20
497.93281036834924
 10
127.57867922919509
 20
498.02841490450203
 10
127.63463506139155
 20
498.1341234652115
 10
127.66820856070942
 20
498.2499360504775
 10
127.6793997271487
 20
498.37585266030015
 10
127.66923175306958
 20
498.49633356070945
 10
127.6387278308322
 20
498.60607094133695
 10
127.58788796043656
 20
498.70506480218285
 10
127.51671214188268
 20
498.79331514324696
 10
127.42916524556617
 20
498.86583390177356
 10
127.32921214188268
 20
498.9176330150068
 10
127.2168528308322
 20
498.9487124829468
 10
127.09208731241473
 20
498.95907230559345
 10
127.03593963165075
 20
498.9566422237381
 10
126.97390859481582
 20
498.9493519781719
 10
126.90599420190995
 20
498.9372015688949
 10
126.83219645293315
 20
498.9201909959072
 10
126.87517053206003
 20
499.243519781719
 10
126.9450034106412
 20
499.2444150750341
 10
127.00716234652114
 20
499.24710095497954
 10
127.06164733969987
 20
499.2515774215553
 10
127.10845839017736
 20
499.25784447476127
 10
127.15271145975444
 20
499.26756480218285
 10
127.19952251023193
 20
499.2824010914052
 10
127.24889154160982
 20
499.3023533424284
 10
127.30081855388813
 20
499.3274215552524
 10
127.35172237380628
 20
499.35805337653477
 10
127.39802182810368
 20
499.39469645293315
 10
127.43971691678036
 20
499.43735078444746
 10
127.4768076398363
 20
499.48601637107777
 10
127.50724761255117
 20
499.54082111186904
 10
127.52899045020465
 20
499.6018929058663
 10
127.54203615279673
 20
499.6692317530696
 10
127.54638472032742
 20
499.74283765347883
 10
127.53711203956344
 20
499.84809856753066
 10
127.50929399727148
 20
499.9408253751705
 10
127.46293059345157
 20
500.0210180763984
 10
127.39802182810368
 20
500.0886766712142
 10
127.32096265347886
 20
500.1423942701228
 10
127.23814802182811
 20
500.18076398362894
 10
127.14957793315143
 20
500.20378581173264
 10
127.05525238744885
 20
500.21145975443386
 10
126.94890433151433
 20
500.20263472032747
 10
126.85291609822647
 20
500.1761596180082
 10
126.76728768758527
 20
500.13203444747614
 10
126.69201909959072
 20
500.0702592087312
 10
126.62838932469305
 20
499.9921128922237
 10
126.57767735334244
 20
499.8988744884038
 10
126.53988318553888
 20
499.79054399727147
 10
126.5150068212824
 20
499.66712141882675
 10
126.14665757162346
 20
499.73465211459757
 10
126.19327677353343
 20
499.91780354706685
 10
126.26151091405184
 20
500.07639836289223
 10
126.35135999317872
 20
500.21043656207365
 10
126.46282401091405
 20
500.31991814461117
 10
126.59104280354707
 20
500.4049710095498
 10
126.73115620736698
 20
500.4657230559345
 10
126.88316422237381
 20
500.5021742837653
 10
127.04706684856752
 20
500.5143246930423
 10
127.22657315825374
 20
500.5001918485675
 10
127.3906036834925
 20
500.45779331514325
 10
127.53915842428377
 20
500.38712909276944
 10
127.67223738062756
 20
500.2881991814461
 10
127.78191081173262
 20
500.1688054229195
 10
127.86024897680764
 20
500.0367496589359
 10
127.90725187585267
 20
499.89203188949523
 10
127.92291950886766
 20
499.73465211459757
 10
127.89721180081855
 20
499.5396060709413
 10
127.82008867667122
 20
499.37397680763985
 10
127.69155013642565
 20
499.23776432469305
 10
127.51159618008185
 20
499.13096862210097
 10
127.51159618008185
 20
499.12278308321964
  0
LWPOLYLINE
  5
3AB
330
17
100
AcDbEntity
  8
ENGRAVE
100
AcDbPolyline
 90
5
 70
0
 10
129.0463847203274
 20
497.5
 10
128.6268758526603
 20
497.5
 10
128.6268758526603
 20
497.9195088676671
 10
129.0463847203274
 20
497.9195088676671
 10
129.0463847203274
 20
497.5
  0
LWPOLYLINE
  5
3AC
330
17
100
AcDbEntity
  8
ENGRAVE
100
AcDbPolyline
 90
63
 70
0
 10
131.19508867667122
 20
498.91200545702594
 10
131.13580746930424
 20
498.8282315825375
 10
131.06642223738064
 20
498.75289904502046
 10
130.9869329809004
 20
498.6860078444748
 10
130.89733969986358
 20
498.6275579809004
 10
130.8007119713506
 20
498.5801074351978
 10
130.70011937244203
 20
498.5462141882674
 10
130.5955619031378
 20
498.52587824010914
 10
130.48703956343792
 20
498.51909959072304
 10
130.3088122442019
 20
498.5360462141883
 10
130.14452592087312
 20
498.5868860845839
 10
129.99418059345155
 20
498.67161920190995
 10
129.85777626193723
 20
498.79024556616645
 10
129.74452165757162
 20
498.9362423260573
 10
129.6636255115962
 20
499.1030866302865
 10
129.6150878240109
 20
499.29077847885407
 10
129.59890859481584
 20
499.4993178717599
 10
129.61540757162348
 20
499.712269781719
 10
129.6649045020464
 20
499.9050136425648
 10
129.7473993860846
 20
500.0775494542974
 10
129.86289222373807
 20
500.2298772169168
 10
130.0043485675307
 20
500.35432298772173
 10
130.16473396998637
 20
500.4432128240109
 10
130.34404843110505
 20
500.49654672578447
 10
130.54229195088678
 20
500.5143246930423
 10
130.74398874488404
 20
500.493988744884
 10
130.93161664392906
 20
500.4329809004093
 10
131.10517564802183
 20
500.331301159618
 10
131.26466575716233
 20
500.18894952251026
 10
131.39806446111868
 20
499.9965893587995
 10
131.49334924965893
 20
499.7448840381992
 10
131.5505201227831
 20
499.43383356070945
 10
131.56957708049114
 20
499.06343792633015
 10
131.55218281036835
 20
498.68293826739426
 10
131.5
 20
498.3538540245566
 10
131.4130286493861
 20
498.0761851978172
 10
131.2912687585266
 20
497.849931787176
 10
131.13715040927696
 20
497.6744542974079
 10
130.9531036834925
 20
497.54911323328787
 10
130.73912858117328
 20
497.47390859481584
 10
130.49522510231924
 20
497.44884038199183
 10
130.33330491132332
 20
497.4604152455662
 10
130.18519781718962
 20
497.49513983628924
 10
130.05090381991815
 20
497.55301415416096
 10
129.93042291950886
 20
497.6340381991814
 10
129.82797578444746
 20
497.73859566848563
 10
129.74778308321964
 20
497.86707025920873
 10
129.68984481582538
 20
498.0194619713506
 10
129.65416098226467
 20
498.1957708049113
 10
130.006139154161
 20
498.2244201909959
 10
130.068681787176
 20
498.0176074351978
 10
130.1724079126876
 20
497.8698840381992
 10
130.3173175306958
 20
497.78125
 10
130.50341064120056
 20
497.75170532060025
 10
130.66328444747614
 20
497.77108202592086
 10
130.80320600272853
 20
497.82921214188264
 10
130.92317530695772
 20
497.9260956684857
 10
131.0231923601637
 20
498.0617326057299
 10
131.10197817189632
 20
498.2311348908595
 10
131.1582537517053
 20
498.4293144611187
 10
131.1920190995907
 20
498.6562713165075
 10
131.2032742155525
 20
498.91200545702594
 10
131.19508867667122
 20
498.91200545702594
  0
LWPOLYLINE
  5
3AD
330
17
100
AcDbEntity
  8
ENGRAVE
100
AcDbPolyline
 90
33
 70
0
 10
130.575034106412
 20
498.84038199181447
 10
130.703125
 20
498.85234055252386
 10
130.81727489768076
 20
498.88821623465213
 10
130.91748379945432
 20
498.9480090381992
 10
131.0037517053206
 20
499.0317189631651
 10
131.07313693724421
 20
499.1337184515689
 10
131.12269781718962
 20
499.24837994542975
 10
131.15243434515688
 20
499.3757034447476
 10
131.16234652114596
 20
499.5156889495225
 10
131.15217854706682
 20
499.65797663710777
 10
131.12167462482947
 20
499.7881139154161
 10
131.07083475443383
 20
499.9061007844475
 10
130.99965893587995
 20
500.01193724420193
 10
130.91262363574353
 20
500.0992283424284
 10
130.81420532060028
 20
500.1615791268759
 10
130.7044039904502
 20
500.19898959754437
 10
130.58321964529333
 20
500.21145975443386
 10
130.46030866302866
 20
500.1982222032742
 10
130.34737380627558
 20
500.1585095497954
 10
130.2444150750341
 20
500.09232179399726
 10
130.15143246930424
 20
499.99965893587995
 10
130.0744372442019
 20
499.8881949181446
 10
130.0194406548431
 20
499.7656036834925
 10
129.98644270122782
 20
499.6318852319236
 10
129.97544338335607
 20
499.4870395634379
 10
129.9862508526603
 20
499.35127472714873
 10
130.018673260573
 20
499.22842769440655
 10
130.07271060709414
 20
499.1184984652115
 10
130.14836289222373
 20
499.02148703956345
 10
130.23987465893586
 20
498.94225358117325
 10
130.34149045020462
 20
498.8856582537517
 10
130.45321026603
 20
498.8517010572988
 10
130.575034106412
 20
498.84038199181447
  0
LWPOLYLINE
  5
3AE
330
17
100
AcDbEntity
  8
ENGRAVE
100
AcDbPolyline
 90
33
 70
0
 10
132.91405184174624
 20
500.5143246930423
 10
133.14331087994543
 20
500.49034362210097
 10
133.34200204638472
 20
500.41840040927696
 10
133.51012534106414
 20
500.29849505457025
 10
133.64768076398363
 20
500.1306275579809
 10
133.75466831514325
 20
499.9147979195088
 10
133.831087994543
 20
499.65100613915416
 10
133.87693980218282
 20
499.33925221691675
 10
133.89222373806277
 20
498.9795361527967
 10
133.87642820600274
 20
498.61662261255117
 10
133.82904160982264
 20
498.3034618008186
 10
133.7500639495225
 20
498.04005371759894
 10
133.6394952251023
 20
497.82639836289223
 10
133.49938182128238
 20
497.66121674624833
 10
133.33177012278307
 20
497.54322987721696
 10
133.13666012960437
 20
497.4724377557981
 10
132.91405184174624
 20
497.44884038199183
 10
132.6852724249659
 20
497.47275750341066
 10
132.48699693042292
 20
497.5445088676671
 10
132.31922535811734
 20
497.66409447476127
 10
132.1819577080491
 20
497.83151432469305
 10
132.0751939802183
 20
498.0467684174625
 10
131.99893417462485
 20
498.30985675306954
 10
131.95317829126876
 20
498.6207793315143
 10
131.93792633015008
 20
498.9795361527967
 10
131.9537218622101
 20
499.3425775920873
 10
132.00110845839018
 20
499.656122100955
 10
132.08008611869033
 20
499.92016967939975
 10
132.1906548431105
 20
500.1347203274216
 10
132.3306403478854
 20
500.3007972373806
 10
132.49786834924964
 20
500.4194236016371
 10
132.69233884720327
 20
500.49059942019096
 10
132.91405184174624
 20
500.5143246930423
  0
LWPOLYLINE
  5
3AF
330
17
100
AcDbEntity
  8
ENGRAVE
100
AcDbPolyline
 90
41
 70
0
 10
132.91405184174624
 20
497.75170532060025
 10
133.05333390177353
 20
497.76967513642563
 10
133.17445429740792
 20
497.8235845839018
 10
133.2774130286494
 20
497.9134336630286
 10
133.36221009549794
 20
498.0392223738063
 10
133.42846180081855
 20
498.20581087994543
 10
133.47578444747612
 20
498.4180593451569
 10
133.50417803547066
 20
498.67596776944066
 10
133.51364256480218
 20
498.9795361527967
 10
133.509485845839
 20
499.19459839699863
 10
133.49701568894952
 20
499.3854877216917
 10
133.4762320941337
 20
499.55220412687584
 10
133.44713506139155
 20
499.69474761255117
 10
133.40966064120053
 20
499.8168912005457
 10
133.3637448840382
 20
499.92240791268756
 10
133.3093877899045
 20
500.0112977489768
 10
133.24658935879944
 20
500.08356070941335
 10
133.17528564120053
 20
500.13951654160985
 10
133.09541268758528
 20
500.17948499317873
 10
133.0069704979536
 20
500.2034660641201
 10
132.90995907230558
 20
500.21145975443386
 10
132.77080491132332
 20
500.19317019099594
 10
132.650068212824
 20
500.13830150068213
 10
132.54774897680764
 20
500.0468536834925
 10
132.4638472032742
 20
499.918826739427
 10
132.39849079126876
 20
499.7503836971351
 10
132.3518076398363
 20
499.53768758526604
 10
132.3237977489768
 20
499.2807384038199
 10
132.3144611186903
 20
498.9795361527967
 10
132.318681787176
 20
498.7670958390177
 10
132.331343792633
 20
498.5779331514325
 10
132.3524471350614
 20
498.4120480900409
 10
132.38199181446112
 20
498.2694406548431
 10
132.41984993178718
 20
498.146849420191
 10
132.46589358799454
 20
498.04101296043655
 10
132.52012278308322
 20
497.95193127557985
 10
132.5825375170532
 20
497.87960436562076
 10
132.6531377899045
 20
497.82364853342426
 10
132.7319236016371
 20
497.7836800818554
 10
132.81889495225101
 20
497.759699010914
 10
132.91405184174624
 20
497.75170532060025
  0
LWPOLYLINE
  5
3B0
330
17
100
AcDbEntity
  8
ENGRAVE
100
AcDbPolyline
 90
7
 70
0
 10
48.472373806275556
 20
522.5
 10
46.595839017735315
 20
522.5
 10
46.595839017735315
 20
525.5
 10
46.99283765347883
 20
525.5
 10
46.99283765347883
 20
522.856070941337
 10
48.472373806275556
 20
522.856070941337
 10
48.472373806275556
 20
522.5
  0
LWPOLYLINE
  5
3B1
330
17
100
AcDbEntity
  8
ENGRAVE
100
AcDbPolyline
 90
13
 70
0
 10
51.18383356070939
 20
522.5
 10
48.94304229195087
 20
522.5
 10
48.94304229195087
 20
525.5
 10
51.11425648021826
 20
525.5
 10
51.11425648021826
 20
525.143929058663
 10
49.34004092769438
 20
525.143929058663
 10
49.34004092769438
 20
524.2271487039563
 10
50.99965893587992
 20
524.2271487039563
 10
50.99965893587992
 20
523.8710777626194
 10
49.34004092769438
 20
523.8710777626194
 10
49.34004092769438
 20
522.856070941337
 10
51.18383356070939
 20
522.856070941337
 10
51.18383356070939
 20
522.5
  0
LWPOLYLINE
  5
3B2
330
17
100
AcDbEntity
  8
ENGRAVE
100
AcDbPolyline
 90
32
 70
0
 10
51.74249658935878
 20
525.5
 10
52.77796725784445
 20
525.5
 10
52.90931957708047
 20
525.4982733628922
 10
53.03120736698497
 20
525.4930934515689
 10
53.14363062755796
 20
525.4844602660299
 10
53.24658935879943
 20
525.4723738062755
 10
53.34372868349248
 20
525.4535726466576
 10
53.43869372442017
 20
525.4247953615279
 10
53.53148448158252
 20
525.3860419508868
 10
53.622100954979516
 20
525.337312414734
 10
53.70881650750339
 20
525.2785428035471
 10
53.78990450204636
 20
525.2096691678036
 10
53.86536493860844
 20
525.1306915075035
 10
53.93519781718961
 20
525.0416098226467
 10
53.99863574351976
 20
524.9439589017736
 10
54.05491132332877
 20
524.8392735334243
 10
54.10402455661662
 20
524.7275537175989
 10
54.145975443383335
 20
524.6087994542974
 10
54.17954894270121
 20
524.4800690654843
 10
54.20353001364254
 20
524.3384208731242
 10
54.217918656207345
 20
524.183854877217
 10
54.22271487039561
 20
524.0163710777626
 10
54.20301841746246
 20
523.6996290927694
 10
54.143929058663005
 20
523.412431787176
 10
54.04544679399725
 20
523.1547791609822
 10
53.90757162346519
 20
522.9266712141882
 10
53.721606412005436
 20
522.7400025579809
 10
53.4788540245566
 20
522.606667803547
 10
53.179314461118665
 20
522.5266669508868
 10
52.82298772169165
 20
522.5
 10
51.74249658935878
 20
522.5
 10
51.74249658935878
 20
525.5
  0
LWPOLYLINE
  5
3B3
330
17
100
AcDbEntity
  8
ENGRAVE
100
AcDbPolyline
 90
40
 70
0
 10
52.139495225102294
 20
522.856070941337
 10
52.782060027285105
 20
522.856070941337
 10
52.877664563437904
 20
522.8576057298772
 10
52.96802523874486
 20
522.862210095498
 10
53.05314205320598
 20
522.8698840381992
 10
53.13301500682126
 20
522.8806275579809
 10
53.21052182810366
 20
522.8981497271487
 10
53.288540245566146
 20
522.9261596180082
 10
53.36707025920871
 20
522.9646572305594
 10
53.446111869031355
 20
523.0136425648022
 10
53.522019952251
 20
523.0765688949523
 10
53.59114938608456
 20
523.1568894952251
 10
53.65350017053204
 20
523.2546043656207
 10
53.70907230559343
 20
523.3697135061392
 10
53.75473226466573
 20
523.5034959072306
 10
53.78734652114595
 20
523.6572305593452
 10
53.806915075034084
 20
523.830917462483
 10
53.813437926330124
 20
524.024556616644
 10
53.810943894952224
 20
524.1352532401091
 10
53.803461800818525
 20
524.2422407912687
 10
53.79099164392903
 20
524.3455192701227
 10
53.77353342428374
 20
524.4450886766712
 10
53.74936050477488
 20
524.5406292633014
 10
53.716746248294655
 20
524.631821282401
 10
53.67569065484309
 20
524.71866473397
 10
53.62619372442017
 20
524.8011596180082
 10
53.570493690313754
 20
524.8761084583903
 10
53.51082878581171
 20
524.9403137789905
 10
53.447199010914034
 20
524.993775579809
 10
53.379604365620715
 20
525.0364938608459
 10
53.310474931787155
 20
525.0701952592087
 10
53.242240791268735
 20
525.0966064120055
 10
53.17490194406546
 20
525.115727319236
 10
53.10845839017733
 20
525.1275579809004
 10
53.037794167803526
 20
525.1347203274215
 10
52.95779331514323
 20
525.1398362892223
 10
52.86845583219643
 20
525.1429058663028
 10
52.769781718963145
 20
525.143929058663
 10
52.139495225102294
 20
525.143929058663
 10
52.139495225102294
 20
522.856070941337
  0
LWPOLYLINE
  5
3B4
330
17
100
AcDbEntity
  8
ENGRAVE
100
AcDbPolyline
 90
25
 70
0
 10
58.769781718963145
 20
522.5
 10
58.3932469304229
 20
522.5
 10
58.3932469304229
 20
525.0109140518417
 10
58.38506139154158
 20
525.0109140518417
 10
57.52148703956341
 20
522.5
 10
57.165416098226444
 20
522.5
 10
56.305934515688925
 20
525.0518417462483
 10
56.293656207366965
 20
525.0518417462483
 10
56.293656207366965
 20
522.5
 10
55.91712141882672
 20
522.5
 10
55.91712141882672
 20
525.5
 10
56.510572987721666
 20
525.5
 10
57.22066848567528
 20
523.3758526603001
 10
57.27374658935877
 20
523.2153393587994
 10
57.314290586630264
 20
523.087824010914
 10
57.342300477489744
 20
522.9933066166438
 10
57.35777626193722
 20
522.931787175989
 10
57.36596180081853
 20
522.931787175989
 10
57.39665757162344
 20
523.0270719645293
 10
57.43349249658934
 20
523.1389836289222
 10
57.47646657571621
 20
523.2675221691678
 10
57.52557980900407
 20
523.412687585266
 10
58.241814461118665
 20
525.5
 10
58.769781718963145
 20
525.5
 10
58.769781718963145
 20
522.5
  0
LWPOLYLINE
  5
3B5
330
17
100
AcDbEntity
  8
ENGRAVE
100
AcDbPolyline
 90
9
 70
0
 10
61.88847203274213
 20
522.5
 10
61.44031377899043
 20
522.5
 10
61.08833560709411
 20
523.412687585266
 10
59.83594815825373
 20
523.412687585266
 10
59.50443383356069
 20
522.5
 10
59.08492496589356
 20
522.5
 10
60.237039563437904
 20
525.5
 10
60.66473396998634
 20
525.5
 10
61.88847203274213
 20
522.5
  0
LWPOLYLINE
  5
3B6
330
17
100
AcDbEntity
  8
ENGRAVE
100
AcDbPolyline
 90
16
 70
0
 10
60.967598908594795
 20
523.7278308321964
 10
60.80350443383354
 20
524.1622399386084
 10
60.67957025920871
 20
524.4913881309686
 10
60.59579638472031
 20
524.715275409277
 10
60.55218281036833
 20
524.8339017735334
 10
60.52800989085946
 20
524.9054612892223
 10
60.50255798090039
 20
524.9881480218281
 10
60.47582708049111
 20
525.0819619713507
 10
60.44781718963163
 20
525.18690313779
 10
60.43758526602999
 20
525.18690313779
 10
60.406505798090016
 20
525.0382844474761
 10
60.37056616643927
 20
524.8952933151432
 10
60.32976637107774
 20
524.7579297407913
 10
60.284106412005436
 20
524.6261937244202
 10
59.948499317871736
 20
523.7278308321964
 10
60.967598908594795
 20
523.7278308321964
  0
LWPOLYLINE
  5
3B7
330
17
100
AcDbEntity
  8
ENGRAVE
100
AcDbPolyline
 90
9
 70
0
 10
64.35231923601634
 20
525.143929058663
 10
63.35982264665755
 20
525.143929058663
 10
63.35982264665755
 20
522.5
 10
62.9607776261937
 20
522.5
 10
62.9607776261937
 20
525.143929058663
 10
61.97646657571621
 20
525.143929058663
 10
61.97646657571621
 20
525.5
 10
64.35231923601634
 20
525.5
 10
64.35231923601634
 20
525.143929058663
  0
LWPOLYLINE
  5
3B8
330
17
100
AcDbEntity
  8
ENGRAVE
100
AcDbPolyline
 90
53
 70
0
 10
67.42394270122782
 20
522.5
 10
66.92462482946792
 20
522.5
 10
66.72177694406547
 20
522.8198755115961
 10
66.5613915416098
 20
523.0714529331515
 10
66.44346862210094
 20
523.2547322646658
 10
66.36800818553886
 20
523.3697135061392
 10
66.31307554570257
 20
523.4476679740791
 10
66.25673601637106
 20
523.5198669849932
 10
66.19898959754433
 20
523.5863105388813
 10
66.13983628922236
 20
523.6469986357436
 10
66.08087482946792
 20
523.6995011937245
 10
66.02370395634378
 20
523.7413881309686
 10
65.96832366984991
 20
523.7726594474761
 10
65.91473396998634
 20
523.7933151432469
 10
65.85775494542972
 20
523.8067445429741
 10
65.79220668485674
 20
523.8163369713507
 10
65.71808918826738
 20
523.8220924283765
 10
65.63540245566165
 20
523.8240109140519
 10
65.1770122783083
 20
523.8240109140519
 10
65.1770122783083
 20
522.5
 10
64.78001364256478
 20
522.5
 10
64.78001364256478
 20
525.5
 10
66.10811732605728
 20
525.5
 10
66.23870225102317
 20
525.4978257162346
 10
66.35828785811731
 20
525.4913028649386
 10
66.46687414733968
 20
525.4804314461119
 10
66.56446111869029
 20
525.4652114597544
 10
66.65373465211458
 20
525.4430209754433
 10
66.73738062755795
 20
525.4112380627557
 10
66.81539904502044
 20
525.3698627216917
 10
66.88778990450203
 20
525.3188949522511
 10
66.95333816507501
 20
525.2594858458391
 10
67.01082878581171
 20
525.1927864938609
 10
67.06026176671212
 20
525.1187968963166
 10
67.10163710777624
 20
525.037517053206
 10
67.13431531377897
 20
524.9514409959072
 10
67.1576568894952
 20
524.8630627557981
 10
67.17166183492495
 20
524.7723823328786
 10
67.1763301500682
 20
524.6793997271487
 10
67.16290075034105
 20
524.5178632332878
 10
67.12261255115959
 20
524.3729536152797
 10
67.05546555252386
 20
524.2446708731242
 10
66.9614597544338
 20
524.1330150068213
 10
66.84174624829465
 20
524.0391371077762
 10
66.69747612551157
 20
523.9641882673943
 10
66.52864938608457
 20
523.9081684856753
 10
66.33526603001363
 20
523.8710777626194
 10
66.33526603001363
 20
523.8628922237381
 10
66.48337312414732
 20
523.7788625511596
 10
66.62687585266028
 20
523.6597885402456
 10
66.7657742155525
 20
523.5056701909959
 10
66.90006821282398
 20
523.3165075034107
 10
67.42394270122782
 20
522.5
  0
LWPOLYLINE
  5
3B9
330
17
100
AcDbEntity
  8
ENGRAVE
100
AcDbPolyline
 90
24
 70
0
 10
65.1770122783083
 20
524.1800818553888
 10
66.0283083219645
 20
524.1800818553888
 10
66.15051585948156
 20
524.1828316848568
 10
66.25929399727146
 20
524.1910811732606
 10
66.35464273533421
 20
524.2048303206003
 10
66.43656207366982
 20
524.2240791268758
 10
66.50799369031375
 20
524.2512576739426
 10
66.57187926330147
 20
524.2887960436561
 10
66.62821879263299
 20
524.3366942360163
 10
66.6770122783083
 20
524.3949522510231
 10
66.7164051841746
 20
524.4603086630286
 10
66.74454297407911
 20
524.5295020463847
 10
66.76142564802181
 20
524.6025324010914
 10
66.76705320600271
 20
524.6793997271487
 10
66.75771657571622
 20
524.7778819918144
 10
66.72970668485674
 20
524.868690313779
 10
66.68302353342426
 20
524.9518246930422
 10
66.6176671214188
 20
525.0272851296044
 10
66.53082366984991
 20
525.0899556616644
 10
66.41967939972713
 20
525.1347203274215
 10
66.28423431105045
 20
525.1615791268758
 10
66.1244884038199
 20
525.1705320600273
 10
65.1770122783083
 20
525.1705320600273
 10
65.1770122783083
 20
524.1800818553888
  0
LWPOLYLINE
  5
3BA
330
17
100
AcDbEntity
  8
ENGRAVE
100
AcDbPolyline
 90
5
 70
0
 10
68.25477489768075
 20
522.5
 10
67.8557298772169
 20
522.5
 10
67.8557298772169
 20
525.5
 10
68.25477489768075
 20
525.5
 10
68.25477489768075
 20
522.5
  0
LWPOLYLINE
  5
3BB
330
17
100
AcDbEntity
  8
ENGRAVE
100
AcDbPolyline
 90
32
 70
0
 10
71.40620736698497
 20
522.5
 10
70.9150750341064
 20
522.5
 10
70.31343792633012
 20
523.3512960436562
 10
70.21316507503408
 20
523.4949266712142
 10
70.13335607094132
 20
523.6127216916781
 10
70.07401091405183
 20
523.7046811050477
 10
70.03512960436561
 20
523.7708049113234
 10
70.02694406548429
 20
523.7708049113234
 10
70.01300306957705
 20
523.7428909447476
 10
69.97118008185537
 20
523.6775665075035
 10
69.90147510231921
 20
523.5748315995908
 10
69.8038881309686
 20
523.4346862210095
 10
69.67841916780353
 20
523.2571303717599
 10
69.52506821282398
 20
523.0421640518417
 10
69.34383526602998
 20
522.7897872612551
 10
69.13472032742153
 20
522.5
 10
68.65586630286492
 20
522.5
 10
69.81821282401089
 20
524.0634379263302
 10
68.79092769440652
 20
525.5
 10
69.26364256480215
 20
525.5
 10
69.89597544338334
 20
524.6036834924965
 10
69.94380968622099
 20
524.5339785129604
 10
69.98499317871757
 20
524.4701568894952
 10
70.01952592087311
 20
524.4122186221009
 10
70.04740791268756
 20
524.3601637107777
 10
70.13003069577078
 20
524.4828188949523
 10
70.29809004092766
 20
524.7136766712142
 10
70.55158594815823
 20
525.0527370395635
 10
70.89051841746246
 20
525.5
 10
71.32230559345155
 20
525.5
 10
70.27046384720325
 20
524.0879945429741
 10
71.40620736698497
 20
522.5
  0
LWPOLYLINE
  5
3BC
330
17
100
AcDbEntity
  8
ENGRAVE
100
AcDbPolyline
 90
5
 70
0
 10
74.55150068212822
 20
523.7646657571623
 10
74.1319918144611
 20
523.7646657571623
 10
74.1319918144611
 20
524.1841746248294
 10
74.55150068212822
 20
524.1841746248294
 10
74.55150068212822
 20
523.7646657571623
  0
LWPOLYLINE
  5
3BD
330
17
100
AcDbEntity
  8
ENGRAVE
100
AcDbPolyline
 90
11
 70
0
 10
79.61221009549794
 20
525.143929058663
 10
77.98533424283764
 20
525.143929058663
 10
77.98533424283764
 20
524.2148703956344
 10
79.39529331514323
 20
524.2148703956344
 10
79.39529331514323
 20
523.8587994542974
 10
77.98533424283764
 20
523.8587994542974
 10
77.98533424283764
 20
522.5
 10
77.58833560709412
 20
522.5
 10
77.58833560709412
 20
525.5
 10
79.61221009549794
 20
525.5
 10
79.61221009549794
 20
525.143929058663
  0
LWPOLYLINE
  5
3BE
330
17
100
AcDbEntity
  8
ENGRAVE
100
AcDbPolyline
 90
5
 70
0
 10
80.59652114597543
 20
522.5
 10
80.19747612551159
 20
522.5
 10
80.19747612551159
 20
525.5
 10
80.59652114597543
 20
525.5
 10
80.59652114597543
 20
522.5
  0
LWPOLYLINE
  5
3BF
330
17
100
AcDbEntity
  8
ENGRAVE
100
AcDbPolyline
 90
13
 70
0
 10
83.66814461118689
 20
522.5
 10
83.26091405184172
 20
522.5
 10
81.69338335607094
 20
524.8553888130969
 10
81.68519781718962
 20
524.8553888130969
 10
81.68519781718962
 20
522.5
 10
81.30866302864936
 20
522.5
 10
81.30866302864936
 20
525.5
 10
81.71384720327421
 20
525.5
 10
83.281377899045
 20
523.1446111869031
 10
83.28956343792632
 20
523.1446111869031
 10
83.28956343792632
 20
525.5
 10
83.66814461118689
 20
525.5
 10
83.66814461118689
 20
522.5
  0
LWPOLYLINE
  5
3C0
330
17
100
AcDbEntity
  8
ENGRAVE
100
AcDbPolyline
 90
71
 70
0
 10
86.99556616643929
 20
522.9195088676671
 10
86.70549113233287
 20
522.7135914051842
 10
86.40211459754433
 20
522.5665075034105
 10
86.08543656207365
 20
522.4782571623465
 10
85.75545702592086
 20
522.4488403819918
 10
85.42733202592086
 20
522.4751236357434
 10
85.1325886766712
 20
522.5539733969986
 10
84.87122697817189
 20
522.6853896657572
 10
84.64324693042292
 20
522.8693724420191
 10
84.45836886084584
 20
523.096968792633
 10
84.32631309686221
 20
523.3592257844475
 10
84.24707963847203
 20
523.6561434174625
 10
84.2206684856753
 20
523.9877216916781
 10
84.23147595497953
 20
524.196900579809
 10
84.26389836289222
 20
524.3987892223738
 10
84.31793570941336
 20
524.5933876193724
 10
84.39358799454297
 20
524.7806957708049
 10
84.49027967257844
 20
524.9539989768076
 10
84.60743519781718
 20
525.106582537517
 10
84.7450545702592
 20
525.2384464529331
 10
84.90313778990449
 20
525.3495907230559
 10
85.08085351296043
 20
525.4377771145976
 10
85.27737039563436
 20
525.5007673942702
 10
85.49268843792632
 20
525.5385615620737
 10
85.72680763983628
 20
525.5511596180082
 10
85.96706599590722
 20
525.5372825716236
 10
86.18238403819917
 20
525.4956514324693
 10
86.37276176671213
 20
525.4262662005458
 10
86.5381991814461
 20
525.3291268758527
 10
86.67869628240108
 20
525.2042334583903
 10
86.79425306957707
 20
525.0515859481583
 10
86.88486954297407
 20
524.871184345157
 10
86.95054570259208
 20
524.6630286493861
 10
86.5944747612551
 20
524.56275579809
 10
86.54421043656205
 20
524.7143801159618
 10
86.47731923601636
 20
524.8459242837653
 10
86.393801159618
 20
524.9573883015007
 10
86.29365620736698
 20
525.0487721691678
 10
86.17688437926329
 20
525.1199479877217
 10
86.04348567530694
 20
525.1707878581174
 10
85.89346009549794
 20
525.2012917803547
 10
85.72680763983628
 20
525.2114597544338
 10
85.47228854024556
 20
525.1907401091405
 10
85.25102319236015
 20
525.1285811732605
 10
85.06301159618008
 20
525.024982946794
 10
84.9082537517053
 20
524.8799454297408
 10
84.78738915416098
 20
524.7013983628922
 10
84.70105729877216
 20
524.4972714870396
 10
84.64925818553888
 20
524.2675648021827
 10
84.63199181446112
 20
524.0122783083219
 10
84.64036920190996
 20
523.8201739427012
 10
84.66550136425647
 20
523.6449522510231
 10
84.70738830150069
 20
523.4866132332878
 10
84.76603001364256
 20
523.3451568894952
 10
84.84110675306957
 20
523.2202634720328
 10
84.93229877216916
 20
523.1116132332879
 10
85.03960607094132
 20
523.0192061732606
 10
85.16302864938606
 20
522.9430422919509
 10
85.29738659618006
 20
522.8835052864938
 10
85.43749999999999
 20
522.8409788540246
 10
85.58336886084582
 20
522.8154629945429
 10
85.73499317871759
 20
522.8069577080491
 10
85.96623465211458
 20
522.8262704638472
 10
86.18929058663028
 20
522.8842087312415
 10
86.40416098226464
 20
522.980772510232
 10
86.61084583901771
 20
523.1159618008186
 10
86.61084583901771
 20
523.6725784447476
 10
85.72680763983628
 20
523.6725784447476
 10
85.72680763983628
 20
524.0306957708049
 10
86.99556616643929
 20
524.0306957708049
 10
86.99556616643929
 20
522.9195088676671
  0
LWPOLYLINE
  5
3C1
330
17
100
AcDbEntity
  8
ENGRAVE
100
AcDbPolyline
 90
13
 70
0
 10
89.83594815825373
 20
522.5
 10
87.5951568894952
 20
522.5
 10
87.5951568894952
 20
525.5
 10
89.76637107776261
 20
525.5
 10
89.76637107776261
 20
525.143929058663
 10
87.99215552523873
 20
525.143929058663
 10
87.99215552523873
 20
524.2271487039563
 10
89.65177353342426
 20
524.2271487039563
 10
89.65177353342426
 20
523.8710777626194
 10
87.99215552523873
 20
523.8710777626194
 10
87.99215552523873
 20
522.856070941337
 10
89.83594815825373
 20
522.856070941337
 10
89.83594815825373
 20
522.5
  0
LWPOLYLINE
  5
3C2
330
17
100
AcDbEntity
  8
ENGRAVE
100
AcDbPolyline
 90
53
 70
0
 10
93.03854024556615
 20
522.5
 10
92.53922237380627
 20
522.5
 10
92.3363744884038
 20
522.8198755115961
 10
92.17598908594815
 20
523.0714529331515
 10
92.05806616643927
 20
523.2547322646658
 10
91.9826057298772
 20
523.3697135061392
 10
91.92767309004091
 20
523.4476679740791
 10
91.8713335607094
 20
523.5198669849932
 10
91.81358714188266
 20
523.5863105388813
 10
91.7544338335607
 20
523.6469986357436
 10
91.69547237380627
 20
523.6995011937245
 10
91.63830150068212
 20
523.7413881309686
 10
91.58292121418826
 20
523.7726594474761
 10
91.52933151432468
 20
523.7933151432469
 10
91.47235248976807
 20
523.8067445429741
 10
91.40680422919507
 20
523.8163369713507
 10
91.33268673260571
 20
523.8220924283765
 10
91.24999999999999
 20
523.8240109140519
 10
90.79160982264665
 20
523.8240109140519
 10
90.79160982264665
 20
522.5
 10
90.39461118690312
 20
522.5
 10
90.39461118690312
 20
525.5
 10
91.72271487039562
 20
525.5
 10
91.85329979536151
 20
525.4978257162346
 10
91.97288540245565
 20
525.4913028649386
 10
92.08147169167802
 20
525.4804314461119
 10
92.17905866302863
 20
525.4652114597544
 10
92.26833219645292
 20
525.4430209754433
 10
92.35197817189629
 20
525.4112380627557
 10
92.42999658935878
 20
525.3698627216917
 10
92.50238744884037
 20
525.3188949522511
 10
92.56793570941336
 20
525.2594858458391
 10
92.62542633015006
 20
525.1927864938609
 10
92.67485931105047
 20
525.1187968963166
 10
92.7162346521146
 20
525.037517053206
 10
92.74891285811732
 20
524.9514409959072
 10
92.77225443383355
 20
524.8630627557981
 10
92.78625937926329
 20
524.7723823328786
 10
92.79092769440653
 20
524.6793997271487
 10
92.77749829467939
 20
524.5178632332878
 10
92.73721009549794
 20
524.3729536152797
 10
92.6700630968622
 20
524.2446708731242
 10
92.57605729877216
 20
524.1330150068213
 10
92.456343792633
 20
524.0391371077762
 10
92.31207366984992
 20
523.9641882673943
 10
92.1432469304229
 20
523.9081684856753
 10
91.94986357435197
 20
523.8710777626194
 10
91.94986357435197
 20
523.8628922237381
 10
92.09797066848566
 20
523.7788625511596
 10
92.24147339699863
 20
523.6597885402456
 10
92.38037175989085
 20
523.5056701909959
 10
92.51466575716233
 20
523.3165075034107
 10
93.03854024556615
 20
522.5
  0
LWPOLYLINE
  5
3C3
330
17
100
AcDbEntity
  8
ENGRAVE
100
AcDbPolyline
 90
24
 70
0
 10
90.79160982264665
 20
524.1800818553888
 10
91.64290586630285
 20
524.1800818553888
 10
91.76511340381991
 20
524.1828316848568
 10
91.87389154160981
 20
524.1910811732606
 10
91.96924027967256
 20
524.2048303206003
 10
92.05115961800817
 20
524.2240791268758
 10
92.1225912346521
 20
524.2512576739426
 10
92.18647680763982
 20
524.2887960436561
 10
92.24281633697134
 20
524.3366942360163
 10
92.29160982264665
 20
524.3949522510231
 10
92.33100272851296
 20
524.4603086630286
 10
92.35914051841745
 20
524.5295020463847
 10
92.37602319236015
 20
524.6025324010914
 10
92.38165075034105
 20
524.6793997271487
 10
92.37231412005455
 20
524.7778819918144
 10
92.34430422919507
 20
524.868690313779
 10
92.29762107776261
 20
524.9518246930422
 10
92.23226466575716
 20
525.0272851296044
 10
92.14542121418826
 20
525.0899556616644
 10
92.03427694406548
 20
525.1347203274215
 10
91.8988318553888
 20
525.1615791268758
 10
91.73908594815825
 20
525.1705320600273
 10
90.79160982264665
 20
525.1705320600273
 10
90.79160982264665
 20
524.1800818553888
  0
LWPOLYLINE
  5
3C4
330
17
100
AcDbEntity
  8
ENGRAVE
100
AcDbPolyline
 90
11
 70
0
 10
96.60948158253751
 20
525.143929058663
 10
94.9826057298772
 20
525.143929058663
 10
94.9826057298772
 20
524.2148703956344
 10
96.39256480218279
 20
524.2148703956344
 10
96.39256480218279
 20
523.8587994542974
 10
94.9826057298772
 20
523.8587994542974
 10
94.9826057298772
 20
522.5
 10
94.58560709413368
 20
522.5
 10
94.58560709413368
 20
525.5
 10
96.60948158253751
 20
525.5
 10
96.60948158253751
 20
525.143929058663
  0
LWPOLYLINE
  5
3C5
330
17
100
AcDbEntity
  8
ENGRAVE
100
AcDbPolyline
 90
5
 70
0
 10
97.593792633015
 20
522.5
 10
97.19474761255114
 20
522.5
 10
97.19474761255114
 20
525.5
 10
97.593792633015
 20
525.5
 10
97.593792633015
 20
522.5
  0
LWPOLYLINE
  5
3C6
330
17
100
AcDbEntity
  8
ENGRAVE
100
AcDbPolyline
 90
9
 70
0
 10
100.44236016371076
 20
525.143929058663
 10
99.44986357435197
 20
525.143929058663
 10
99.44986357435197
 20
522.5
 10
99.05081855388812
 20
522.5
 10
99.05081855388812
 20
525.143929058663
 10
98.06650750341063
 20
525.143929058663
 10
98.06650750341063
 20
525.5
 10
100.44236016371076
 20
525.5
 10
100.44236016371076
 20
525.143929058663
  0
LWPOLYLINE
  5
3C7
330
17
100
AcDbEntity
  8
ENGRAVE
100
AcDbPolyline
 90
13
 70
0
 10
103.9150750341064
 20
523.8076398362892
 10
103.0944747612551
 20
523.8076398362892
 10
103.0944747612551
 20
522.987039563438
 10
102.7506821282401
 20
522.987039563438
 10
102.7506821282401
 20
523.8076398362892
 10
101.9300818553888
 20
523.8076398362892
 10
101.9300818553888
 20
524.1514324693043
 10
102.7506821282401
 20
524.1514324693043
 10
102.7506821282401
 20
524.9720327421555
 10
103.0944747612551
 20
524.9720327421555
 10
103.0944747612551
 20
524.1514324693043
 10
103.9150750341064
 20
524.1514324693043
 10
103.9150750341064
 20
523.8076398362892
  0
LWPOLYLINE
  5
3C8
330
17
100
AcDbEntity
  8
ENGRAVE
100
AcDbPolyline
 90
32
 70
0
 10
105.6463165075034
 20
525.5
 10
106.68178717598907
 20
525.5
 10
106.81313949522509
 20
525.4982733628922
 10
106.93502728512959
 20
525.4930934515689
 10
107.04745054570257
 20
525.4844602660299
 10
107.15040927694406
 20
525.4723738062755
 10
107.24754860163709
 20
525.4535726466576
 10
107.3425136425648
 20
525.4247953615279
 10
107.43530439972713
 20
525.3860419508868
 10
107.52592087312414
 20
525.337312414734
 10
107.61263642564802
 20
525.2785428035471
 10
107.69372442019099
 20
525.2096691678036
 10
107.76918485675307
 20
525.1306915075035
 10
107.83901773533424
 20
525.0416098226467
 10
107.90245566166439
 20
524.9439589017736
 10
107.95873124147339
 20
524.8392735334243
 10
108.00784447476124
 20
524.7275537175989
 10
108.04979536152796
 20
524.6087994542974
 10
108.08336886084582
 20
524.4800690654843
 10
108.10734993178716
 20
524.3384208731242
 10
108.12173857435197
 20
524.183854877217
 10
108.12653478854023
 20
524.0163710777626
 10
108.10683833560708
 20
523.6996290927694
 10
108.04774897680763
 20
523.412431787176
 10
107.94926671214186
 20
523.1547791609822
 10
107.81139154160981
 20
522.9266712141882
 10
107.62542633015005
 20
522.7400025579809
 10
107.38267394270122
 20
522.606667803547
 10
107.08313437926329
 20
522.5266669508868
 10
106.72680763983627
 20
522.5
 10
105.6463165075034
 20
522.5
 10
105.6463165075034
 20
525.5
  0
LWPOLYLINE
  5
3C9
330
17
100
AcDbEntity
  8
ENGRAVE
100
AcDbPolyline
 90
40
 70
0
 10
106.04331514324691
 20
522.856070941337
 10
106.68587994542972
 20
522.856070941337
 10
106.78148448158252
 20
522.8576057298772
 10
106.87184515688949
 20
522.862210095498
 10
106.95696197135061
 20
522.8698840381992
 10
107.03683492496589
 20
522.8806275579809
 10
107.11434174624829
 20
522.8981497271487
 10
107.19236016371077
 20
522.9261596180082
 10
107.27089017735334
 20
522.9646572305594
 10
107.34993178717598
 20
523.0136425648022
 10
107.42583987039562
 20
523.0765688949523
 10
107.49496930422917
 20
523.1568894952251
 10
107.55732008867665
 20
523.2546043656207
 10
107.61289222373804
 20
523.3697135061392
 10
107.65855218281035
 20
523.5034959072306
 10
107.69116643929057
 20
523.6572305593452
 10
107.7107349931787
 20
523.830917462483
 10
107.71725784447474
 20
524.024556616644
 10
107.71476381309685
 20
524.1352532401091
 10
107.70728171896315
 20
524.2422407912687
 10
107.69481156207365
 20
524.3455192701227
 10
107.67735334242836
 20
524.4450886766712
 10
107.65318042291949
 20
524.5406292633014
 10
107.62056616643927
 20
524.631821282401
 10
107.57951057298772
 20
524.71866473397
 10
107.5300136425648
 20
524.8011596180082
 10
107.47431360845837
 20
524.8761084583903
 10
107.41464870395633
 20
524.9403137789905
 10
107.35101892905865
 20
524.993775579809
 10
107.28342428376533
 20
525.0364938608459
 10
107.21429484993178
 20
525.0701952592087
 10
107.14606070941335
 20
525.0966064120055
 10
107.07872186221009
 20
525.115727319236
 10
107.01227830832195
 20
525.1275579809004
 10
106.94161408594815
 20
525.1347203274215
 10
106.86161323328784
 20
525.1398362892223
 10
106.77227575034105
 20
525.1429058663028
 10
106.67360163710777
 20
525.143929058663
 10
106.04331514324691
 20
525.143929058663
 10
106.04331514324691
 20
522.856070941337
  0
LWPOLYLINE
  5
3CA
330
17
100
AcDbEntity
  8
ENGRAVE
100
AcDbPolyline
 90
33
 70
0
 10
109.97237380627557
 20
525.5511596180082
 10
110.2731923601637
 20
525.524428717599
 10
110.54536152796724
 20
525.4442360163712
 10
110.7888813096862
 20
525.3105815143248
 10
111.00375170532058
 20
525.1234652114598
 10
111.17922919508867
 20
524.8926074351979
 10
111.30457025920873
 20
524.6277285129605
 10
111.37977489768076
 20
524.3288284447476
 10
111.40484311050477
 20
523.9959072305594
 10
111.37964699863574
 20
523.6640731582538
 10
111.30405866302864
 20
523.3663881309686
 10
111.17807810368348
 20
523.102852148704
 10
111.00170532060025
 20
522.8734652114598
 10
110.78619542974077
 20
522.6876918485675
 10
110.54280354706684
 20
522.5549965893588
 10
110.27152967257844
 20
522.4753794338335
 10
109.97237380627557
 20
522.4488403819918
 10
109.6638813096862
 20
522.4763386766712
 10
109.38710777626193
 20
522.5588335607094
 10
109.14205320600271
 20
522.6963250341064
 10
108.92871759890858
 20
522.8888130968622
 10
108.75592598908594
 20
523.1209498635743
 10
108.63250341064119
 20
523.3773874488404
 10
108.55844986357434
 20
523.6581258526603
 10
108.53376534788539
 20
523.9631650750341
 10
108.55876961118689
 20
524.3129050136425
 10
108.6337824010914
 20
524.6233799454297
 10
108.7588037175989
 20
524.8945898703956
 10
108.9338335607094
 20
525.1265347885402
 10
109.1487679058663
 20
525.3123081514325
 10
109.39350272851294
 20
525.4450034106412
 10
109.66803802864938
 20
525.5246205661665
 10
109.97237380627557
 20
525.5511596180082
  0
LWPOLYLINE
  5
3CB
330
17
100
AcDbEntity
  8
ENGRAVE
100
AcDbPolyline
 90
33
 70
0
 10
109.96828103683492
 20
522.7885402455662
 10
110.1856454638472
 20
522.8084924965893
 10
110.38139495225101
 20
522.868349249659
 10
110.55552950204637
 20
522.9681105047749
 10
110.70804911323327
 20
523.1077762619373
 10
110.83217513642563
 20
523.2829979536153
 10
110.92112892223737
 20
523.4894270122784
 10
110.97491047066848
 20
523.7270634379264
 10
110.99351978171896
 20
523.9959072305594
 10
110.97542206684857
 20
524.2716575716235
 10
110.92112892223737
 20
524.5136425648022
 10
110.83064034788539
 20
524.7218622100955
 10
110.70395634379261
 20
524.8963165075035
 10
110.54990194406547
 20
525.0341916780355
 10
110.37730218281035
 20
525.1326739427012
 10
110.18615706002727
 20
525.1917633015007
 10
109.97646657571622
 20
525.2114597544338
 10
109.7613403819918
 20
525.1921469986357
 10
109.56616643929057
 20
525.1342087312414
 10
109.39094474761254
 20
525.037644952251
 10
109.23567530695769
 20
524.9024556616644
 10
109.10854365620735
 20
524.7273618690314
 10
109.01773533424283
 20
524.5110845839017
 10
108.96325034106411
 20
524.2536238062755
 10
108.9450886766712
 20
523.9549795361528
 10
108.96286664392905
 20
523.7065356412006
 10
109.01620054570259
 20
523.4830320600273
 10
109.1050903819918
 20
523.2844687926331
 10
109.22953615279671
 20
523.1108458390178
 10
109.38237551159617
 20
522.9698371418827
 10
109.55644611186902
 20
522.8691166439291
 10
109.75174795361528
 20
522.808684345157
 10
109.96828103683492
 20
522.7885402455662
  0
LWPOLYLINE
  5
3CC
330
17
100
AcDbEntity
  8
ENGRAVE
100
AcDbPolyline
 90
9
 70
0
 10
114.0651432469304
 20
525.143929058663
 10
113.0726466575716
 20
525.143929058663
 10
113.0726466575716
 20
522.5
 10
112.67360163710777
 20
522.5
 10
112.67360163710777
 20
525.143929058663
 10
111.68929058663028
 20
525.143929058663
 10
111.68929058663028
 20
525.5
 10
114.0651432469304
 20
525.5
 10
114.0651432469304
 20
525.143929058663
  0
LWPOLYLINE
  5
3CD
330
17
100
AcDbEntity
  8
ENGRAVE
100
AcDbPolyline
 90
42
 70
0
 10
119.23226466575716
 20
525.5
 10
118.40552523874487
 20
522.5
 10
118.02489768076398
 20
522.5
 10
117.37005457025921
 20
524.8635743519782
 10
117.34677694406548
 20
524.9491388130969
 10
117.32810368349249
 20
525.0237039563438
 10
117.31403478854024
 20
525.087269781719
 10
117.30457025920873
 20
525.1398362892223
 10
117.29638472032741
 20
525.1398362892223
 10
117.21248294679398
 20
524.7837653478854
 10
116.57401091405183
 20
522.5
 10
116.17291950886766
 20
522.5
 10
115.37278308321964
 20
525.5
 10
115.77796725784447
 20
525.5
 10
116.24045020463848
 20
523.531377899045
 10
116.28227319236017
 20
523.3507844474761
 10
116.31565484311051
 20
523.1957708049113
 10
116.34059515688949
 20
523.0663369713507
 10
116.35709413369713
 20
522.962482946794
 10
116.35888472032742
 20
522.9459839699864
 10
116.36016371077763
 20
522.9333219645293
 10
116.36093110504775
 20
522.924496930423
 10
116.36118690313779
 20
522.9195088676671
 10
116.36937244201908
 20
522.9195088676671
 10
116.40812585266029
 20
523.100102319236
 10
116.44253069577078
 20
523.2530695770805
 10
116.47258697135061
 20
523.3784106412005
 10
116.49829467939972
 20
523.4761255115961
 10
117.06923601637106
 20
525.5
 10
117.55218281036835
 20
525.5
 10
117.97783083219645
 20
523.9836289222374
 10
118.05214017735334
 20
523.7053206002728
 10
118.11545020463846
 20
523.4351978171896
 10
118.16776091405184
 20
523.1732605729877
 10
118.20907230559345
 20
522.9195088676671
 10
118.21725784447474
 20
522.9195088676671
 10
118.24232605729875
 20
523.0516285811733
 10
118.2745566166439
 20
523.2044679399727
 10
118.31394952251021
 20
523.3780269440655
 10
118.36050477489766
 20
523.5723055934516
 10
118.8332196452933
 20
525.5
 10
119.23226466575716
 20
525.5
  0
LWPOLYLINE
  5
3CE
330
17
100
AcDbEntity
  8
ENGRAVE
100
AcDbPolyline
 90
13
 70
0
 10
121.84959072305594
 20
522.5
 10
119.60879945429741
 20
522.5
 10
119.60879945429741
 20
525.5
 10
121.7800136425648
 20
525.5
 10
121.7800136425648
 20
525.143929058663
 10
120.00579809004091
 20
525.143929058663
 10
120.00579809004091
 20
524.2271487039563
 10
121.66541609822647
 20
524.2271487039563
 10
121.66541609822647
 20
523.8710777626194
 10
120.00579809004091
 20
523.8710777626194
 10
120.00579809004091
 20
522.856070941337
 10
121.84959072305594
 20
522.856070941337
 10
121.84959072305594
 20
522.5
  0
LWPOLYLINE
  5
3CF
330
17
100
AcDbEntity
  8
ENGRAVE
100
AcDbPolyline
 90
40
 70
0
 10
124.08833560709414
 20
524.0961800818554
 10
124.2206471691678
 20
524.046491302865
 10
124.33518076398363
 20
523.9833731241473
 10
124.43193639154161
 20
523.9068255457025
 10
124.51091405184175
 20
523.8168485675307
 10
124.57224164392906
 20
523.7165117667122
 10
124.61604706684855
 20
523.6088847203274
 10
124.64233032060027
 20
523.4939674283765
 10
124.65109140518416
 20
523.3717598908595
 10
124.64316166439289
 20
523.2484652114598
 10
124.61937244201908
 20
523.1302864938608
 10
124.57972373806274
 20
523.0172237380627
 10
124.52421555252386
 20
522.9092769440655
 10
124.45412687585265
 20
522.8108586289222
 10
124.37073669849931
 20
522.7263813096862
 10
124.27404502046384
 20
522.6558449863575
 10
124.16405184174624
 20
522.5992496589358
 10
124.03704809004091
 20
522.5558279331514
 10
123.88932469304228
 20
522.524812414734
 10
123.72088165075033
 20
522.5062031036834
 10
123.53171896316508
 20
522.5
 10
122.3836971350614
 20
522.5
 10
122.3836971350614
 20
525.5
 10
123.50920873124147
 20
525.5
 10
123.76225699181445
 20
525.4851637107777
 10
123.97501705320599
 20
525.4406548431105
 10
124.14748891541609
 20
525.3664733969987
 10
124.27967257844475
 20
525.262619372442
 10
124.37770719645292
 20
525.1406036834925
 10
124.44773192360162
 20
525.0119372442019
 10
124.48974675989083
 20
524.8766200545703
 10
124.50375170532058
 20
524.7346521145976
 10
124.49729280354705
 20
524.6382801841746
 10
124.47791609822644
 20
524.5456173260573
 10
124.4456215893588
 20
524.4566635402456
 10
124.40040927694406
 20
524.3714188267394
 10
124.34215126193723
 20
524.2916737721691
 10
124.2707196452933
 20
524.2192189631651
 10
124.18611442701227
 20
524.1540543997272
 10
124.08833560709414
 20
524.0961800818554
  0
LWPOLYLINE
  5
3D0
330
17
100
AcDbEntity
  8
ENGRAVE
100
AcDbPolyline
 90
28
 70
0
 10
122.7806957708049
 20
524.243519781719
 10
123.43144611186904
 20
524.243519781719
 10
123.52769014324693
 20
524.2449266712142
 10
123.61587653478854
 20
524.2491473396999
 10
123.69600528649386
 20
524.2561817871759
 10
123.7680763983629
 20
524.2660300136425
 10
123.83413625511596
 20
524.2818894952251
 10
123.8962312414734
 20
524.3069577080491
 10
123.9543613574352
 20
524.3412346521146
 10
124.00852660300137
 20
524.3847203274215
 10
124.05418656207367
 20
524.4394611186902
 10
124.08680081855388
 20
524.5075034106412
 10
124.106369372442
 20
524.5888472032742
 10
124.11289222373804
 20
524.6834924965893
 10
124.10630542291949
 20
524.7829340040928
 10
124.08654502046383
 20
524.8684345156889
 10
124.05361101637106
 20
524.9399940313779
 10
124.00750341064119
 20
524.9976125511596
 10
123.95225102319236
 20
525.0433364597544
 10
123.89188267394269
 20
525.0792121418826
 10
123.82639836289222
 20
525.1052395975444
 10
123.75579809004091
 20
525.1214188267394
 10
123.67745992496589
 20
525.131267053206
 10
123.58876193724419
 20
525.1383015006821
 10
123.48970412687585
 20
525.1425221691678
 10
123.38028649386084
 20
525.143929058663
 10
122.7806957708049
 20
525.143929058663
 10
122.7806957708049
 20
524.243519781719
  0
LWPOLYLINE
  5
3D1
330
17
100
AcDbEntity
  8
ENGRAVE
100
AcDbPolyline
 90
20
 70
0
 10
122.7806957708049
 20
522.856070941337
 10
123.52762619372442
 20
522.856070941337
 10
123.71282401091405
 20
522.8646401773533
 10
123.86732605729875
 20
522.8903478854024
 10
123.99113233287858
 20
522.9331940654843
 10
124.08424283765348
 20
522.9931787175989
 10
124.15228512960437
 20
523.0682554570259
 10
124.20088676671213
 20
523.156377899045
 10
124.2300477489768
 20
523.2575460436562
 10
124.23976807639835
 20
523.3717598908595
 10
124.22940825375169
 20
523.4868050818554
 10
124.19832878581173
 20
523.5884208731242
 10
124.14652967257842
 20
523.6766072646658
 10
124.07401091405183
 20
523.7513642564802
 10
123.9745054570259
 20
523.8109012619373
 10
123.84174624829467
 20
523.8534276944066
 10
123.6757332878581
 20
523.8789435538881
 10
123.47646657571622
 20
523.887448840382
 10
122.7806957708049
 20
523.887448840382
 10
122.7806957708049
 20
522.856070941337
  0
LWPOLYLINE
  5
3D2
330
17
100
AcDbEntity
  8
ENGRAVE
100
AcDbPolyline
 90
5
 70
0
 10
127.9887448840382
 20
523.7646657571623
 10
127.5692360163711
 20
523.7646657571623
 10
127.5692360163711
 20
524.1841746248294
 10
127.9887448840382
 20
524.1841746248294
 10
127.9887448840382
 20
523.7646657571623
  0
LWPOLYLINE
  5
3D3
330
17
100
AcDbEntity
  8
ENGRAVE
100
AcDbPolyline
 90
73
 70
0
 10
133.9130286493861
 20
522.5
 10
133.54467939972716
 20
522.5
 10
133.54467939972716
 20
523.8710777626194
 10
133.54340040927696
 20
523.9440441678036
 10
133.53956343792635
 20
524.0115109140518
 10
133.5331684856753
 20
524.0734780013643
 10
133.52421555252388
 20
524.1299454297408
 10
133.5099548090041
 20
524.1821282401091
 10
133.48763642564802
 20
524.231241473397
 10
133.4572604024557
 20
524.2772851296044
 10
133.41882673942703
 20
524.3202592087313
 10
133.37041695088678
 20
524.3565185879945
 10
133.31011255115965
 20
524.3824181446112
 10
133.2379135402456
 20
524.3979578785811
 10
133.15381991814462
 20
524.4031377899045
 10
133.04907060027287
 20
524.393673260573
 10
132.95173942701228
 20
524.3652796725785
 10
132.86182639836292
 20
524.3179570259209
 10
132.77933151432472
 20
524.2517053206003
 10
132.71039392905868
 20
524.1642223738063
 10
132.6611527967258
 20
524.0532060027285
 10
132.63160811732607
 20
523.918656207367
 10
132.6217598908595
 20
523.7605729877217
 10
132.6217598908595
 20
522.5
 10
132.25341064120056
 20
522.5
 10
132.25341064120056
 20
523.9120054570259
 10
132.24720753751706
 20
524.0420787858117
 10
132.2285982264666
 20
524.149897680764
 10
132.1975827080491
 20
524.2354621418826
 10
132.15416098226467
 20
524.2987721691678
 10
132.0993562414734
 20
524.3444321282401
 10
132.03419167803548
 20
524.3770463847203
 10
131.95866729195092
 20
524.3966149386084
 10
131.87278308321967
 20
524.4031377899045
 10
131.75940057980904
 20
524.3929058663028
 10
131.65663369713508
 20
524.3622100954979
 10
131.56448243519782
 20
524.3110504774897
 10
131.4829467939973
 20
524.2394270122783
 10
131.4162474420191
 20
524.1397936562073
 10
131.36860504774899
 20
524.0046043656207
 10
131.34001961118693
 20
523.8338591405184
 10
131.3304911323329
 20
523.6275579809004
 10
131.3304911323329
 20
522.5
 10
130.96214188267396
 20
522.5
 10
130.96214188267396
 20
524.6712141882674
 10
131.293656207367
 20
524.6712141882674
 10
131.293656207367
 20
524.368349249659
 10
131.3018417462483
 20
524.368349249659
 10
131.42526432469305
 20
524.5223396998636
 10
131.57452251023193
 20
524.6323328785811
 10
131.74961630286495
 20
524.6983287858117
 10
131.9505457025921
 20
524.7203274215552
 10
132.06495139836292
 20
524.7143801159618
 10
132.168741473397
 20
524.6965381991814
 10
132.26191592769442
 20
524.6668016712142
 10
132.34447476125513
 20
524.62517053206
 10
132.41641797407914
 20
524.571644781719
 10
132.47774556616645
 20
524.506224420191
 10
132.52845753751708
 20
524.4289094474761
 10
132.568553888131
 20
524.3396998635743
 10
132.70092939972716
 20
524.506224420191
 10
132.85658253751706
 20
524.62517053206
 10
133.03551330150069
 20
524.6965381991814
 10
133.23772169167805
 20
524.7203274215552
 10
133.39599675989086
 20
524.7089444065484
 10
133.53316848567533
 20
524.6747953615279
 10
133.6492368690314
 20
524.6178802864938
 10
133.7442019099591
 20
524.5381991814461
 10
133.8180636084584
 20
524.4357520463847
 10
133.87082196452934
 20
524.3105388813096
 10
133.9024769781719
 20
524.162559686221
 10
133.9130286493861
 20
523.9918144611187
 10
133.9130286493861
 20
522.5
  0
LWPOLYLINE
  5
3D4
330
17
100
AcDbEntity
  8
ENGRAVE
100
AcDbPolyline
 90
73
 70
0
 10
137.40416098226467
 20
522.5
 10
137.03581173260574
 20
522.5
 10
137.03581173260574
 20
523.8710777626194
 10
137.03453274215553
 20
523.9440441678036
 10
137.03069577080493
 20
524.0115109140518
 10
137.02430081855388
 20
524.0734780013643
 10
137.01534788540246
 20
524.1299454297408
 10
137.0010871418827
 20
524.1821282401091
 10
136.9787687585266
 20
524.231241473397
 10
136.94839273533427
 20
524.2772851296044
 10
136.9099590723056
 20
524.3202592087313
 10
136.86154928376536
 20
524.3565185879945
 10
136.80124488403823
 20
524.3824181446112
 10
136.72904587312416
 20
524.3979578785811
 10
136.6449522510232
 20
524.4031377899045
 10
136.54020293315145
 20
524.393673260573
 10
136.44287175989086
 20
524.3652796725785
 10
136.3529587312415
 20
524.3179570259209
 10
136.2704638472033
 20
524.2517053206003
 10
136.20152626193726
 20
524.1642223738063
 10
136.15228512960437
 20
524.0532060027285
 10
136.12274045020465
 20
523.918656207367
 10
136.11289222373807
 20
523.7605729877217
 10
136.11289222373807
 20
522.5
 10
135.74454297407914
 20
522.5
 10
135.74454297407914
 20
523.9120054570259
 10
135.73833987039563
 20
524.0420787858117
 10
135.71973055934518
 20
524.149897680764
 10
135.6887150409277
 20
524.2354621418826
 10
135.64529331514325
 20
524.2987721691678
 10
135.59048857435198
 20
524.3444321282401
 10
135.52532401091406
 20
524.3770463847203
 10
135.4497996248295
 20
524.3966149386084
 10
135.36391541609825
 20
524.4031377899045
 10
135.25053291268762
 20
524.3929058663028
 10
135.14776603001366
 20
524.3622100954979
 10
135.0556147680764
 20
524.3110504774897
 10
134.97407912687586
 20
524.2394270122783
 10
134.9073797748977
 20
524.1397936562073
 10
134.85973738062756
 20
524.0046043656207
 10
134.8311519440655
 20
523.8338591405184
 10
134.82162346521147
 20
523.6275579809004
 10
134.82162346521147
 20
522.5
 10
134.45327421555254
 20
522.5
 10
134.45327421555254
 20
524.6712141882674
 10
134.7847885402456
 20
524.6712141882674
 10
134.7847885402456
 20
524.368349249659
 10
134.79297407912688
 20
524.368349249659
 10
134.91639665757162
 20
524.5223396998636
 10
135.0656548431105
 20
524.6323328785811
 10
135.24074863574353
 20
524.6983287858117
 10
135.4416780354707
 20
524.7203274215552
 10
135.5560837312415
 20
524.7143801159618
 10
135.65987380627558
 20
524.6965381991814
 10
135.753048260573
 20
524.6668016712142
 10
135.8356070941337
 20
524.62517053206
 10
135.90755030695772
 20
524.571644781719
 10
135.96887789904503
 20
524.506224420191
 10
136.01958987039566
 20
524.4289094474761
 10
136.05968622100957
 20
524.3396998635743
 10
136.19206173260574
 20
524.506224420191
 10
136.34771487039563
 20
524.62517053206
 10
136.52664563437926
 20
524.6965381991814
 10
136.72885402455663
 20
524.7203274215552
 10
136.88712909276944
 20
524.7089444065484
 10
137.0243008185539
 20
524.6747953615279
 10
137.14036920190998
 20
524.6178802864938
 10
137.23533424283767
 20
524.5381991814461
 10
137.30919594133698
 20
524.4357520463847
 10
137.36195429740792
 20
524.3105388813096
 10
137.39360931105048
 20
524.162559686221
 10
137.40416098226467
 20
523.9918144611187
 10
137.40416098226467
 20
522.5
  0
ENDSEC
  0
SECTION
  2
OBJECTS
  0
DICTIONARY
  5
A
330
0
100
AcDbDictionary
281
1
  3
ACAD_COLOR
350
B
  3
ACAD_GROUP
350
C
  3
ACAD_LAYOUT
350
D
  3
ACAD_MATERIAL
350
E
  3
ACAD_MLEADERSTYLE
350
F
  3
ACAD_MLINESTYLE
350
10
  3
ACAD_PLOTSETTINGS
350
11
  3
ACAD_PLOTSTYLENAME
350
12
  3
ACAD_SCALELIST
350
14
  3
ACAD_TABLESTYLE
350
15
  3
ACAD_VISUALSTYLE
350
16
  3
EZDXF_META
350
2D
  0
DICTIONARY
  5
B
330
A
100
AcDbDictionary
281
1
  0
DICTIONARY
  5
C
330
A
100
AcDbDictionary
281
1
  0
DICTIONARY
  5
D
330
A
100
AcDbDictionary
281
1
  3
Model
350
1A
  3
Layout1
350
1E
  0
DICTIONARY
  5
E
330
A
100
AcDbDictionary
281
1
  3
ByBlock
350
1F
  3
ByLayer
350
20
  3
Global
350
21
  0
DICTIONARY
  5
F
330
A
100
AcDbDictionary
281
1
  3
Standard
350
2C
  0
DICTIONARY
  5
10
330
A
100
AcDbDictionary
281
1
  3
Standard
350
22
  0
DICTIONARY
  5
11
330
A
100
AcDbDictionary
281
1
  0
ACDBDICTIONARYWDFLT
  5
12
330
A
100
AcDbDictionary
281
1
  3
Normal
350
13
100
AcDbDictionaryWithDefault
340
13
  0
ACDBPLACEHOLDER
  5
13
330
12
  0
DICTIONARY
  5
14
330
A
100
AcDbDictionary
281
1
  0
DICTIONARY
  5
15
330
A
100
AcDbDictionary
281
1
  0
DICTIONARY
  5
16
330
A
100
AcDbDictionary
281
1
  3
2dWireframe
350
5A
  3
Basic
350
5B
  3
Brighten
350
5C
  3
ColorChange
350
5D
  3
Conceptual
350
5E
  3
Dim
350
5F
  3
EdgeColorOff
350
60
  3
Facepattern
350
61
  3
Flat
350
62
  3
FlatWithEdges
350
63
  3
Gouraud
350
64
  3
GouraudWithEdges
350
65
  3
Hidden
350
66
  3
JitterOff
350
67
  3
Linepattern
350
68
  3
Modeling
350
69
  3
OverhangOff
350
6A
  3
Realistic
350
6B
  3
Shaded
350
6C
  3
Shaded with edges
350
6D
  3
Shades of Gray
350
6E
  3
Sketchy
350
6F
  3
Thicken
350
70
  3
Wireframe
350
71
  3
X-Ray
350
72
  0
LAYOUT
  5
1A
330
D
100
AcDbPlotSettings
  1

  4
A3
  6

 40
7.5
 41
20.0
 42
7.5
 43
20.0
 44
420.0
 45
297.0
 46
0.0
 47
0.0
 48
0.0
 49
0.0
140
0.0
141
0.0
142
1.0
143
1.0
 70
1024
 72
1
 73
0
 74
5
  7

 75
16
 76
0
 77
2
 78
300
147
1.0
148
0.0
149
0.0
100
AcDbLayout
  1
Model
 70
1
 71
0
 10
0.0
 20
0.0
 11
420.0
 21
297.0
 12
0.0
 22
0.0
 32
0.0
 14
1e+20
 24
1e+20
 34
1e+20
 15
-1e+20
 25
-1e+20
 35
-1e+20
146
0.0
 13
0.0
 23
0.0
 33
0.0
 16
1.0
 26
0.0
 36
0.0
 17
0.0
 27
1.0
 37
0.0
 76
1
330
17
  0
LAYOUT
  5
1E
330
D
100
AcDbPlotSettings
  1

  4
A3
  6

 40
7.5
 41
20.0
 42
7.5
 43
20.0
 44
420.0
 45
297.0
 46
0.0
 47
0.0
 48
0.0
 49
0.0
140
0.0
141
0.0
142
1.0
143
1.0
 70
0
 72
1
 73
0
 74
5
  7

 75
16
 76
0
 77
2
 78
300
147
1.0
148
0.0
149
0.0
100
AcDbLayout
  1
Layout1
 70
1
 71
1
 10
0.0
 20
0.0
 11
420.0
 21
297.0
 12
0.0
 22
0.0
 32
0.0
 14
1e+20
 24
1e+20
 34
1e+20
 15
-1e+20
 25
-1e+20
 35
-1e+20
146
0.0
 13
0.0
 23
0.0
 33
0.0
 16
1.0
 26
0.0
 36
0.0
 17
0.0
 27
1.0
 37
0.0
 76
1
330
1B
  0
MATERIAL
  5
1F
102
{ACAD_REACTORS
330
E
102
}
330
E
100
AcDbMaterial
  1
ByBlock
  2

 70
0
 40
1.0
 71
1
 41
1.0
 91
-1023410177
 42
1.0
 72
1
  3

 73
1
 74
1
 75
1
 44
0.5
 73
0
 45
1.0
 46
1.0
 77
1
  4

 78
1
 79
1
170
1
 48
1.0
171
1
  6

172
1
173
1
174
1
140
1.0
141
1.0
175
1
  7

176
1
177
1
178
1
143
1.0
179
1
  8

270
1
271
1
272
1
145
1.0
146
1.0
273
1
  9

274
1
275
1
276
1
 42
1.0
 72
1
  3

 73
1
 74
1
 75
1
 94
63
  0
MATERIAL
  5
20
102
{ACAD_REACTORS
330
E
102
}
330
E
100
AcDbMaterial
  1
ByLayer
  2

 70
0
 40
1.0
 71
1
 41
1.0
 91
-1023410177
 42
1.0
 72
1
  3

 73
1
 74
1
 75
1
 44
0.5
 73
0
 45
1.0
 46
1.0
 77
1
  4

 78
1
 79
1
170
1
 48
1.0
171
1
  6

172
1
173
1
174
1
140
1.0
141
1.0
175
1
  7

176
1
177
1
178
1
143
1.0
179
1
  8

270
1
271
1
272
1
145
1.0
146
1.0
273
1
  9

274
1
275
1
276
1
 42
1.0
 72
1
  3

 73
1
 74
1
 75
1
 94
63
  0
MATERIAL
  5
21
102
{ACAD_REACTORS
330
E
102
}
330
E
100
AcDbMaterial
  1
Global
  2

 70
0
 40
1.0
 71
1
 41
1.0
 91
-1023410177
 42
1.0
 72
1
  3

 73
1
 74
1
 75
1
 44
0.5
 73
0
 45
1.0
 46
1.0
 77
1
  4

 78
1
 79
1
170
1
 48
1.0
171
1
  6

172
1
173
1
174
1
140
1.0
141
1.0
175
1
  7

176
1
177
1
178
1
143
1.0
179
1
  8

270
1
271
1
272
1
145
1.0
146
1.0
273
1
  9

274
1
275
1
276
1
 42
1.0
 72
1
  3

 73
1
 74
1
 75
1
 94
63
  0
MLINESTYLE
  5
22
102
{ACAD_REACTORS
330
10
102
}
330
10
100
AcDbMlineStyle
  2
Standard
 70
0
  3

 62
256
 51
90.0
 52
90.0
 71
2
 49
0.5
 62
256
  6
BYLAYER
 49
-0.5
 62
256
  6
BYLAYER
  0
MLEADERSTYLE
  5
2C
102
{ACAD_REACTORS
330
F
102
}
330
F
100
AcDbMLeaderStyle
179
2
170
2
171
1
172
0
 90
2
 40
0.0
 41
0.0
173
1
 91
-1056964608
 92
-2
290
1
 42
2.0
291
1
 43
8.0
  3
Standard
 44
4.0
300

342
29
174
1
175
1
176
0
178
1
 93
-1056964608
 45
4.0
292
0
297
0
 46
4.0
 94
-1056964608
 47
1.0
 49
1.0
140
1.0
294
1
141
0.0
177
0
142
1.0
295
0
296
0
143
3.75
271
0
272
9
273
9
  0
DICTIONARY
  5
2D
330
A
100
AcDbDictionary
280
1
281
1
  3
CREATED_BY_EZDXF
350
2E
  3
WRITTEN_BY_EZDXF
350
3D7
  0
DICTIONARYVAR
  5
2E
330
2D
100
DictionaryVariables
280
0
  1
1.4.4 @ 2026-09-27T16:57:00.308232+00:00
  0
VISUALSTYLE
  5
5A
102
{ACAD_REACTORS
330
16
102
}
330
16
100
AcDbVisualStyle
  2
2dWireframe
 70
4
 90
0
 40
0.6
 62
7
290
0
291
0
  0
VISUALSTYLE
  5
5B
102
{ACAD_REACTORS
330
16
102
}
330
16
100
AcDbVisualStyle
  2
Basic
 70
7
 90
1
 40
0.6
 62
7
290
0
291
1
  0
VISUALSTYLE
  5
5C
102
{ACAD_REACTORS
330
16
102
}
330
16
100
AcDbVisualStyle
  2
Brighten
 70
12
 90
2
 40
0.6
 62
7
290
0
291
1
  0
VISUALSTYLE
  5
5D
102
{ACAD_REACTORS
330
16
102
}
330
16
100
AcDbVisualStyle
  2
ColorChange
 70
16
 90
2
 40
0.6
 62
8
290
0
291
1
  0
VISUALSTYLE
  5
5E
102
{ACAD_REACTORS
330
16
102
}
330
16
100
AcDbVisualStyle
  2
Conceptual
 70
9
 90
3
 40
0.6
 62
7
290
0
291
0
  0
VISUALSTYLE
  5
5F
102
{ACAD_REACTORS
330
16
102
}
330
16
100
AcDbVisualStyle
  2
Dim
 70
11
 90
2
 40
0.6
 62
7
290
0
291
1
  0
VISUALSTYLE
  5
60
102
{ACAD_REACTORS
330
16
102
}
330
16
100
AcDbVisualStyle
  2
EdgeColorOff
 70
22
 90
2
 40
0.6
 62
7
290
0
291
1
  0
VISUALSTYLE
  5
61
102
{ACAD_REACTORS
330
16
102
}
330
16
100
AcDbVisualStyle
  2
Facepattern
 70
15
 90
2
 40
0.6
 62
7
290
0
291
1
  0
VISUALSTYLE
  5
62
102
{ACAD_REACTORS
330
16
102
}
330
16
100
AcDbVisualStyle
  2
Flat
 70
0
 90
2
 40
0.6
 62
7
290
0
291
1
  0
VISUALSTYLE
  5
63
102
{ACAD_REACTORS
330
16
102
}
330
16
100
AcDbVisualStyle
  2
FlatWithEdges
 70
1
 90
2
 40
0.6
 62
7
290
0
291
1
  0
VISUALSTYLE
  5
64
102
{ACAD_REACTORS
330
16
102
}
330
16
100
AcDbVisualStyle
  2
Gouraud
 70
2
 90
2
 40
0.6
 62
7
290
0
291
1
  0
VISUALSTYLE
  5
65
102
{ACAD_REACTORS
330
16
102
}
330
16
100
AcDbVisualStyle
  2
GouraudWithEdges
 70
3
 90
2
 40
0.6
 62
7
290
0
291
1
  0
VISUALSTYLE
  5
66
102
{ACAD_REACTORS
330
16
102
}
330
16
100
AcDbVisualStyle
  2
Hidden
 70
6
 90
1
 40
0.6
 62
7
290
0
291
0
  0
VISUALSTYLE
  5
67
102
{ACAD_REACTORS
330
16
102
}
330
16
100
AcDbVisualStyle
  2
JitterOff
 70
20
 90
2
 40
0.6
 62
7
290
0
291
1
  0
VISUALSTYLE
  5
68
102
{ACAD_REACTORS
330
16
102
}
330
16
100
AcDbVisualStyle
  2
Linepattern
 70
14
 90
2
 40
0.6
 62
7
290
0
291
1
  0
VISUALSTYLE
  5
69
102
{ACAD_REACTORS
330
16
102
}
330
16
100
AcDbVisualStyle
  2
Modeling
 70
10
 90
2
 40
0.6
 62
7
290
0
291
0
  0
VISUALSTYLE
  5
6A
102
{ACAD_REACTORS
330
16
102
}
330
16
100
AcDbVisualStyle
  2
OverhangOff
 70
21
 90
2
 40
0.6
 62
7
290
0
291
1
  0
VISUALSTYLE
  5
6B
102
{ACAD_REACTORS
330
16
102
}
330
16
100
AcDbVisualStyle
  2
Realistic
 70
8
 90
2
 40
0.6
 62
7
290
0
291
0
  0
VISUALSTYLE
  5
6C
102
{ACAD_REACTORS
330
16
102
}
330
16
100
AcDbVisualStyle
  2
Shaded
 70
27
 90
2
 40
0.6
 62
7
290
0
291
0
  0
VISUALSTYLE
  5
6D
102
{ACAD_REACTORS
330
16
102
}
330
16
100
AcDbVisualStyle
  2
Shaded with edges
 70
26
 90
2
 40
0.6
 62
7
290
0
291
0
  0
VISUALSTYLE
  5
6E
102
{ACAD_REACTORS
330
16
102
}
330
16
100
AcDbVisualStyle
  2
Shades of Gray
 70
23
 90
2
 40
0.6
 62
7
290
0
291
0
  0
VISUALSTYLE
  5
6F
102
{ACAD_REACTORS
330
16
102
}
330
16
100
AcDbVisualStyle
  2
Sketchy
 70
24
 90
1
 40
0.6
 62
7
290
0
291
0
  0
VISUALSTYLE
  5
70
102
{ACAD_REACTORS
330
16
102
}
330
16
100
AcDbVisualStyle
  2
Thicken
 70
13
 90
2
 40
0.6
 62
7
290
0
291
1
  0
VISUALSTYLE
  5
71
102
{ACAD_REACTORS
330
16
102
}
330
16
100
AcDbVisualStyle
  2
Wireframe
 70
5
 90
0
 40
0.6
 62
7
290
0
291
0
  0
VISUALSTYLE
  5
72
102
{ACAD_REACTORS
330
16
102
}
330
16
100
AcDbVisualStyle
  2
X-Ray
 70
25
 90
2
 40
0.5
 62
7
290
0
291
0
  0
DICTIONARYVAR
  5
3D7
330
2D
100
DictionaryVariables
280
0
  1
1.4.4 @ 2026-09-27T16:57:00.433565+00:00
  0
ENDSEC
  0
EOF
